watch_id,user_id,movie_id,watched_at,minutes_watched,completed,device
W0000001,U00357,M00150,2025-05-19 15:04:16.412298,73,True,TV
W0000002,U00926,M00247,2026-01-06 15:04:16.412316,159,False,Mobile
W0000003,U00329,M00011,2025-07-10 15:04:16.412319,153,True,Mobile
W0000004,U00873,M00290,2025-12-13 15:04:16.412322,125,False,Mobile
W0000005,U00944,M00273,2026-02-10 15:04:16.412324,147,False,Tablet
W0000006,U00808,M00144,2025-06-12 15:04:16.412327,37,False,TV
W0000007,U00877,M00289,2025-10-14 15:04:16.412330,173,True,Mobile
W0000008,U00705,M00066,2025-09-11 15:04:16.412334,141,True,Tablet
W0000009,U00798,M00076,2026-04-13 15:04:16.412338,172,True,TV
W0000010,U00787,M00147,2025-10-20 15:04:16.412341,5,True,Laptop
W0000011,U00359,M00252,2025-07-15 15:04:16.412343,146,True,TV
W0000012,U00844,M00299,2025-07-09 15:04:16.412345,88,False,Laptop
W0000013,U00385,M00137,2026-03-02 15:04:16.412348,7,True,Laptop
W0000014,U00157,M00126,2026-05-01 15:04:16.412350,78,True,Laptop
W0000015,U00037,M00083,2025-07-26 15:04:16.412352,8,True,Tablet
W0000016,U00496,M00251,2025-10-18 15:04:16.412354,62,True,Mobile
W0000017,U00869,M00124,2026-01-08 15:04:16.412356,71,False,Laptop
W0000018,U00309,M00225,2026-02-01 15:04:16.412358,147,False,Laptop
W0000019,U00983,M00001,2026-04-12 15:04:16.412360,112,True,TV
W0000020,U00438,M00008,2026-01-12 15:04:16.412362,147,False,Mobile
W0000021,U00762,M00129,2026-01-22 15:04:16.412364,158,True,Tablet
W0000022,U00158,M00244,2025-06-03 15:04:16.412366,145,True,Mobile
W0000023,U00661,M00011,2025-12-21 15:04:16.412368,53,False,TV
W0000024,U00818,M00016,2025-07-21 15:04:16.412370,49,False,Mobile
W0000025,U00637,M00133,2025-07-05 15:04:16.412372,117,True,Laptop
W0000026,U00523,M00194,2026-04-16 15:04:16.412374,72,False,Laptop
W0000027,U00630,M00030,2026-03-15 15:04:16.412376,75,False,Tablet
W0000028,U00991,M00184,2025-06-01 15:04:16.412378,7,False,Laptop
W0000029,U00160,M00131,2026-01-18 15:04:16.412380,23,True,Laptop
W0000030,U00607,M00094,2025-12-22 15:04:16.412382,33,True,Laptop
W0000031,U00417,M00072,2025-07-03 15:04:16.412384,77,True,Laptop
W0000032,U00400,M00105,2025-07-17 15:04:16.412387,153,False,TV
W0000033,U00552,M00237,2025-09-18 15:04:16.412388,73,True,TV
W0000034,U00424,M00015,2025-09-15 15:04:16.412391,6,False,Tablet
W0000035,U00773,M00042,2026-04-28 15:04:16.412393,85,True,Tablet
W0000036,U00370,M00141,2026-01-03 15:04:16.412395,155,False,TV
W0000037,U00271,M00249,2026-02-02 15:04:16.412397,46,False,Mobile
W0000038,U00268,M00119,2026-03-08 15:04:16.412399,99,True,Mobile
W0000039,U00440,M00128,2025-05-14 15:04:16.412401,7,False,TV
W0000040,U00087,M00196,2025-12-07 15:04:16.412403,33,False,Laptop
W0000041,U00436,M00023,2026-01-28 15:04:16.412405,14,True,Mobile
W0000042,U00708,M00114,2025-05-27 15:04:16.412407,37,False,Tablet
W0000043,U00226,M00196,2026-02-22 15:04:16.412409,66,True,TV
W0000044,U00970,M00008,2025-11-16 15:04:16.412411,92,True,Mobile
W0000045,U00748,M00193,2025-12-16 15:04:16.412413,14,False,Tablet
W0000046,U00695,M00023,2026-04-30 15:04:16.412415,8,False,TV
W0000047,U00288,M00102,2025-06-12 15:04:16.412417,87,True,Tablet
W0000048,U00552,M00203,2025-08-27 15:04:16.412419,44,False,Laptop
W0000049,U00836,M00136,2025-10-06 15:04:16.412420,18,True,Laptop
W0000050,U00392,M00198,2025-09-28 15:04:16.412422,155,False,Tablet
W0000051,U00453,M00147,2026-05-04 15:04:16.412424,118,True,Tablet
W0000052,U00344,M00099,2026-03-05 15:04:16.412426,69,False,Mobile
W0000053,U00910,M00291,2025-11-01 15:04:16.412429,6,False,TV
W0000054,U00471,M00033,2025-08-12 15:04:16.412431,46,True,Laptop
W0000055,U00881,M00204,2025-08-04 15:04:16.412433,22,True,Tablet
W0000056,U00343,M00096,2026-04-09 15:04:16.412435,49,True,Mobile
W0000057,U00371,M00144,2025-12-02 15:04:16.412437,169,False,Mobile
W0000058,U00069,M00065,2025-08-08 15:04:16.412439,76,True,TV
W0000059,U00838,M00132,2025-12-20 15:04:16.412441,126,True,TV
W0000060,U00543,M00176,2026-01-21 15:04:16.412443,148,False,TV
W0000061,U00058,M00201,2025-12-11 15:04:16.412445,34,False,Tablet
W0000062,U00304,M00023,2025-07-10 15:04:16.412447,57,False,Mobile
W0000063,U00701,M00127,2025-12-26 15:04:16.412449,89,False,TV
W0000064,U00907,M00065,2026-01-26 15:04:16.412451,123,False,TV
W0000065,U00213,M00212,2025-05-24 15:04:16.412453,45,False,Laptop
W0000066,U00165,M00013,2025-09-16 15:04:16.412455,127,True,TV
W0000067,U00181,M00275,2025-06-05 15:04:16.412457,145,True,Mobile
W0000068,U00080,M00215,2026-04-23 15:04:16.412459,41,True,TV
W0000069,U00958,M00297,2025-08-16 15:04:16.412462,90,True,Mobile
W0000070,U00578,M00201,2026-02-02 15:04:16.412464,82,True,TV
W0000071,U00188,M00279,2026-02-20 15:04:16.412466,68,False,Laptop
W0000072,U00312,M00099,2025-11-30 15:04:16.412468,119,False,Laptop
W0000073,U00278,M00158,2025-09-15 15:04:16.412470,150,True,Tablet
W0000074,U00244,M00027,2025-12-29 15:04:16.412472,146,True,TV
W0000075,U00415,M00286,2025-07-24 15:04:16.412474,127,True,TV
W0000076,U00996,M00070,2025-11-16 15:04:16.412476,173,True,TV
W0000077,U00669,M00191,2025-05-11 15:04:16.412478,88,False,Tablet
W0000078,U00071,M00142,2025-06-27 15:04:16.412481,49,False,Laptop
W0000079,U00178,M00048,2025-10-14 15:04:16.412483,39,True,Laptop
W0000080,U00430,M00191,2025-07-30 15:04:16.412485,24,True,Mobile
W0000081,U00984,M00007,2025-08-14 15:04:16.412487,118,True,Tablet
W0000082,U00137,M00139,2025-09-27 15:04:16.412489,16,False,Mobile
W0000083,U00938,M00013,2025-10-08 15:04:16.412491,115,True,TV
W0000084,U00171,M00114,2025-10-08 15:04:16.412493,147,False,Tablet
W0000085,U00784,M00034,2025-08-07 15:04:16.412494,124,False,Laptop
W0000086,U00670,M00054,2026-02-20 15:04:16.412497,41,True,Tablet
W0000087,U00408,M00209,2026-01-16 15:04:16.412498,174,False,Mobile
W0000088,U00302,M00234,2025-05-31 15:04:16.412501,180,False,Laptop
W0000089,U00705,M00266,2026-02-09 15:04:16.412503,159,False,Tablet
W0000090,U00102,M00152,2025-05-29 15:04:16.412505,83,True,Tablet
W0000091,U00168,M00287,2026-04-13 15:04:16.412507,160,True,TV
W0000092,U00292,M00054,2026-04-14 15:04:16.412509,44,True,Tablet
W0000093,U00922,M00097,2025-08-11 15:04:16.412511,27,True,TV
W0000094,U00457,M00068,2026-04-27 15:04:16.412513,78,False,Laptop
W0000095,U00876,M00162,2025-05-23 15:04:16.412515,86,True,Tablet
W0000096,U00223,M00272,2025-11-24 15:04:16.412517,88,False,Mobile
W0000097,U00884,M00075,2025-10-10 15:04:16.412519,122,False,TV
W0000098,U00700,M00030,2025-08-06 15:04:16.412520,119,True,TV
W0000099,U00399,M00165,2026-01-06 15:04:16.412522,13,False,Tablet
W0000100,U00191,M00282,2025-05-09 15:04:16.412524,141,True,TV
W0000101,U00769,M00004,2025-11-02 15:04:16.412526,115,True,Tablet
W0000102,U00983,M00294,2026-04-07 15:04:16.412528,108,False,Mobile
W0000103,U00460,M00226,2025-09-22 15:04:16.412530,93,True,Mobile
W0000104,U00520,M00158,2026-04-13 15:04:16.412532,142,True,Tablet
W0000105,U00318,M00231,2026-02-04 15:04:16.412534,169,False,Tablet
W0000106,U00136,M00212,2025-08-18 15:04:16.412537,36,True,TV
W0000107,U00040,M00235,2025-08-18 15:04:16.412539,83,False,Mobile
W0000108,U00515,M00130,2026-02-19 15:04:16.412540,103,False,TV
W0000109,U00797,M00120,2025-07-20 15:04:16.412542,174,True,Laptop
W0000110,U00610,M00085,2026-02-17 15:04:16.412544,93,True,Mobile
W0000111,U00515,M00028,2025-12-09 15:04:16.412546,35,False,Laptop
W0000112,U00022,M00041,2026-04-25 15:04:16.412548,177,False,Mobile
W0000113,U00763,M00202,2026-04-25 15:04:16.412550,83,True,Mobile
W0000114,U00990,M00184,2025-05-22 15:04:16.412552,166,True,TV
W0000115,U00427,M00049,2026-01-03 15:04:16.412555,28,False,Tablet
W0000116,U00746,M00031,2025-06-30 15:04:16.412557,113,True,TV
W0000117,U00056,M00269,2025-07-10 15:04:16.412559,154,True,Laptop
W0000118,U00980,M00140,2025-09-10 15:04:16.412560,117,True,Mobile
W0000119,U00456,M00296,2026-01-01 15:04:16.412562,169,True,TV
W0000120,U00783,M00205,2025-12-05 15:04:16.412564,152,True,TV
W0000121,U00926,M00156,2025-05-22 15:04:16.412566,28,True,Laptop
W0000122,U01000,M00257,2025-05-21 15:04:16.412576,5,False,Mobile
W0000123,U00409,M00252,2025-12-17 15:04:16.412578,71,False,Laptop
W0000124,U00229,M00084,2025-08-18 15:04:16.412580,23,False,Tablet
W0000125,U00868,M00280,2026-03-26 15:04:16.412582,136,True,Mobile
W0000126,U00694,M00077,2025-12-27 15:04:16.412584,20,True,TV
W0000127,U00125,M00056,2025-05-28 15:04:16.412586,35,True,Tablet
W0000128,U00635,M00238,2026-04-07 15:04:16.412589,136,False,Laptop
W0000129,U00718,M00188,2025-12-11 15:04:16.412591,36,False,TV
W0000130,U00549,M00072,2025-07-05 15:04:16.412593,113,True,Mobile
W0000131,U00851,M00119,2025-07-15 15:04:16.412595,50,True,Laptop
W0000132,U00475,M00130,2026-01-28 15:04:16.412597,67,True,Tablet
W0000133,U00263,M00139,2025-05-15 15:04:16.412599,29,False,Mobile
W0000134,U00286,M00216,2026-04-04 15:04:16.412601,119,False,Mobile
W0000135,U00977,M00175,2025-11-05 15:04:16.412603,54,False,Mobile
W0000136,U00031,M00110,2025-11-12 15:04:16.412605,136,False,Laptop
W0000137,U00514,M00187,2025-09-13 15:04:16.412607,56,False,Laptop
W0000138,U00963,M00104,2025-07-06 15:04:16.412609,7,False,Tablet
W0000139,U00261,M00180,2026-01-29 15:04:16.412611,153,True,TV
W0000140,U00409,M00059,2026-03-17 15:04:16.412613,80,True,Tablet
W0000141,U00063,M00194,2025-12-23 15:04:16.412615,5,False,Laptop
W0000142,U00438,M00210,2026-01-19 15:04:16.412617,57,False,TV
W0000143,U00153,M00138,2025-12-04 15:04:16.412619,74,True,TV
W0000144,U00367,M00025,2025-12-29 15:04:16.412621,103,False,Mobile
W0000145,U00822,M00069,2025-10-02 15:04:16.412623,179,False,TV
W0000146,U00536,M00286,2026-02-19 15:04:16.412625,95,True,Tablet
W0000147,U00957,M00055,2025-07-07 15:04:16.412627,87,False,Laptop
W0000148,U00412,M00145,2026-02-04 15:04:16.412628,12,False,Mobile
W0000149,U00881,M00249,2026-03-21 15:04:16.412630,43,True,TV
W0000150,U00719,M00127,2025-06-05 15:04:16.412632,97,True,Tablet
W0000151,U00729,M00102,2025-09-20 15:04:16.412634,67,False,TV
W0000152,U00612,M00089,2025-12-30 15:04:16.412636,54,True,Laptop
W0000153,U00390,M00101,2025-08-18 15:04:16.412638,159,True,Mobile
W0000154,U00956,M00166,2026-02-26 15:04:16.412640,116,True,TV
W0000155,U00152,M00176,2025-09-17 15:04:16.412642,108,False,Mobile
W0000156,U00610,M00015,2025-09-12 15:04:16.412644,38,False,Tablet
W0000157,U00777,M00131,2025-07-20 15:04:16.412646,90,True,Tablet
W0000158,U00808,M00042,2026-04-16 15:04:16.412648,93,False,TV
W0000159,U00415,M00287,2026-02-17 15:04:16.412650,71,True,Mobile
W0000160,U00374,M00057,2026-03-15 15:04:16.412652,11,False,TV
W0000161,U00939,M00023,2025-07-28 15:04:16.412654,115,True,Mobile
W0000162,U00531,M00143,2026-04-30 15:04:16.412656,161,False,Mobile
W0000163,U00412,M00031,2026-03-19 15:04:16.412658,113,False,Mobile
W0000164,U00498,M00066,2026-01-27 15:04:16.412660,169,True,Laptop
W0000165,U00147,M00030,2025-08-06 15:04:16.412662,80,True,TV
W0000166,U00294,M00120,2026-01-29 15:04:16.412664,96,False,TV
W0000167,U00153,M00124,2025-06-02 15:04:16.412665,141,False,Tablet
W0000168,U00532,M00046,2025-10-24 15:04:16.412667,134,False,Tablet
W0000169,U00631,M00291,2026-02-09 15:04:16.412669,178,False,Mobile
W0000170,U00176,M00184,2026-03-31 15:04:16.412671,174,False,Tablet
W0000171,U00390,M00148,2026-02-19 15:04:16.412673,130,True,Laptop
W0000172,U00702,M00239,2025-09-15 15:04:16.412675,47,False,Laptop
W0000173,U00835,M00107,2026-04-21 15:04:16.412677,91,True,Mobile
W0000174,U00590,M00125,2025-07-11 15:04:16.412680,120,False,TV
W0000175,U00601,M00195,2025-05-28 15:04:16.412682,152,True,Laptop
W0000176,U00236,M00170,2025-12-01 15:04:16.412684,88,True,Mobile
W0000177,U00475,M00293,2026-01-05 15:04:16.412686,87,True,Laptop
W0000178,U00429,M00019,2026-02-04 15:04:16.412688,161,False,Laptop
W0000179,U00915,M00122,2026-04-17 15:04:16.412689,16,True,TV
W0000180,U00679,M00066,2026-04-27 15:04:16.412691,161,False,Laptop
W0000181,U00995,M00123,2025-07-20 15:04:16.412693,38,True,TV
W0000182,U00009,M00002,2025-07-05 15:04:16.412696,25,False,Tablet
W0000183,U00724,M00062,2025-07-09 15:04:16.412697,109,False,Mobile
W0000184,U00865,M00089,2025-06-05 15:04:16.412699,19,False,Laptop
W0000185,U00785,M00167,2025-05-19 15:04:16.412701,148,False,Laptop
W0000186,U00082,M00193,2026-05-04 15:04:16.412703,95,True,Laptop
W0000187,U00612,M00056,2025-10-03 15:04:16.412705,86,True,Mobile
W0000188,U00436,M00238,2025-11-17 15:04:16.412707,11,False,Tablet
W0000189,U00361,M00198,2025-09-02 15:04:16.412710,65,False,TV
W0000190,U00015,M00049,2026-02-15 15:04:16.412712,73,False,TV
W0000191,U00440,M00085,2025-05-24 15:04:16.412714,70,True,TV
W0000192,U00015,M00169,2026-01-04 15:04:16.412716,58,True,Mobile
W0000193,U00868,M00296,2025-12-14 15:04:16.412718,170,True,Mobile
W0000194,U00448,M00173,2025-08-26 15:04:16.412720,174,True,Tablet
W0000195,U00688,M00251,2026-04-11 15:04:16.412722,135,True,Tablet
W0000196,U00439,M00130,2025-06-20 15:04:16.412723,44,True,Mobile
W0000197,U00336,M00043,2026-02-14 15:04:16.412725,24,True,Tablet
W0000198,U00288,M00076,2026-02-07 15:04:16.412727,129,False,TV
W0000199,U00507,M00223,2026-04-06 15:04:16.412729,136,True,Tablet
W0000200,U00436,M00141,2025-07-16 15:04:16.412731,99,False,Mobile
W0000201,U00122,M00113,2025-07-24 15:04:16.412733,153,True,Tablet
W0000202,U00344,M00137,2025-10-24 15:04:16.412735,149,False,Laptop
W0000203,U00916,M00097,2025-11-01 15:04:16.412737,24,True,Mobile
W0000204,U00485,M00296,2025-08-19 15:04:16.412739,172,True,Tablet
W0000205,U00538,M00150,2026-03-15 15:04:16.412741,32,True,Laptop
W0000206,U00577,M00244,2025-08-09 15:04:16.412743,142,False,Mobile
W0000207,U00323,M00246,2026-05-09 15:04:16.412745,134,True,Tablet
W0000208,U00688,M00299,2025-10-07 15:04:16.412747,69,False,Mobile
W0000209,U00924,M00178,2026-03-12 15:04:16.412750,111,True,Tablet
W0000210,U00069,M00040,2025-08-27 15:04:16.412751,59,False,TV
W0000211,U00298,M00298,2025-07-30 15:04:16.412754,93,False,Tablet
W0000212,U00757,M00226,2026-03-12 15:04:16.412756,139,False,Laptop
W0000213,U00486,M00178,2025-05-18 15:04:16.412757,127,False,Tablet
W0000214,U00136,M00129,2025-05-12 15:04:16.412759,153,False,Laptop
W0000215,U00870,M00078,2025-05-24 15:04:16.412761,108,True,Tablet
W0000216,U00651,M00178,2026-01-03 15:04:16.412763,94,False,Mobile
W0000217,U00280,M00163,2026-01-29 15:04:16.412765,98,False,Mobile
W0000218,U00700,M00285,2025-05-24 15:04:16.412767,179,False,TV
W0000219,U00653,M00191,2025-05-24 15:04:16.412770,95,True,Laptop
W0000220,U00813,M00271,2026-01-28 15:04:16.412771,112,False,TV
W0000221,U00754,M00135,2025-12-19 15:04:16.412774,175,False,TV
W0000222,U00619,M00273,2025-11-18 15:04:16.412776,101,False,TV
W0000223,U00236,M00222,2025-11-13 15:04:16.412778,69,False,Tablet
W0000224,U00029,M00293,2026-03-25 15:04:16.412780,30,True,Laptop
W0000225,U00212,M00300,2026-01-16 15:04:16.412782,157,False,Mobile
W0000226,U00266,M00009,2025-07-21 15:04:16.412784,161,True,Tablet
W0000227,U00186,M00183,2025-06-05 15:04:16.412786,111,False,Mobile
W0000228,U00046,M00152,2025-06-15 15:04:16.412788,173,True,Mobile
W0000229,U00941,M00137,2025-09-04 15:04:16.412790,169,False,Mobile
W0000230,U00402,M00182,2026-04-30 15:04:16.412792,107,False,Mobile
W0000231,U00872,M00140,2025-09-20 15:04:16.412794,71,True,Mobile
W0000232,U00052,M00290,2025-05-22 15:04:16.412796,72,False,TV
W0000233,U00319,M00116,2025-08-24 15:04:16.412798,156,False,Tablet
W0000234,U00971,M00295,2026-03-17 15:04:16.412800,84,True,Mobile
W0000235,U00052,M00129,2025-07-16 15:04:16.412802,155,True,Tablet
W0000236,U00176,M00054,2025-11-21 15:04:16.412804,174,True,Mobile
W0000237,U00409,M00196,2025-08-23 15:04:16.412806,12,False,Tablet
W0000238,U00139,M00218,2025-11-22 15:04:16.412807,94,True,Laptop
W0000239,U00814,M00032,2026-01-31 15:04:16.412809,63,False,Tablet
W0000240,U00987,M00226,2026-04-17 15:04:16.412811,150,False,Laptop
W0000241,U00040,M00293,2025-07-05 15:04:16.412813,44,False,TV
W0000242,U00067,M00175,2026-03-01 15:04:16.412815,53,False,Mobile
W0000243,U00265,M00233,2025-12-20 15:04:16.412817,111,False,Mobile
W0000244,U00046,M00007,2026-02-03 15:04:16.412819,73,False,Mobile
W0000245,U00520,M00191,2026-01-07 15:04:16.412821,140,False,TV
W0000246,U00939,M00154,2026-01-29 15:04:16.412823,160,False,Mobile
W0000247,U00599,M00042,2025-10-16 15:04:16.412825,73,True,Tablet
W0000248,U00850,M00019,2026-03-16 15:04:16.412827,60,False,Laptop
W0000249,U00492,M00218,2025-10-28 15:04:16.412829,137,False,TV
W0000250,U00125,M00183,2025-09-28 15:04:16.412831,57,False,Tablet
W0000251,U00051,M00065,2026-04-14 15:04:16.412833,134,True,Mobile
W0000252,U00436,M00269,2025-09-30 15:04:16.412835,85,True,Tablet
W0000253,U00561,M00182,2025-08-11 15:04:16.412837,156,False,Mobile
W0000254,U00880,M00102,2025-09-30 15:04:16.412839,38,False,Tablet
W0000255,U00682,M00037,2025-10-25 15:04:16.412841,116,True,TV
W0000256,U00710,M00294,2026-04-04 15:04:16.412843,110,True,Tablet
W0000257,U00669,M00221,2025-10-17 15:04:16.412845,67,True,Laptop
W0000258,U00995,M00281,2025-09-21 15:04:16.412847,137,True,Tablet
W0000259,U00436,M00159,2025-12-12 15:04:16.412849,25,True,TV
W0000260,U00434,M00162,2025-06-17 15:04:16.412850,75,True,Laptop
W0000261,U00978,M00225,2025-12-25 15:04:16.412852,70,False,TV
W0000262,U00316,M00017,2026-02-10 15:04:16.412854,42,True,TV
W0000263,U00655,M00219,2026-03-20 15:04:16.412857,8,True,Tablet
W0000264,U00570,M00109,2026-04-21 15:04:16.412859,94,True,Tablet
W0000265,U00731,M00026,2025-05-13 15:04:16.412861,174,False,Laptop
W0000266,U00373,M00274,2026-02-26 15:04:16.412863,8,True,Mobile
W0000267,U00731,M00226,2026-03-22 15:04:16.412865,37,True,Laptop
W0000268,U00155,M00108,2026-04-05 15:04:16.412866,50,False,Mobile
W0000269,U00719,M00105,2025-06-18 15:04:16.412868,72,True,TV
W0000270,U00872,M00275,2025-05-12 15:04:16.412871,6,False,Laptop
W0000271,U00570,M00103,2026-02-02 15:04:16.412873,21,False,Mobile
W0000272,U00606,M00018,2025-09-14 15:04:16.412875,12,False,Mobile
W0000273,U00801,M00055,2026-03-05 15:04:16.412877,152,True,Tablet
W0000274,U00400,M00259,2025-06-03 15:04:16.412879,138,True,TV
W0000275,U00373,M00227,2026-05-02 15:04:16.412881,123,False,Laptop
W0000276,U00525,M00090,2025-07-03 15:04:16.412883,115,False,Laptop
W0000277,U00769,M00194,2025-09-11 15:04:16.412885,29,False,Tablet
W0000278,U00013,M00091,2025-06-17 15:04:16.412887,140,False,Mobile
W0000279,U00754,M00073,2025-07-30 15:04:16.412889,174,False,Laptop
W0000280,U00449,M00018,2026-01-28 15:04:16.412891,119,True,Laptop
W0000281,U00876,M00100,2026-02-13 15:04:16.412893,58,False,Tablet
W0000282,U00115,M00288,2026-04-20 15:04:16.412895,64,True,TV
W0000283,U00656,M00290,2025-10-02 15:04:16.412897,41,False,TV
W0000284,U00901,M00157,2025-11-01 15:04:16.412899,59,True,Laptop
W0000285,U00701,M00068,2025-12-09 15:04:16.412901,40,True,Laptop
W0000286,U00653,M00201,2025-07-30 15:04:16.412903,178,True,Mobile
W0000287,U00751,M00234,2025-12-28 15:04:16.412905,175,False,TV
W0000288,U00373,M00228,2025-08-30 15:04:16.412907,141,True,Mobile
W0000289,U00710,M00281,2025-09-26 15:04:16.412909,61,True,Mobile
W0000290,U00173,M00274,2026-01-20 15:04:16.412911,113,True,Mobile
W0000291,U00498,M00083,2025-08-27 15:04:16.412913,176,False,TV
W0000292,U00620,M00060,2026-04-26 15:04:16.412915,34,False,Mobile
W0000293,U00375,M00121,2025-05-30 15:04:16.412917,48,True,Tablet
W0000294,U00398,M00003,2026-03-04 15:04:16.412919,95,False,TV
W0000295,U00105,M00164,2026-04-03 15:04:16.412921,98,False,Tablet
W0000296,U00490,M00237,2025-07-10 15:04:16.412922,94,True,TV
W0000297,U00844,M00186,2025-08-15 15:04:16.412924,91,True,Mobile
W0000298,U00282,M00105,2026-04-20 15:04:16.412926,110,True,TV
W0000299,U00268,M00169,2026-05-09 15:04:16.412928,149,True,Tablet
W0000300,U00088,M00142,2025-12-15 15:04:16.412930,88,False,TV
W0000301,U00739,M00237,2025-10-08 15:04:16.412932,178,True,Laptop
W0000302,U00531,M00238,2025-10-05 15:04:16.412934,164,True,TV
W0000303,U00556,M00021,2026-01-03 15:04:16.412936,158,True,TV
W0000304,U00489,M00127,2025-10-02 15:04:16.412938,143,True,Laptop
W0000305,U00130,M00024,2025-10-01 15:04:16.412940,159,False,TV
W0000306,U00071,M00156,2025-11-25 15:04:16.412942,108,True,Laptop
W0000307,U00097,M00226,2026-01-19 15:04:16.412944,42,True,Mobile
W0000308,U00661,M00145,2026-02-24 15:04:16.412946,100,True,Laptop
W0000309,U00723,M00151,2025-07-25 15:04:16.412948,113,False,TV
W0000310,U00959,M00093,2026-03-04 15:04:16.412951,14,False,Mobile
W0000311,U00409,M00265,2025-09-08 15:04:16.412952,170,False,Mobile
W0000312,U00766,M00011,2026-04-13 15:04:16.412954,86,False,Laptop
W0000313,U00145,M00149,2025-06-01 15:04:16.412956,112,True,Mobile
W0000314,U00048,M00174,2026-04-20 15:04:16.412958,70,False,Tablet
W0000315,U00766,M00086,2025-06-29 15:04:16.412960,89,True,Laptop
W0000316,U01000,M00292,2025-08-02 15:04:16.412962,159,False,Laptop
W0000317,U00537,M00282,2025-09-27 15:04:16.412964,40,False,Tablet
W0000318,U00318,M00117,2025-06-15 15:04:16.412966,106,False,Laptop
W0000319,U00254,M00117,2025-10-15 15:04:16.412968,143,False,Tablet
W0000320,U00439,M00200,2025-06-21 15:04:16.412970,86,False,TV
W0000321,U00477,M00115,2025-12-23 15:04:16.412972,160,False,Laptop
W0000322,U00902,M00178,2025-06-10 15:04:16.412974,76,False,Tablet
W0000323,U00124,M00150,2025-06-14 15:04:16.412976,22,False,Tablet
W0000324,U00496,M00224,2025-08-04 15:04:16.412978,8,True,Laptop
W0000325,U00734,M00073,2025-12-18 15:04:16.412979,141,False,Tablet
W0000326,U00079,M00104,2025-07-30 15:04:16.412981,151,False,Tablet
W0000327,U00797,M00216,2026-01-21 15:04:16.412983,11,True,Laptop
W0000328,U00011,M00199,2026-02-14 15:04:16.412985,92,True,Mobile
W0000329,U00550,M00207,2025-10-11 15:04:16.412987,118,True,Laptop
W0000330,U00576,M00238,2026-02-15 15:04:16.412989,82,False,Tablet
W0000331,U00772,M00130,2025-09-30 15:04:16.412991,14,False,TV
W0000332,U00537,M00011,2025-11-04 15:04:16.412993,101,False,Tablet
W0000333,U00787,M00254,2025-07-16 15:04:16.412995,104,True,Laptop
W0000334,U00866,M00263,2025-09-16 15:04:16.412997,63,False,Mobile
W0000335,U00466,M00094,2025-05-13 15:04:16.412999,13,True,Laptop
W0000336,U00421,M00127,2026-04-03 15:04:16.413001,50,True,TV
W0000337,U00576,M00266,2025-06-04 15:04:16.413003,110,False,Laptop
W0000338,U00076,M00164,2025-11-23 15:04:16.413005,80,False,Mobile
W0000339,U00021,M00205,2026-04-04 15:04:16.413007,176,True,TV
W0000340,U00891,M00178,2025-11-03 15:04:16.413009,5,False,Mobile
W0000341,U00744,M00062,2025-08-08 15:04:16.413012,5,True,Tablet
W0000342,U00843,M00174,2026-04-05 15:04:16.413014,20,True,Tablet
W0000343,U00881,M00067,2026-03-04 15:04:16.413016,6,False,Laptop
W0000344,U00769,M00119,2026-01-16 15:04:16.413018,173,False,TV
W0000345,U00417,M00217,2025-06-26 15:04:16.413020,172,True,Tablet
W0000346,U00799,M00280,2025-07-06 15:04:16.413022,29,True,Tablet
W0000347,U00132,M00009,2025-10-13 15:04:16.413024,115,False,Mobile
W0000348,U00098,M00266,2025-11-15 15:04:16.413026,71,True,Tablet
W0000349,U00710,M00298,2026-04-26 15:04:16.413028,71,True,Tablet
W0000350,U00650,M00208,2026-01-27 15:04:16.413029,108,True,TV
W0000351,U00501,M00271,2026-05-04 15:04:16.413031,34,False,Tablet
W0000352,U00431,M00174,2026-01-20 15:04:16.413033,87,False,Laptop
W0000353,U00282,M00115,2026-03-20 15:04:16.413035,61,False,Laptop
W0000354,U00189,M00177,2026-02-15 15:04:16.413037,25,True,Mobile
W0000355,U00161,M00119,2025-06-08 15:04:16.413039,72,False,Tablet
W0000356,U00128,M00174,2026-01-13 15:04:16.413042,177,False,TV
W0000357,U00533,M00276,2025-09-19 15:04:16.413043,155,True,Laptop
W0000358,U00175,M00274,2025-08-10 15:04:16.413045,96,True,TV
W0000359,U00517,M00028,2025-06-20 15:04:16.413047,42,False,TV
W0000360,U00067,M00213,2025-08-31 15:04:16.413049,84,True,Mobile
W0000361,U00515,M00255,2025-07-01 15:04:16.413051,46,True,Mobile
W0000362,U00396,M00156,2026-03-20 15:04:16.413053,172,False,Tablet
W0000363,U00821,M00082,2025-08-28 15:04:16.413055,21,True,Mobile
W0000364,U00802,M00209,2025-08-03 15:04:16.413057,132,False,TV
W0000365,U00713,M00122,2025-08-29 15:04:16.413059,45,True,Tablet
W0000366,U00164,M00052,2025-08-27 15:04:16.413061,81,True,Mobile
W0000367,U00411,M00014,2026-02-13 15:04:16.413063,179,True,Laptop
W0000368,U00187,M00185,2025-05-11 15:04:16.413065,57,False,Tablet
W0000369,U00588,M00229,2025-12-09 15:04:16.413067,148,True,Mobile
W0000370,U01000,M00079,2025-11-02 15:04:16.413069,51,True,Mobile
W0000371,U00729,M00264,2025-09-08 15:04:16.413071,30,False,TV
W0000372,U00490,M00237,2026-04-02 15:04:16.413073,111,False,TV
W0000373,U00481,M00058,2026-01-31 15:04:16.413075,55,True,Laptop
W0000374,U00920,M00140,2025-09-27 15:04:16.413077,76,False,Tablet
W0000375,U00729,M00274,2025-06-30 15:04:16.413079,97,False,Mobile
W0000376,U00271,M00044,2025-08-03 15:04:16.413080,75,True,Tablet
W0000377,U00977,M00150,2025-10-18 15:04:16.413082,142,True,TV
W0000378,U00366,M00028,2025-08-18 15:04:16.413084,118,False,Mobile
W0000379,U00400,M00279,2026-02-15 15:04:16.413086,153,False,TV
W0000380,U00404,M00217,2026-04-20 15:04:16.413088,16,False,Tablet
W0000381,U00022,M00018,2025-08-16 15:04:16.413090,104,False,Mobile
W0000382,U00939,M00215,2025-09-24 15:04:16.413092,174,True,TV
W0000383,U00331,M00262,2025-07-20 15:04:16.413094,30,True,Mobile
W0000384,U00827,M00289,2026-03-23 15:04:16.413096,14,False,Tablet
W0000385,U00591,M00146,2025-12-27 15:04:16.413098,93,False,TV
W0000386,U00292,M00142,2025-09-28 15:04:16.413100,70,False,TV
W0000387,U00915,M00258,2026-04-02 15:04:16.413101,173,True,Tablet
W0000388,U00327,M00025,2026-03-01 15:04:16.413103,175,False,TV
W0000389,U00609,M00038,2025-10-12 15:04:16.413105,86,True,TV
W0000390,U00323,M00111,2026-05-05 15:04:16.413107,161,False,Tablet
W0000391,U00882,M00297,2025-10-20 15:04:16.413109,114,False,TV
W0000392,U00755,M00026,2026-02-20 15:04:16.413111,101,False,Mobile
W0000393,U00408,M00182,2025-10-03 15:04:16.413113,158,True,TV
W0000394,U00406,M00021,2025-08-14 15:04:16.413115,114,False,Laptop
W0000395,U00418,M00234,2025-08-21 15:04:16.413117,92,False,Mobile
W0000396,U00752,M00111,2025-12-21 15:04:16.413119,127,False,Laptop
W0000397,U00639,M00096,2026-04-23 15:04:16.413121,93,True,Tablet
W0000398,U00980,M00194,2025-10-21 15:04:16.413123,126,False,TV
W0000399,U00604,M00243,2025-06-16 15:04:16.413125,178,True,Mobile
W0000400,U00821,M00098,2026-02-01 15:04:16.413127,151,False,Laptop
W0000401,U00800,M00255,2025-11-05 15:04:16.413129,42,True,Tablet
W0000402,U00738,M00240,2026-02-10 15:04:16.413131,102,False,Laptop
W0000403,U00718,M00085,2026-03-31 15:04:16.413133,121,True,Mobile
W0000404,U00495,M00117,2025-08-17 15:04:16.413135,47,False,Tablet
W0000405,U00734,M00078,2026-03-07 15:04:16.413137,42,True,Laptop
W0000406,U00201,M00270,2026-05-02 15:04:16.413139,76,True,Tablet
W0000407,U00110,M00274,2025-06-07 15:04:16.413141,173,True,Laptop
W0000408,U00791,M00046,2026-03-03 15:04:16.413143,59,True,Tablet
W0000409,U00477,M00282,2026-03-11 15:04:16.413145,73,False,TV
W0000410,U00840,M00264,2025-12-13 15:04:16.413147,9,True,Mobile
W0000411,U00019,M00230,2026-05-09 15:04:16.413149,83,True,Tablet
W0000412,U00250,M00173,2025-10-09 15:04:16.413151,21,True,TV
W0000413,U00238,M00252,2025-11-15 15:04:16.413167,140,True,Tablet
W0000414,U00187,M00190,2025-11-02 15:04:16.413170,23,False,Tablet
W0000415,U00262,M00172,2025-11-07 15:04:16.413172,175,True,TV
W0000416,U00082,M00138,2026-02-13 15:04:16.413174,52,True,Mobile
W0000417,U00178,M00001,2025-11-06 15:04:16.413176,20,True,Mobile
W0000418,U00500,M00098,2025-07-31 15:04:16.413178,169,False,Tablet
W0000419,U00501,M00050,2026-02-09 15:04:16.413180,58,True,Mobile
W0000420,U00918,M00049,2025-11-28 15:04:16.413182,28,True,Tablet
W0000421,U00292,M00192,2026-01-17 15:04:16.413184,73,True,Tablet
W0000422,U00413,M00201,2025-06-08 15:04:16.413186,121,False,Tablet
W0000423,U00526,M00078,2026-04-16 15:04:16.413188,85,True,TV
W0000424,U00970,M00229,2026-05-05 15:04:16.413190,29,False,Laptop
W0000425,U00772,M00163,2026-03-26 15:04:16.413191,30,False,Laptop
W0000426,U00916,M00147,2025-06-08 15:04:16.413193,124,True,Mobile
W0000427,U00634,M00295,2025-07-07 15:04:16.413195,56,True,Mobile
W0000428,U00420,M00181,2025-06-04 15:04:16.413197,145,True,Mobile
W0000429,U00659,M00119,2025-10-08 15:04:16.413199,71,False,Tablet
W0000430,U00197,M00016,2025-11-28 15:04:16.413201,89,True,Mobile
W0000431,U00811,M00013,2026-02-19 15:04:16.413203,117,False,Laptop
W0000432,U00409,M00147,2026-04-01 15:04:16.413205,119,False,Tablet
W0000433,U00416,M00292,2026-03-18 15:04:16.413207,10,False,Mobile
W0000434,U00335,M00215,2026-02-19 15:04:16.413209,71,True,Mobile
W0000435,U00086,M00152,2025-06-24 15:04:16.413211,130,True,Mobile
W0000436,U00129,M00189,2025-10-10 15:04:16.413213,39,True,Tablet
W0000437,U00553,M00299,2025-07-13 15:04:16.413215,36,True,Tablet
W0000438,U00917,M00260,2025-08-08 15:04:16.413218,69,False,Laptop
W0000439,U00607,M00169,2025-11-23 15:04:16.413220,17,True,Tablet
W0000440,U00225,M00263,2025-09-17 15:04:16.413222,55,False,TV
W0000441,U00698,M00129,2026-01-02 15:04:16.413224,12,True,TV
W0000442,U00996,M00192,2025-07-27 15:04:16.413225,164,True,Tablet
W0000443,U00882,M00254,2026-03-25 15:04:16.413227,69,True,Mobile
W0000444,U00325,M00257,2025-08-14 15:04:16.413229,143,False,Laptop
W0000445,U00110,M00204,2026-03-08 15:04:16.413231,81,False,Laptop
W0000446,U00828,M00267,2026-01-03 15:04:16.413233,96,False,Tablet
W0000447,U00317,M00086,2026-02-07 15:04:16.413235,144,True,Mobile
W0000448,U00598,M00150,2025-09-06 15:04:16.413237,15,False,Tablet
W0000449,U00662,M00269,2026-02-07 15:04:16.413254,147,False,Laptop
W0000450,U00906,M00286,2025-05-10 15:04:16.413260,119,False,Laptop
W0000451,U00455,M00232,2026-01-19 15:04:16.413264,149,False,TV
W0000452,U00909,M00200,2025-11-12 15:04:16.413267,128,True,Laptop
W0000453,U00829,M00052,2026-01-22 15:04:16.413269,73,True,TV
W0000454,U00547,M00173,2025-08-29 15:04:16.413271,54,True,TV
W0000455,U00773,M00087,2026-01-18 15:04:16.413273,165,False,Laptop
W0000456,U00181,M00252,2025-06-20 15:04:16.413275,96,True,Mobile
W0000457,U00921,M00118,2025-06-23 15:04:16.413277,158,True,Mobile
W0000458,U00402,M00159,2025-08-23 15:04:16.413280,32,True,TV
W0000459,U00562,M00058,2026-04-09 15:04:16.413282,37,False,Mobile
W0000460,U00463,M00118,2025-07-20 15:04:16.413284,95,True,Tablet
W0000461,U00212,M00018,2026-01-01 15:04:16.413286,94,False,Tablet
W0000462,U00217,M00205,2025-09-24 15:04:16.413288,6,True,Tablet
W0000463,U00797,M00191,2025-08-13 15:04:16.413290,128,True,Laptop
W0000464,U00385,M00193,2025-12-18 15:04:16.413292,108,True,Laptop
W0000465,U00546,M00010,2026-03-03 15:04:16.413295,26,True,TV
W0000466,U00583,M00078,2026-04-29 15:04:16.413296,124,False,Laptop
W0000467,U00296,M00060,2025-07-11 15:04:16.413299,58,True,TV
W0000468,U00219,M00216,2026-02-08 15:04:16.413301,39,False,TV
W0000469,U00737,M00186,2025-09-16 15:04:16.413303,59,True,TV
W0000470,U00892,M00032,2026-03-11 15:04:16.413305,141,False,TV
W0000471,U00260,M00051,2025-06-06 15:04:16.413307,39,False,TV
W0000472,U00656,M00135,2025-11-20 15:04:16.413309,88,False,Laptop
W0000473,U00651,M00112,2025-09-26 15:04:16.413311,44,True,TV
W0000474,U00244,M00161,2025-08-25 15:04:16.413313,55,False,Tablet
W0000475,U00008,M00174,2025-10-02 15:04:16.413315,8,True,TV
W0000476,U00425,M00173,2025-07-20 15:04:16.413317,143,True,Tablet
W0000477,U00405,M00297,2025-07-26 15:04:16.413319,178,False,Tablet
W0000478,U00493,M00269,2025-09-01 15:04:16.413321,31,True,Laptop
W0000479,U00636,M00129,2026-04-01 15:04:16.413322,40,False,TV
W0000480,U00445,M00019,2025-06-27 15:04:16.413324,89,True,Mobile
W0000481,U00149,M00272,2025-09-07 15:04:16.413327,17,False,Tablet
W0000482,U00569,M00188,2026-03-12 15:04:16.413329,178,True,Laptop
W0000483,U00649,M00283,2026-02-07 15:04:16.413331,98,True,Laptop
W0000484,U00984,M00122,2026-01-20 15:04:16.413333,114,True,Tablet
W0000485,U00148,M00011,2025-09-14 15:04:16.413335,146,True,TV
W0000486,U00220,M00278,2025-06-06 15:04:16.413337,91,True,Tablet
W0000487,U00512,M00050,2025-06-27 15:04:16.413339,76,False,Laptop
W0000488,U00096,M00178,2025-11-16 15:04:16.413341,48,False,Mobile
W0000489,U00011,M00033,2025-09-03 15:04:16.413343,20,True,Laptop
W0000490,U00427,M00275,2026-01-19 15:04:16.413345,98,True,Mobile
W0000491,U00728,M00262,2025-10-01 15:04:16.413347,151,False,Mobile
W0000492,U00668,M00116,2026-04-14 15:04:16.413349,118,False,Mobile
W0000493,U00130,M00063,2025-12-10 15:04:16.413351,75,True,Tablet
W0000494,U00134,M00250,2026-03-31 15:04:16.413353,152,True,Laptop
W0000495,U00782,M00114,2025-05-26 15:04:16.413355,76,False,Tablet
W0000496,U00071,M00175,2025-09-05 15:04:16.413357,108,True,Mobile
W0000497,U00875,M00113,2026-05-05 15:04:16.413359,163,False,Tablet
W0000498,U00846,M00157,2026-04-15 15:04:16.413361,58,False,Tablet
W0000499,U00068,M00174,2025-07-28 15:04:16.413363,145,False,Mobile
W0000500,U00500,M00212,2025-06-14 15:04:16.413365,85,False,TV
W0000501,U00872,M00112,2025-08-11 15:04:16.413367,83,False,Mobile
W0000502,U00865,M00065,2026-03-27 15:04:16.413369,21,False,Tablet
W0000503,U00460,M00080,2025-10-03 15:04:16.413371,63,True,Tablet
W0000504,U00898,M00139,2026-03-16 15:04:16.413374,68,True,Tablet
W0000505,U00433,M00018,2025-08-30 15:04:16.413375,85,True,Laptop
W0000506,U00696,M00228,2025-12-18 15:04:16.413377,82,False,TV
W0000507,U00672,M00271,2025-10-25 15:04:16.413379,87,False,Tablet
W0000508,U00359,M00138,2026-01-13 15:04:16.413381,118,True,Mobile
W0000509,U00871,M00164,2025-07-26 15:04:16.413383,9,True,TV
W0000510,U00751,M00038,2025-09-02 15:04:16.413385,105,False,TV
W0000511,U00087,M00279,2026-03-03 15:04:16.413387,178,False,Tablet
W0000512,U00913,M00260,2026-03-21 15:04:16.413390,114,False,TV
W0000513,U00100,M00265,2025-10-19 15:04:16.413392,34,True,Laptop
W0000514,U00401,M00216,2025-05-09 15:04:16.413394,148,False,TV
W0000515,U00085,M00130,2025-09-01 15:04:16.413396,7,False,TV
W0000516,U00697,M00144,2026-03-24 15:04:16.413398,160,True,Tablet
W0000517,U00181,M00043,2026-02-19 15:04:16.413400,124,False,Mobile
W0000518,U00836,M00268,2025-10-14 15:04:16.413402,66,True,Laptop
W0000519,U00078,M00294,2025-06-29 15:04:16.413404,147,False,Laptop
W0000520,U00118,M00141,2025-05-31 15:04:16.413406,154,False,TV
W0000521,U00216,M00065,2026-03-16 15:04:16.413408,131,False,Tablet
W0000522,U00804,M00193,2025-11-23 15:04:16.413410,169,False,TV
W0000523,U00956,M00102,2025-07-04 15:04:16.413412,161,True,Mobile
W0000524,U00450,M00074,2025-06-23 15:04:16.413414,56,True,Mobile
W0000525,U00846,M00118,2025-10-02 15:04:16.413416,49,True,TV
W0000526,U00753,M00210,2026-03-12 15:04:16.413418,93,True,Tablet
W0000527,U00168,M00155,2025-12-21 15:04:16.413420,174,False,Tablet
W0000528,U00961,M00268,2026-03-28 15:04:16.413422,92,True,Tablet
W0000529,U00400,M00035,2025-05-26 15:04:16.413424,107,True,Laptop
W0000530,U00591,M00271,2025-07-09 15:04:16.413426,13,True,Tablet
W0000531,U00620,M00280,2025-10-06 15:04:16.413428,99,False,TV
W0000532,U00400,M00029,2026-02-17 15:04:16.413430,45,False,TV
W0000533,U00574,M00152,2025-06-12 15:04:16.413432,101,True,Tablet
W0000534,U00859,M00084,2026-04-26 15:04:16.413434,134,True,TV
W0000535,U00669,M00126,2025-11-13 15:04:16.413436,161,False,Laptop
W0000536,U00289,M00054,2025-07-26 15:04:16.413438,48,False,TV
W0000537,U00774,M00108,2026-04-22 15:04:16.413440,13,True,Tablet
W0000538,U00073,M00051,2025-06-30 15:04:16.413442,11,False,Mobile
W0000539,U00266,M00170,2025-12-09 15:04:16.413444,12,True,Mobile
W0000540,U00180,M00181,2025-08-23 15:04:16.413446,140,True,Laptop
W0000541,U00936,M00154,2025-11-24 15:04:16.413448,21,True,Mobile
W0000542,U00333,M00095,2025-10-29 15:04:16.413450,114,False,Laptop
W0000543,U00408,M00278,2025-10-04 15:04:16.413452,66,True,Mobile
W0000544,U00352,M00074,2026-02-18 15:04:16.413454,44,True,Mobile
W0000545,U00160,M00234,2025-05-29 15:04:16.413456,5,True,Tablet
W0000546,U00785,M00187,2025-05-09 15:04:16.413458,121,True,Mobile
W0000547,U00895,M00069,2026-03-29 15:04:16.413461,24,True,Mobile
W0000548,U00260,M00023,2026-04-03 15:04:16.413463,113,False,TV
W0000549,U00968,M00015,2026-01-14 15:04:16.413465,33,True,Tablet
W0000550,U00219,M00079,2025-09-16 15:04:16.413467,76,False,Tablet
W0000551,U00924,M00268,2025-05-30 15:04:16.413469,158,False,Tablet
W0000552,U00524,M00016,2025-08-20 15:04:16.413471,64,True,Mobile
W0000553,U00369,M00075,2025-08-22 15:04:16.413473,18,False,TV
W0000554,U00026,M00186,2025-09-06 15:04:16.413475,25,False,Mobile
W0000555,U00170,M00089,2025-11-17 15:04:16.413476,62,True,TV
W0000556,U00336,M00215,2025-11-06 15:04:16.413478,153,True,Tablet
W0000557,U00679,M00035,2026-01-23 15:04:16.413480,87,True,Laptop
W0000558,U00056,M00028,2026-01-11 15:04:16.413482,98,True,Mobile
W0000559,U00171,M00204,2025-11-08 15:04:16.413484,20,True,Laptop
W0000560,U00197,M00113,2026-04-24 15:04:16.413486,142,True,Mobile
W0000561,U00633,M00007,2025-06-12 15:04:16.413489,15,False,Laptop
W0000562,U00351,M00124,2025-11-21 15:04:16.413491,84,True,Mobile
W0000563,U00781,M00089,2025-08-28 15:04:16.413493,113,True,Laptop
W0000564,U00325,M00141,2025-12-10 15:04:16.413495,20,False,Tablet
W0000565,U00162,M00174,2025-10-19 15:04:16.413497,67,True,TV
W0000566,U00431,M00076,2026-02-14 15:04:16.413499,129,False,TV
W0000567,U00201,M00116,2026-04-19 15:04:16.413501,87,True,Mobile
W0000568,U00251,M00031,2025-08-02 15:04:16.413503,75,True,Laptop
W0000569,U00903,M00026,2025-07-07 15:04:16.413505,27,True,TV
W0000570,U00834,M00067,2025-08-25 15:04:16.413507,94,True,TV
W0000571,U00398,M00274,2025-06-23 15:04:16.413509,40,False,TV
W0000572,U00029,M00054,2026-01-11 15:04:16.413511,52,False,Mobile
W0000573,U00621,M00202,2026-03-16 15:04:16.413513,74,True,Tablet
W0000574,U00740,M00222,2025-10-18 15:04:16.413514,180,True,Laptop
W0000575,U00516,M00027,2025-05-13 15:04:16.413517,143,False,Mobile
W0000576,U00113,M00267,2025-10-25 15:04:16.413519,48,True,Tablet
W0000577,U00545,M00259,2026-03-24 15:04:16.413521,33,True,Tablet
W0000578,U00673,M00173,2026-04-26 15:04:16.413523,163,False,Mobile
W0000579,U00156,M00164,2025-07-23 15:04:16.413525,53,False,Mobile
W0000580,U00846,M00056,2025-07-01 15:04:16.413527,27,False,Laptop
W0000581,U00276,M00263,2026-01-10 15:04:16.413529,121,True,Mobile
W0000582,U00048,M00067,2026-03-20 15:04:16.413531,134,True,Mobile
W0000583,U00520,M00030,2025-07-01 15:04:16.413533,164,True,Tablet
W0000584,U00269,M00068,2026-04-23 15:04:16.413535,60,True,Tablet
W0000585,U00944,M00275,2026-03-03 15:04:16.413537,47,False,Mobile
W0000586,U00741,M00274,2026-02-14 15:04:16.413539,16,True,Mobile
W0000587,U00377,M00019,2026-05-02 15:04:16.413541,38,True,Mobile
W0000588,U00945,M00233,2025-08-04 15:04:16.413543,70,False,Tablet
W0000589,U00003,M00108,2026-03-02 15:04:16.413545,64,False,Mobile
W0000590,U00926,M00089,2025-07-31 15:04:16.413548,133,False,TV
W0000591,U00715,M00262,2025-08-04 15:04:16.413551,101,False,TV
W0000592,U00819,M00198,2025-05-30 15:04:16.413554,92,False,TV
W0000593,U00830,M00013,2026-03-10 15:04:16.413557,128,True,Laptop
W0000594,U00379,M00127,2025-10-20 15:04:16.413560,63,False,Laptop
W0000595,U00875,M00102,2025-12-17 15:04:16.413562,22,False,Laptop
W0000596,U00153,M00265,2025-06-23 15:04:16.413565,143,True,TV
W0000597,U00922,M00197,2026-01-04 15:04:16.413568,23,False,Laptop
W0000598,U00994,M00208,2025-11-26 15:04:16.413571,173,True,Laptop
W0000599,U00360,M00211,2026-02-26 15:04:16.413574,79,True,Tablet
W0000600,U00026,M00041,2026-03-17 15:04:16.413577,9,True,TV
W0000601,U00521,M00044,2026-03-18 15:04:16.413579,141,True,Laptop
W0000602,U00002,M00108,2026-01-23 15:04:16.413582,40,True,Mobile
W0000603,U00863,M00092,2025-11-12 15:04:16.413585,37,True,Tablet
W0000604,U00764,M00267,2025-07-01 15:04:16.413588,5,False,Laptop
W0000605,U00771,M00077,2025-12-14 15:04:16.413591,68,False,Tablet
W0000606,U00717,M00213,2025-10-22 15:04:16.413593,63,True,TV
W0000607,U00710,M00225,2026-04-16 15:04:16.413597,110,False,TV
W0000608,U00311,M00146,2025-07-15 15:04:16.413599,35,False,Laptop
W0000609,U00546,M00107,2026-03-31 15:04:16.413602,24,False,Tablet
W0000610,U00176,M00244,2026-02-20 15:04:16.413605,13,False,Tablet
W0000611,U00934,M00013,2026-01-06 15:04:16.413608,35,True,Laptop
W0000612,U00746,M00240,2025-09-24 15:04:16.413611,45,False,TV
W0000613,U00694,M00080,2025-10-20 15:04:16.413614,120,True,Laptop
W0000614,U00100,M00273,2026-03-05 15:04:16.413617,154,False,Laptop
W0000615,U00589,M00153,2026-02-05 15:04:16.413620,137,False,Laptop
W0000616,U00804,M00226,2026-01-06 15:04:16.413623,117,True,Laptop
W0000617,U00400,M00287,2025-10-11 15:04:16.413627,166,False,Tablet
W0000618,U00079,M00203,2025-05-20 15:04:16.413630,33,False,Laptop
W0000619,U00792,M00075,2025-09-13 15:04:16.413633,169,False,Tablet
W0000620,U00517,M00177,2025-12-15 15:04:16.413636,96,True,TV
W0000621,U00058,M00024,2026-03-28 15:04:16.413640,60,True,TV
W0000622,U00565,M00277,2025-08-29 15:04:16.413643,124,True,Laptop
W0000623,U00369,M00181,2026-03-13 15:04:16.413647,31,True,Laptop
W0000624,U00236,M00083,2025-07-09 15:04:16.413650,85,True,Laptop
W0000625,U00089,M00013,2026-04-16 15:04:16.413654,126,True,Tablet
W0000626,U00326,M00291,2025-06-08 15:04:16.413658,60,True,Laptop
W0000627,U00373,M00223,2025-05-11 15:04:16.413662,49,False,Laptop
W0000628,U00163,M00291,2026-02-12 15:04:16.413665,89,True,Laptop
W0000629,U00246,M00020,2025-09-11 15:04:16.413668,71,True,Tablet
W0000630,U00932,M00290,2026-01-22 15:04:16.413671,69,False,TV
W0000631,U00514,M00072,2025-09-16 15:04:16.413674,67,True,Tablet
W0000632,U00679,M00016,2025-10-06 15:04:16.413677,78,False,Tablet
W0000633,U00839,M00098,2025-07-11 15:04:16.413681,147,False,TV
W0000634,U00176,M00108,2025-10-26 15:04:16.413685,102,False,Mobile
W0000635,U00330,M00226,2025-06-17 15:04:16.413688,5,True,Tablet
W0000636,U00116,M00112,2026-05-06 15:04:16.413691,148,True,Mobile
W0000637,U00932,M00200,2026-05-04 15:04:16.413694,126,False,Mobile
W0000638,U00449,M00097,2025-07-10 15:04:16.413697,178,True,TV
W0000639,U00124,M00012,2026-02-27 15:04:16.413700,136,False,TV
W0000640,U00094,M00024,2025-10-11 15:04:16.413703,78,False,Laptop
W0000641,U00985,M00034,2025-09-03 15:04:16.413707,36,True,Mobile
W0000642,U00112,M00151,2026-02-21 15:04:16.413710,92,True,Tablet
W0000643,U00362,M00286,2025-09-03 15:04:16.413713,72,True,Tablet
W0000644,U00333,M00221,2025-05-27 15:04:16.413716,114,True,Tablet
W0000645,U00661,M00033,2025-09-03 15:04:16.413719,180,False,Laptop
W0000646,U00861,M00238,2026-03-04 15:04:16.413721,26,True,Laptop
W0000647,U00726,M00047,2026-03-29 15:04:16.413725,72,False,TV
W0000648,U00265,M00075,2026-02-17 15:04:16.413728,136,False,Mobile
W0000649,U00882,M00147,2026-05-06 15:04:16.413731,29,False,Tablet
W0000650,U00376,M00289,2025-12-11 15:04:16.413734,95,True,Mobile
W0000651,U00951,M00159,2025-06-10 15:04:16.413736,150,True,TV
W0000652,U00994,M00128,2026-04-20 15:04:16.413738,107,True,Mobile
W0000653,U00668,M00285,2025-11-16 15:04:16.413740,162,True,TV
W0000654,U00818,M00244,2026-01-03 15:04:16.413742,97,True,Mobile
W0000655,U00403,M00290,2025-10-15 15:04:16.413744,31,False,Laptop
W0000656,U00562,M00236,2026-03-02 15:04:16.413746,123,False,Tablet
W0000657,U00313,M00266,2025-06-16 15:04:16.413748,104,False,Laptop
W0000658,U00230,M00247,2026-01-09 15:04:16.413750,45,False,TV
W0000659,U00881,M00111,2025-12-21 15:04:16.413752,158,False,Laptop
W0000660,U00841,M00189,2025-10-18 15:04:16.413754,136,True,Laptop
W0000661,U00614,M00021,2026-02-01 15:04:16.413756,154,True,TV
W0000662,U00520,M00188,2025-12-09 15:04:16.413758,153,True,TV
W0000663,U00640,M00087,2025-05-25 15:04:16.413760,60,True,Laptop
W0000664,U00239,M00127,2025-05-18 15:04:16.413762,115,False,Mobile
W0000665,U00713,M00190,2025-10-05 15:04:16.413765,151,False,Laptop
W0000666,U00165,M00005,2025-06-28 15:04:16.413769,174,True,Mobile
W0000667,U00903,M00251,2025-08-06 15:04:16.413772,159,True,Tablet
W0000668,U00248,M00227,2026-01-17 15:04:16.413775,140,False,TV
W0000669,U00198,M00185,2026-02-24 15:04:16.413779,11,True,Tablet
W0000670,U00004,M00227,2025-06-20 15:04:16.413782,148,True,Laptop
W0000671,U00178,M00031,2026-05-07 15:04:16.413787,131,False,Laptop
W0000672,U00348,M00073,2025-06-29 15:04:16.413790,17,True,Laptop
W0000673,U00495,M00111,2026-02-27 15:04:16.413794,142,True,Mobile
W0000674,U00445,M00177,2026-03-28 15:04:16.413798,72,False,Mobile
W0000675,U00049,M00262,2025-07-19 15:04:16.413801,80,True,Laptop
W0000676,U00590,M00257,2026-01-12 15:04:16.413806,145,False,Tablet
W0000677,U00832,M00220,2025-11-10 15:04:16.413809,9,True,Laptop
W0000678,U00959,M00009,2025-07-20 15:04:16.413812,148,False,Tablet
W0000679,U00662,M00295,2025-11-21 15:04:16.413816,92,True,Tablet
W0000680,U00953,M00049,2026-02-14 15:04:16.413819,102,False,Laptop
W0000681,U00130,M00204,2025-07-26 15:04:16.413823,82,True,TV
W0000682,U00231,M00022,2026-04-04 15:04:16.413826,105,False,TV
W0000683,U00967,M00038,2025-09-01 15:04:16.413830,31,True,TV
W0000684,U00355,M00194,2026-04-25 15:04:16.413833,52,False,Laptop
W0000685,U00544,M00282,2026-05-06 15:04:16.413838,41,False,Mobile
W0000686,U00871,M00060,2025-07-28 15:04:16.413842,13,False,Mobile
W0000687,U00862,M00270,2025-06-02 15:04:16.413846,82,True,Tablet
W0000688,U00273,M00076,2026-03-01 15:04:16.413850,76,False,TV
W0000689,U00706,M00097,2025-10-26 15:04:16.413853,137,False,TV
W0000690,U00311,M00145,2025-05-27 15:04:16.413857,67,False,Mobile
W0000691,U00024,M00300,2026-02-19 15:04:16.413860,118,False,Mobile
W0000692,U00197,M00284,2025-08-28 15:04:16.413864,127,False,Tablet
W0000693,U00432,M00233,2025-08-21 15:04:16.413868,170,True,Laptop
W0000694,U00445,M00256,2025-07-19 15:04:16.413872,84,True,Tablet
W0000695,U00085,M00246,2025-07-18 15:04:16.413875,137,True,Mobile
W0000696,U00858,M00030,2025-07-22 15:04:16.413879,110,True,TV
W0000697,U00037,M00112,2025-08-17 15:04:16.413884,31,True,Laptop
W0000698,U00204,M00181,2025-07-03 15:04:16.413888,145,True,Mobile
W0000699,U00791,M00146,2025-05-24 15:04:16.413891,79,False,Laptop
W0000700,U00244,M00140,2026-01-11 15:04:16.413895,38,False,Laptop
W0000701,U00933,M00089,2025-09-25 15:04:16.413898,97,True,Mobile
W0000702,U00738,M00011,2025-11-13 15:04:16.413901,99,False,Mobile
W0000703,U00065,M00290,2025-11-05 15:04:16.413904,172,False,Mobile
W0000704,U00558,M00203,2026-01-26 15:04:16.413909,125,False,TV
W0000705,U00101,M00105,2026-01-02 15:04:16.413911,27,True,TV
W0000706,U00206,M00157,2025-07-18 15:04:16.413914,179,False,Mobile
W0000707,U00993,M00059,2025-07-13 15:04:16.413916,124,True,Laptop
W0000708,U00640,M00156,2025-11-01 15:04:16.413918,137,False,TV
W0000709,U00833,M00048,2026-05-03 15:04:16.413920,61,True,TV
W0000710,U00665,M00298,2026-03-22 15:04:16.413922,163,True,Mobile
W0000711,U00770,M00079,2025-10-18 15:04:16.413924,95,False,TV
W0000712,U00209,M00146,2025-05-30 15:04:16.413926,64,True,Laptop
W0000713,U00225,M00106,2025-07-09 15:04:16.413928,114,True,Mobile
W0000714,U00624,M00175,2026-03-26 15:04:16.413930,106,False,Laptop
W0000715,U00821,M00214,2026-05-01 15:04:16.413932,36,False,Tablet
W0000716,U00962,M00258,2025-08-06 15:04:16.413934,50,False,Mobile
W0000717,U00632,M00236,2025-08-22 15:04:16.413936,89,False,Mobile
W0000718,U00703,M00029,2025-10-25 15:04:16.413938,156,True,TV
W0000719,U00231,M00007,2025-08-28 15:04:16.413940,115,False,Mobile
W0000720,U00482,M00047,2025-07-18 15:04:16.413942,48,True,Mobile
W0000721,U00200,M00177,2025-12-05 15:04:16.413944,65,False,Laptop
W0000722,U00123,M00263,2025-07-01 15:04:16.413946,148,True,Mobile
W0000723,U00069,M00275,2025-11-19 15:04:16.413949,17,False,Mobile
W0000724,U00844,M00142,2026-02-24 15:04:16.413952,64,False,Tablet
W0000725,U00740,M00091,2025-09-16 15:04:16.413956,26,False,Mobile
W0000726,U00291,M00103,2026-04-06 15:04:16.413959,20,False,Mobile
W0000727,U00325,M00260,2026-04-10 15:04:16.413963,125,False,Mobile
W0000728,U00700,M00116,2026-02-23 15:04:16.413967,155,True,TV
W0000729,U00434,M00239,2025-11-29 15:04:16.413970,132,True,Tablet
W0000730,U00958,M00276,2026-04-24 15:04:16.413974,125,False,TV
W0000731,U00686,M00071,2026-04-22 15:04:16.413977,89,True,TV
W0000732,U00482,M00172,2026-01-19 15:04:16.413981,39,False,Mobile
W0000733,U00668,M00282,2026-04-16 15:04:16.413984,131,True,Tablet
W0000734,U00217,M00136,2025-10-16 15:04:16.413988,86,False,Mobile
W0000735,U00320,M00056,2025-06-22 15:04:16.413992,163,False,Tablet
W0000736,U00353,M00264,2026-01-01 15:04:16.413995,113,True,Laptop
W0000737,U00549,M00217,2026-04-15 15:04:16.413999,158,False,Tablet
W0000738,U00743,M00104,2026-04-01 15:04:16.414003,11,False,TV
W0000739,U00692,M00128,2025-10-20 15:04:16.414006,17,True,Laptop
W0000740,U00065,M00296,2025-10-29 15:04:16.414010,6,True,Tablet
W0000741,U00929,M00036,2025-12-19 15:04:16.414013,10,True,Mobile
W0000742,U00395,M00032,2026-01-07 15:04:16.414017,67,True,TV
W0000743,U00079,M00208,2026-03-16 15:04:16.414020,117,False,Laptop
W0000744,U00389,M00009,2026-05-08 15:04:16.414024,169,True,Tablet
W0000745,U00113,M00006,2026-03-01 15:04:16.414027,62,False,Mobile
W0000746,U00484,M00013,2025-08-29 15:04:16.414031,24,False,Laptop
W0000747,U00545,M00210,2026-01-04 15:04:16.414035,161,True,Mobile
W0000748,U00428,M00187,2026-03-16 15:04:16.414038,77,False,Tablet
W0000749,U00251,M00292,2025-09-05 15:04:16.414042,170,True,Laptop
W0000750,U00739,M00210,2025-08-31 15:04:16.414045,121,False,Tablet
W0000751,U00759,M00147,2026-03-05 15:04:16.414048,134,False,Tablet
W0000752,U00117,M00205,2026-01-02 15:04:16.414052,26,False,Mobile
W0000753,U00847,M00149,2025-07-15 15:04:16.414056,51,False,TV
W0000754,U00731,M00247,2025-06-27 15:04:16.414059,5,False,TV
W0000755,U00151,M00130,2025-06-20 15:04:16.414064,165,True,Mobile
W0000756,U00034,M00162,2026-03-01 15:04:16.414067,161,True,TV
W0000757,U00860,M00081,2025-07-08 15:04:16.414071,10,True,Tablet
W0000758,U00132,M00108,2026-02-16 15:04:16.414075,91,False,TV
W0000759,U00359,M00248,2025-11-13 15:04:16.414078,93,True,TV
W0000760,U00401,M00247,2025-09-02 15:04:16.414082,157,True,TV
W0000761,U00849,M00167,2025-11-15 15:04:16.414086,58,False,TV
W0000762,U00469,M00123,2026-04-11 15:04:16.414090,137,True,Tablet
W0000763,U00489,M00210,2025-08-20 15:04:16.414093,52,True,Mobile
W0000764,U00819,M00185,2025-12-20 15:04:16.414097,52,True,Tablet
W0000765,U00743,M00050,2026-01-31 15:04:16.414101,104,True,TV
W0000766,U00086,M00256,2026-01-06 15:04:16.414105,27,True,Laptop
W0000767,U00224,M00086,2025-10-23 15:04:16.414109,134,True,Laptop
W0000768,U00064,M00268,2025-05-31 15:04:16.414113,140,True,Tablet
W0000769,U00644,M00063,2026-01-29 15:04:16.414117,18,False,TV
W0000770,U00234,M00154,2025-07-14 15:04:16.414121,161,True,TV
W0000771,U00821,M00131,2026-03-06 15:04:16.414125,114,True,Laptop
W0000772,U00522,M00276,2026-01-20 15:04:16.414128,73,False,Tablet
W0000773,U00486,M00165,2025-09-14 15:04:16.414132,17,True,Laptop
W0000774,U00791,M00013,2026-01-10 15:04:16.414202,175,True,Tablet
W0000775,U00490,M00086,2025-06-02 15:04:16.414205,90,False,TV
W0000776,U00630,M00009,2026-03-31 15:04:16.414209,147,False,Laptop
W0000777,U00718,M00106,2025-12-28 15:04:16.414212,23,True,Laptop
W0000778,U00391,M00071,2025-11-12 15:04:16.414215,161,True,Tablet
W0000779,U00384,M00173,2025-11-19 15:04:16.414219,38,True,TV
W0000780,U00105,M00061,2025-09-29 15:04:16.414222,58,True,Laptop
W0000781,U00924,M00003,2025-05-16 15:04:16.414225,125,True,Laptop
W0000782,U00994,M00179,2026-02-10 15:04:16.414227,124,True,Tablet
W0000783,U00743,M00269,2025-10-05 15:04:16.414228,18,True,Mobile
W0000784,U00003,M00041,2025-08-21 15:04:16.414231,55,True,Tablet
W0000785,U00721,M00238,2026-03-10 15:04:16.414233,41,False,Mobile
W0000786,U00119,M00246,2025-10-15 15:04:16.414235,155,True,Tablet
W0000787,U00585,M00197,2026-02-12 15:04:16.414237,20,False,TV
W0000788,U00509,M00039,2025-09-23 15:04:16.414239,120,True,Laptop
W0000789,U00217,M00009,2025-10-17 15:04:16.414241,5,True,Mobile
W0000790,U00898,M00247,2025-05-31 15:04:16.414243,55,False,TV
W0000791,U00283,M00069,2026-01-14 15:04:16.414245,153,False,Tablet
W0000792,U00816,M00046,2025-06-23 15:04:16.414247,48,False,Tablet
W0000793,U00735,M00146,2025-12-22 15:04:16.414249,174,False,Tablet
W0000794,U00539,M00058,2025-12-04 15:04:16.414251,51,True,Mobile
W0000795,U00310,M00182,2026-03-16 15:04:16.414253,97,False,TV
W0000796,U00564,M00103,2025-06-12 15:04:16.414255,165,True,Mobile
W0000797,U00360,M00229,2025-08-02 15:04:16.414284,99,True,Tablet
W0000798,U00138,M00262,2025-09-06 15:04:16.414288,97,False,Tablet
W0000799,U00602,M00019,2026-04-13 15:04:16.414291,107,True,TV
W0000800,U00420,M00080,2026-03-01 15:04:16.414293,10,False,Tablet
W0000801,U00479,M00121,2025-07-17 15:04:16.414296,106,False,TV
W0000802,U00264,M00215,2025-09-22 15:04:16.414298,160,False,Laptop
W0000803,U00195,M00165,2026-02-23 15:04:16.414300,141,False,TV
W0000804,U00147,M00249,2025-08-24 15:04:16.414302,81,False,Tablet
W0000805,U00128,M00231,2026-04-23 15:04:16.414305,102,False,TV
W0000806,U00465,M00274,2025-06-02 15:04:16.414307,66,True,Laptop
W0000807,U00436,M00241,2026-01-01 15:04:16.414309,49,True,Laptop
W0000808,U00862,M00294,2026-04-16 15:04:16.414311,110,True,Mobile
W0000809,U00839,M00076,2026-01-29 15:04:16.414313,147,True,TV
W0000810,U00451,M00102,2025-10-04 15:04:16.414314,30,True,Tablet
W0000811,U00874,M00241,2026-05-03 15:04:16.414317,179,True,Mobile
W0000812,U00963,M00284,2025-12-14 15:04:16.414319,82,False,Mobile
W0000813,U00628,M00220,2025-10-31 15:04:16.414321,150,True,TV
W0000814,U00967,M00159,2025-12-20 15:04:16.414322,63,True,TV
W0000815,U00949,M00104,2025-12-10 15:04:16.414336,15,True,Mobile
W0000816,U00371,M00113,2025-12-23 15:04:16.414339,26,False,Laptop
W0000817,U00423,M00195,2025-12-14 15:04:16.414341,26,False,Mobile
W0000818,U00661,M00131,2026-04-05 15:04:16.414343,42,True,Tablet
W0000819,U00100,M00075,2026-02-22 15:04:16.414345,169,True,TV
W0000820,U00366,M00110,2025-09-16 15:04:16.414347,20,False,Mobile
W0000821,U00198,M00008,2025-09-27 15:04:16.414349,78,False,Tablet
W0000822,U00659,M00152,2025-12-11 15:04:16.414351,6,False,Laptop
W0000823,U00513,M00057,2026-02-14 15:04:16.414353,136,False,Tablet
W0000824,U00258,M00030,2025-08-25 15:04:16.414354,146,False,Tablet
W0000825,U00896,M00148,2026-04-01 15:04:16.414425,158,True,Tablet
W0000826,U00650,M00067,2026-04-06 15:04:16.414432,147,False,TV
W0000827,U00177,M00252,2025-11-03 15:04:16.414435,136,False,Laptop
W0000828,U00232,M00106,2025-07-19 15:04:16.414439,113,True,TV
W0000829,U00873,M00041,2025-11-21 15:04:16.414442,52,False,Tablet
W0000830,U00150,M00293,2026-02-26 15:04:16.414444,11,True,TV
W0000831,U00183,M00105,2025-09-04 15:04:16.414446,139,False,Tablet
W0000832,U00903,M00176,2026-01-07 15:04:16.414449,43,True,Laptop
W0000833,U00612,M00128,2025-09-03 15:04:16.414451,68,False,TV
W0000834,U00647,M00068,2025-12-10 15:04:16.414453,171,True,Mobile
W0000835,U00481,M00188,2025-08-01 15:04:16.414455,51,True,Tablet
W0000836,U00008,M00001,2025-10-08 15:04:16.414457,173,True,TV
W0000837,U00823,M00204,2025-09-04 15:04:16.414459,56,False,TV
W0000838,U00797,M00207,2025-05-31 15:04:16.414461,91,False,Tablet
W0000839,U00995,M00202,2025-06-28 15:04:16.414463,120,True,Mobile
W0000840,U00691,M00151,2025-11-08 15:04:16.414465,28,True,Laptop
W0000841,U00388,M00240,2026-04-24 15:04:16.414467,36,False,Tablet
W0000842,U00259,M00155,2026-01-04 15:04:16.414469,10,False,Mobile
W0000843,U00451,M00140,2025-11-05 15:04:16.414471,15,False,Mobile
W0000844,U00403,M00213,2025-11-27 15:04:16.414474,154,False,Tablet
W0000845,U00548,M00102,2025-05-24 15:04:16.414477,40,False,Laptop
W0000846,U00916,M00170,2025-05-27 15:04:16.414479,42,True,Laptop
W0000847,U00091,M00178,2025-07-26 15:04:16.414482,85,False,Laptop
W0000848,U00302,M00129,2026-02-10 15:04:16.414485,68,False,Tablet
W0000849,U00009,M00220,2025-10-17 15:04:16.414487,133,True,Mobile
W0000850,U00466,M00050,2025-09-30 15:04:16.414489,82,False,Laptop
W0000851,U00295,M00170,2025-12-16 15:04:16.414491,60,True,TV
W0000852,U00203,M00005,2025-11-16 15:04:16.414493,35,True,TV
W0000853,U00507,M00157,2026-04-17 15:04:16.414495,78,False,Laptop
W0000854,U00233,M00255,2025-06-04 15:04:16.414497,177,False,TV
W0000855,U00039,M00242,2026-01-20 15:04:16.414499,13,False,TV
W0000856,U00730,M00247,2025-11-17 15:04:16.414501,25,False,TV
W0000857,U00198,M00072,2025-09-06 15:04:16.414503,23,True,Laptop
W0000858,U00852,M00164,2025-10-08 15:04:16.414505,120,True,Mobile
W0000859,U00692,M00046,2026-01-08 15:04:16.414506,168,False,Mobile
W0000860,U00283,M00181,2026-03-22 15:04:16.414508,106,False,Mobile
W0000861,U00351,M00027,2025-06-11 15:04:16.414510,29,True,Mobile
W0000862,U00539,M00149,2025-10-29 15:04:16.414514,26,True,Laptop
W0000863,U00226,M00255,2026-03-29 15:04:16.414516,52,False,Mobile
W0000864,U00344,M00275,2025-06-16 15:04:16.414519,174,False,TV
W0000865,U00492,M00269,2026-01-23 15:04:16.414522,93,False,Laptop
W0000866,U00951,M00262,2025-11-02 15:04:16.414524,7,False,Tablet
W0000867,U00196,M00083,2025-09-28 15:04:16.414526,26,True,Laptop
W0000868,U00359,M00055,2025-06-16 15:04:16.414528,109,False,Laptop
W0000869,U00249,M00079,2025-05-13 15:04:16.414531,63,True,Tablet
W0000870,U00528,M00087,2025-10-08 15:04:16.414533,41,True,TV
W0000871,U00433,M00257,2025-10-28 15:04:16.414536,166,False,TV
W0000872,U00243,M00188,2026-04-28 15:04:16.414537,48,True,Tablet
W0000873,U00931,M00027,2026-01-12 15:04:16.414540,85,True,Laptop
W0000874,U00606,M00161,2026-04-02 15:04:16.414542,68,True,Laptop
W0000875,U00919,M00289,2025-11-19 15:04:16.414544,42,False,Mobile
W0000876,U00786,M00089,2026-02-09 15:04:16.414545,102,False,Laptop
W0000877,U00159,M00043,2026-04-11 15:04:16.414548,131,False,Mobile
W0000878,U00939,M00263,2026-03-26 15:04:16.414550,79,True,Tablet
W0000879,U00702,M00164,2026-02-26 15:04:16.414554,121,True,Mobile
W0000880,U00190,M00147,2026-02-05 15:04:16.414556,66,False,Mobile
W0000881,U00130,M00043,2026-03-26 15:04:16.414557,54,True,Tablet
W0000882,U00683,M00165,2026-03-19 15:04:16.414560,25,False,Tablet
W0000883,U00470,M00148,2025-08-13 15:04:16.414563,55,True,Mobile
W0000884,U00420,M00193,2025-10-11 15:04:16.414565,180,True,Laptop
W0000885,U00071,M00229,2025-06-18 15:04:16.414567,28,False,Mobile
W0000886,U00595,M00193,2025-09-16 15:04:16.414569,92,False,TV
W0000887,U00496,M00164,2026-04-01 15:04:16.414571,62,True,Tablet
W0000888,U00371,M00063,2025-10-30 15:04:16.414574,38,True,TV
W0000889,U00689,M00054,2025-09-07 15:04:16.414577,160,True,TV
W0000890,U00644,M00212,2026-05-05 15:04:16.414579,8,True,TV
W0000891,U00488,M00097,2025-10-20 15:04:16.414581,156,False,Laptop
W0000892,U00552,M00190,2025-11-20 15:04:16.414583,171,True,Laptop
W0000893,U00983,M00204,2025-07-20 15:04:16.414584,146,True,Mobile
W0000894,U00771,M00114,2025-08-06 15:04:16.414587,107,False,Mobile
W0000895,U00025,M00268,2026-04-05 15:04:16.414589,134,True,Laptop
W0000896,U00772,M00192,2025-08-18 15:04:16.414591,89,True,Mobile
W0000897,U00957,M00176,2026-01-12 15:04:16.414593,179,False,Mobile
W0000898,U00851,M00294,2026-02-08 15:04:16.414595,55,False,Mobile
W0000899,U00438,M00099,2026-04-21 15:04:16.414597,123,True,Laptop
W0000900,U00964,M00226,2026-02-12 15:04:16.414599,73,False,TV
W0000901,U00322,M00057,2025-08-14 15:04:16.414601,104,True,Laptop
W0000902,U00832,M00298,2025-11-30 15:04:16.414603,114,True,TV
W0000903,U00337,M00007,2026-01-03 15:04:16.414606,56,True,TV
W0000904,U00363,M00224,2026-03-19 15:04:16.414609,162,True,TV
W0000905,U00858,M00150,2026-01-16 15:04:16.414611,176,False,TV
W0000906,U00018,M00202,2026-03-27 15:04:16.414613,63,False,Tablet
W0000907,U00730,M00193,2025-08-01 15:04:16.414615,147,True,Mobile
W0000908,U00800,M00169,2025-08-09 15:04:16.414617,31,True,Mobile
W0000909,U00861,M00257,2025-09-30 15:04:16.414619,76,True,TV
W0000910,U00106,M00086,2025-07-29 15:04:16.414621,59,True,Mobile
W0000911,U00859,M00105,2026-04-09 15:04:16.414625,148,True,TV
W0000912,U00074,M00204,2025-08-03 15:04:16.414627,132,False,Laptop
W0000913,U00974,M00176,2025-10-11 15:04:16.414629,171,True,Tablet
W0000914,U00236,M00151,2025-10-21 15:04:16.414631,112,True,Tablet
W0000915,U00687,M00157,2025-09-16 15:04:16.414633,155,False,TV
W0000916,U00670,M00192,2025-07-06 15:04:16.414635,57,True,Tablet
W0000917,U00517,M00066,2026-04-15 15:04:16.414637,160,False,TV
W0000918,U00586,M00031,2025-12-21 15:04:16.414639,138,False,TV
W0000919,U00880,M00019,2026-04-15 15:04:16.414641,129,False,TV
W0000920,U00750,M00147,2025-06-07 15:04:16.414643,103,False,TV
W0000921,U00405,M00234,2026-02-26 15:04:16.414645,165,False,Mobile
W0000922,U00826,M00108,2026-04-11 15:04:16.414650,21,False,Mobile
W0000923,U00941,M00298,2025-12-27 15:04:16.414652,22,True,Mobile
W0000924,U00520,M00177,2026-03-21 15:04:16.414654,102,True,Tablet
W0000925,U00818,M00298,2025-08-27 15:04:16.414656,12,False,TV
W0000926,U00695,M00289,2026-02-22 15:04:16.414658,20,True,Mobile
W0000927,U00509,M00192,2025-07-01 15:04:16.414660,141,True,TV
W0000928,U00225,M00201,2026-02-27 15:04:16.414662,151,True,Mobile
W0000929,U00934,M00117,2025-09-25 15:04:16.414664,141,False,Laptop
W0000930,U00769,M00165,2026-01-22 15:04:16.414666,17,True,Laptop
W0000931,U00890,M00131,2026-03-25 15:04:16.414669,15,True,Laptop
W0000932,U00312,M00021,2025-11-02 15:04:16.414671,56,False,TV
W0000933,U00068,M00038,2025-05-17 15:04:16.414672,121,False,TV
W0000934,U00485,M00232,2026-04-03 15:04:16.414675,49,False,TV
W0000935,U00451,M00069,2025-09-23 15:04:16.414677,134,False,TV
W0000936,U00682,M00235,2026-05-01 15:04:16.414679,134,True,TV
W0000937,U00199,M00247,2025-11-12 15:04:16.414681,64,True,Mobile
W0000938,U00830,M00235,2025-08-02 15:04:16.414683,93,True,TV
W0000939,U00569,M00135,2025-05-13 15:04:16.414685,171,True,Laptop
W0000940,U00900,M00113,2026-02-21 15:04:16.414687,177,False,TV
W0000941,U00687,M00264,2025-09-02 15:04:16.414689,129,True,Mobile
W0000942,U00857,M00186,2025-10-13 15:04:16.414692,76,True,TV
W0000943,U00704,M00032,2025-10-23 15:04:16.414696,174,True,Laptop
W0000944,U00435,M00152,2026-03-13 15:04:16.414698,101,False,Laptop
W0000945,U00243,M00140,2025-12-23 15:04:16.414700,26,True,Laptop
W0000946,U00506,M00130,2025-09-22 15:04:16.414702,49,False,Laptop
W0000947,U00687,M00219,2025-09-03 15:04:16.414704,175,True,Tablet
W0000948,U00230,M00225,2025-07-15 15:04:16.414706,134,False,Mobile
W0000949,U00156,M00194,2025-07-14 15:04:16.414708,159,False,Tablet
W0000950,U00169,M00023,2025-10-01 15:04:16.414710,115,False,TV
W0000951,U00966,M00092,2025-06-02 15:04:16.414712,168,True,TV
W0000952,U00133,M00118,2025-06-26 15:04:16.414714,108,False,Tablet
W0000953,U00352,M00222,2025-08-07 15:04:16.414716,106,True,Mobile
W0000954,U00714,M00215,2025-07-16 15:04:16.414718,154,False,Mobile
W0000955,U00615,M00013,2025-11-29 15:04:16.414719,128,False,Tablet
W0000956,U00997,M00013,2026-02-07 15:04:16.414721,124,True,Mobile
W0000957,U00824,M00190,2025-07-30 15:04:16.414723,133,False,TV
W0000958,U00845,M00028,2026-01-28 15:04:16.414726,35,True,Tablet
W0000959,U00789,M00247,2025-07-15 15:04:16.414727,109,True,Mobile
W0000960,U00012,M00229,2025-09-30 15:04:16.414730,105,True,TV
W0000961,U00940,M00273,2025-12-23 15:04:16.414733,145,True,Laptop
W0000962,U00933,M00170,2025-10-08 15:04:16.414735,123,False,TV
W0000963,U00456,M00290,2026-05-06 15:04:16.414737,25,True,Laptop
W0000964,U00111,M00215,2025-12-04 15:04:16.414739,137,True,Laptop
W0000965,U00234,M00011,2026-04-19 15:04:16.414741,22,True,Tablet
W0000966,U00762,M00238,2025-11-09 15:04:16.414743,78,True,TV
W0000967,U00177,M00007,2025-06-01 15:04:16.414745,178,True,Tablet
W0000968,U00207,M00083,2026-02-10 15:04:16.414747,78,False,Mobile
W0000969,U00062,M00140,2026-01-30 15:04:16.414749,156,False,Laptop
W0000970,U00641,M00205,2025-08-31 15:04:16.414751,110,True,Mobile
W0000971,U00743,M00221,2025-06-08 15:04:16.414753,97,True,TV
W0000972,U00620,M00075,2025-08-02 15:04:16.414756,108,False,Mobile
W0000973,U00700,M00230,2025-12-24 15:04:16.414758,138,True,Laptop
W0000974,U00903,M00256,2025-08-03 15:04:16.414762,124,False,Laptop
W0000975,U00416,M00204,2026-04-27 15:04:16.414764,15,False,Tablet
W0000976,U00757,M00207,2025-12-04 15:04:16.414766,157,False,TV
W0000977,U00273,M00098,2025-09-07 15:04:16.414768,116,False,Mobile
W0000978,U00506,M00159,2026-05-05 15:04:16.414770,92,True,Mobile
W0000979,U00365,M00252,2025-12-23 15:04:16.414772,24,True,TV
W0000980,U00772,M00222,2026-03-10 15:04:16.414774,67,False,Mobile
W0000981,U00006,M00003,2026-04-13 15:04:16.414777,74,False,Laptop
W0000982,U00259,M00262,2026-01-13 15:04:16.414780,89,True,Laptop
W0000983,U00041,M00277,2026-02-09 15:04:16.414782,83,True,Laptop
W0000984,U00902,M00184,2026-01-25 15:04:16.414784,135,False,Mobile
W0000985,U00875,M00274,2026-05-03 15:04:16.414786,79,True,Mobile
W0000986,U00736,M00064,2026-05-04 15:04:16.414788,25,True,Laptop
W0000987,U00970,M00015,2025-07-31 15:04:16.414790,63,True,Laptop
W0000988,U00734,M00209,2025-10-11 15:04:16.414792,77,False,Laptop
W0000989,U00034,M00137,2026-02-13 15:04:16.414794,123,True,Tablet
W0000990,U00753,M00143,2025-05-14 15:04:16.414796,147,False,TV
W0000991,U00862,M00190,2026-02-08 15:04:16.414798,17,True,Tablet
W0000992,U00203,M00153,2025-06-15 15:04:16.414800,153,True,Laptop
W0000993,U00997,M00127,2025-08-18 15:04:16.414802,125,False,Mobile
W0000994,U00608,M00141,2026-04-13 15:04:16.414804,112,True,Laptop
W0000995,U00337,M00084,2025-06-18 15:04:16.414806,151,True,Mobile
W0000996,U00951,M00119,2025-10-26 15:04:16.414807,135,False,Tablet
W0000997,U00005,M00015,2025-11-04 15:04:16.414809,7,False,Laptop
W0000998,U00848,M00259,2025-07-27 15:04:16.414811,61,False,Tablet
W0000999,U00172,M00118,2026-04-28 15:04:16.414813,26,False,Laptop
W0001000,U00135,M00015,2025-07-16 15:04:16.414851,45,False,Mobile
W0001001,U00182,M00286,2025-09-16 15:04:16.414857,139,True,Tablet
W0001002,U00922,M00155,2025-12-15 15:04:16.414860,23,True,Tablet
W0001003,U00837,M00141,2025-11-22 15:04:16.414863,90,False,Laptop
W0001004,U00453,M00298,2026-03-30 15:04:16.414865,58,False,Mobile
W0001005,U00819,M00065,2025-11-30 15:04:16.414867,145,True,TV
W0001006,U00347,M00254,2025-10-03 15:04:16.414871,91,True,Mobile
W0001007,U00334,M00143,2025-07-10 15:04:16.414873,108,False,Tablet
W0001008,U00031,M00275,2025-11-05 15:04:16.414875,22,True,TV
W0001009,U00888,M00214,2025-08-06 15:04:16.414877,24,True,Mobile
W0001010,U00680,M00107,2025-05-14 15:04:16.414879,34,False,Tablet
W0001011,U00377,M00243,2025-08-16 15:04:16.414881,146,True,Laptop
W0001012,U00778,M00031,2025-06-24 15:04:16.414883,50,True,Laptop
W0001013,U00391,M00055,2025-10-12 15:04:16.414885,5,False,Laptop
W0001014,U00489,M00007,2025-12-09 15:04:16.414888,78,True,Laptop
W0001015,U00207,M00016,2026-04-12 15:04:16.414890,24,False,Tablet
W0001016,U00099,M00256,2025-10-22 15:04:16.414892,5,False,Tablet
W0001017,U00809,M00096,2025-10-01 15:04:16.414894,130,True,TV
W0001018,U00068,M00237,2026-02-18 15:04:16.414896,168,True,Tablet
W0001019,U00169,M00116,2025-10-16 15:04:16.414898,97,False,Tablet
W0001020,U00836,M00182,2025-12-14 15:04:16.414901,65,True,Tablet
W0001021,U00991,M00133,2026-01-01 15:04:16.414903,129,True,Tablet
W0001022,U00565,M00287,2026-02-07 15:04:16.414906,35,False,Laptop
W0001023,U00680,M00118,2025-11-29 15:04:16.414908,127,True,TV
W0001024,U00604,M00279,2026-01-05 15:04:16.414910,69,False,Laptop
W0001025,U00141,M00252,2026-03-08 15:04:16.414912,77,True,Mobile
W0001026,U00043,M00218,2025-08-10 15:04:16.414914,141,True,Mobile
W0001027,U00259,M00158,2025-09-03 15:04:16.414916,92,True,Laptop
W0001028,U00236,M00067,2025-10-10 15:04:16.414917,152,False,Mobile
W0001029,U00992,M00102,2025-07-27 15:04:16.414919,29,True,Tablet
W0001030,U00507,M00173,2025-06-10 15:04:16.414921,28,True,Mobile
W0001031,U00671,M00222,2025-12-16 15:04:16.414923,140,False,Tablet
W0001032,U00192,M00155,2026-01-25 15:04:16.414925,165,True,Mobile
W0001033,U00064,M00209,2026-03-15 15:04:16.414927,75,True,TV
W0001034,U00013,M00023,2025-10-12 15:04:16.414929,83,False,TV
W0001035,U00260,M00073,2025-05-13 15:04:16.414931,60,False,Mobile
W0001036,U00647,M00069,2025-11-14 15:04:16.414933,160,False,Tablet
W0001037,U00834,M00160,2025-11-01 15:04:16.414935,97,False,Laptop
W0001038,U00748,M00298,2025-10-17 15:04:16.414938,131,False,TV
W0001039,U00388,M00080,2025-10-19 15:04:16.414941,151,False,TV
W0001040,U00827,M00294,2025-05-10 15:04:16.414943,136,False,TV
W0001041,U00803,M00256,2026-03-24 15:04:16.414945,177,True,Tablet
W0001042,U00936,M00026,2026-03-28 15:04:16.414948,122,False,Laptop
W0001043,U00132,M00032,2025-08-28 15:04:16.414949,94,True,TV
W0001044,U00817,M00288,2025-08-23 15:04:16.414951,15,False,Mobile
W0001045,U00403,M00268,2025-05-17 15:04:16.414953,65,True,Laptop
W0001046,U00104,M00245,2025-08-14 15:04:16.414955,64,True,TV
W0001047,U00658,M00120,2025-05-15 15:04:16.414957,130,False,TV
W0001048,U00396,M00201,2025-10-24 15:04:16.414959,100,False,TV
W0001049,U00153,M00217,2025-06-30 15:04:16.414961,73,True,Tablet
W0001050,U00313,M00177,2026-05-01 15:04:16.414963,138,False,Tablet
W0001051,U00491,M00131,2025-06-11 15:04:16.414965,152,True,TV
W0001052,U00131,M00151,2025-10-26 15:04:16.414967,116,True,Mobile
W0001053,U00088,M00013,2025-11-24 15:04:16.414969,75,False,TV
W0001054,U00870,M00215,2026-03-20 15:04:16.414971,109,True,Tablet
W0001055,U00706,M00253,2026-01-22 15:04:16.414973,149,True,Laptop
W0001056,U00954,M00242,2025-10-13 15:04:16.414975,136,True,TV
W0001057,U00566,M00053,2025-12-12 15:04:16.414978,62,False,Mobile
W0001058,U00166,M00086,2025-11-17 15:04:16.414980,6,False,TV
W0001059,U00955,M00187,2026-02-01 15:04:16.414983,69,False,Laptop
W0001060,U00771,M00241,2025-10-07 15:04:16.414986,61,True,Mobile
W0001061,U00939,M00153,2025-07-29 15:04:16.414987,29,False,Laptop
W0001062,U00587,M00107,2025-09-07 15:04:16.414989,108,False,Laptop
W0001063,U00382,M00004,2026-03-18 15:04:16.414991,150,True,Mobile
W0001064,U00438,M00292,2025-06-07 15:04:16.414994,29,True,Tablet
W0001065,U00254,M00108,2025-11-17 15:04:16.414996,57,True,Tablet
W0001066,U00331,M00076,2025-10-12 15:04:16.414998,150,True,TV
W0001067,U00185,M00101,2025-11-05 15:04:16.415000,88,False,TV
W0001068,U00922,M00059,2026-03-25 15:04:16.415002,134,False,TV
W0001069,U00517,M00274,2025-09-16 15:04:16.415004,132,True,Laptop
W0001070,U00832,M00205,2026-04-02 15:04:16.415007,47,False,Mobile
W0001071,U00627,M00044,2025-12-23 15:04:16.415009,46,False,Mobile
W0001072,U00600,M00193,2026-01-19 15:04:16.415011,142,False,TV
W0001073,U00975,M00078,2025-11-16 15:04:16.415013,142,False,TV
W0001074,U00400,M00142,2025-10-17 15:04:16.415015,65,False,Mobile
W0001075,U00962,M00002,2026-04-13 15:04:16.415017,127,False,Tablet
W0001076,U00721,M00132,2025-12-04 15:04:16.415019,41,True,Laptop
W0001077,U00989,M00178,2025-07-17 15:04:16.415021,95,True,Mobile
W0001078,U00686,M00028,2025-06-10 15:04:16.415025,159,True,Tablet
W0001079,U00590,M00007,2025-12-17 15:04:16.415027,170,True,Tablet
W0001080,U00427,M00161,2025-09-20 15:04:16.415030,57,False,Tablet
W0001081,U00256,M00288,2025-05-23 15:04:16.415032,78,False,TV
W0001082,U00780,M00125,2025-12-08 15:04:16.415034,108,False,Tablet
W0001083,U00698,M00201,2026-03-12 15:04:16.415036,46,True,Mobile
W0001084,U00219,M00252,2026-04-08 15:04:16.415038,124,False,TV
W0001085,U00396,M00205,2025-10-20 15:04:16.415040,40,True,Tablet
W0001086,U00643,M00110,2025-09-23 15:04:16.415042,116,True,Tablet
W0001087,U00388,M00247,2025-08-10 15:04:16.415044,144,False,TV
W0001088,U00388,M00145,2025-10-27 15:04:16.415046,53,True,Tablet
W0001089,U00177,M00062,2026-02-04 15:04:16.415048,121,True,Laptop
W0001090,U00127,M00250,2026-03-08 15:04:16.415050,9,False,TV
W0001091,U00100,M00058,2026-01-26 15:04:16.415052,64,True,TV
W0001092,U00264,M00164,2025-12-27 15:04:16.415054,129,True,Tablet
W0001093,U00458,M00014,2026-03-11 15:04:16.415056,100,False,Laptop
W0001094,U00148,M00131,2026-05-07 15:04:16.415058,159,False,Tablet
W0001095,U00499,M00259,2025-06-09 15:04:16.415060,77,False,Mobile
W0001096,U00455,M00272,2026-01-26 15:04:16.415062,43,True,Tablet
W0001097,U00422,M00014,2026-03-21 15:04:16.415064,7,True,Mobile
W0001098,U00022,M00146,2025-12-28 15:04:16.415068,121,True,Laptop
W0001099,U00975,M00092,2025-11-01 15:04:16.415070,154,True,TV
W0001100,U00666,M00078,2025-12-12 15:04:16.415071,124,True,Mobile
W0001101,U00079,M00038,2026-03-25 15:04:16.415074,36,False,TV
W0001102,U00510,M00226,2026-04-19 15:04:16.415078,45,False,Mobile
W0001103,U00154,M00297,2026-04-28 15:04:16.415080,31,True,Mobile
W0001104,U00440,M00277,2025-10-04 15:04:16.415082,21,True,Mobile
W0001105,U00710,M00014,2025-09-14 15:04:16.415084,167,False,Laptop
W0001106,U00219,M00055,2025-10-03 15:04:16.415086,63,False,Tablet
W0001107,U00852,M00245,2026-02-25 15:04:16.415088,152,True,Mobile
W0001108,U00883,M00276,2026-03-14 15:04:16.415090,109,False,Mobile
W0001109,U00624,M00217,2026-02-14 15:04:16.415092,153,False,Laptop
W0001110,U00491,M00238,2025-07-23 15:04:16.415094,178,True,TV
W0001111,U00245,M00165,2025-11-23 15:04:16.415096,23,False,Tablet
W0001112,U00887,M00209,2025-08-02 15:04:16.415098,16,False,TV
W0001113,U00940,M00168,2025-07-06 15:04:16.415100,141,True,Laptop
W0001114,U00706,M00095,2026-01-02 15:04:16.415102,139,False,Tablet
W0001115,U00418,M00050,2025-12-23 15:04:16.415104,75,True,Laptop
W0001116,U00613,M00205,2025-06-16 15:04:16.415106,15,True,TV
W0001117,U00463,M00027,2025-11-26 15:04:16.415109,123,True,Tablet
W0001118,U00708,M00238,2025-12-04 15:04:16.415111,8,False,TV
W0001119,U00389,M00170,2025-10-12 15:04:16.415113,100,False,Mobile
W0001120,U00646,M00095,2025-09-13 15:04:16.415115,146,True,TV
W0001121,U00665,M00259,2025-10-15 15:04:16.415117,96,False,Laptop
W0001122,U00936,M00237,2026-04-19 15:04:16.415119,45,True,Mobile
W0001123,U00680,M00143,2026-01-30 15:04:16.415121,137,False,TV
W0001124,U00612,M00232,2025-07-02 15:04:16.415123,87,False,Tablet
W0001125,U00318,M00146,2025-09-27 15:04:16.415125,141,True,Mobile
W0001126,U00739,M00274,2025-09-24 15:04:16.415127,61,False,Mobile
W0001127,U00585,M00184,2025-11-08 15:04:16.415129,114,True,Laptop
W0001128,U00829,M00119,2025-06-03 15:04:16.415131,28,True,Laptop
W0001129,U00563,M00025,2025-09-28 15:04:16.415133,97,False,Laptop
W0001130,U00469,M00195,2025-07-20 15:04:16.415135,30,True,Mobile
W0001131,U00997,M00220,2026-01-06 15:04:16.415137,54,True,Tablet
W0001132,U00169,M00031,2026-02-04 15:04:16.415139,49,True,Mobile
W0001133,U00302,M00173,2025-05-22 15:04:16.415141,156,False,Laptop
W0001134,U00444,M00132,2026-04-28 15:04:16.415145,27,True,Laptop
W0001135,U00189,M00125,2025-08-05 15:04:16.415147,6,True,Tablet
W0001136,U00442,M00075,2025-06-26 15:04:16.415149,139,True,Tablet
W0001137,U00193,M00181,2026-04-17 15:04:16.415153,16,False,TV
W0001138,U00042,M00074,2025-08-23 15:04:16.415155,38,True,TV
W0001139,U00070,M00006,2025-05-14 15:04:16.415157,156,True,TV
W0001140,U00212,M00261,2025-12-08 15:04:16.415159,53,False,Tablet
W0001141,U00104,M00172,2026-03-02 15:04:16.415161,115,True,Laptop
W0001142,U00692,M00076,2026-02-28 15:04:16.415165,11,False,Tablet
W0001143,U00530,M00080,2025-06-02 15:04:16.415167,10,False,Laptop
W0001144,U00201,M00241,2026-04-09 15:04:16.415169,30,False,Tablet
W0001145,U00959,M00122,2025-05-31 15:04:16.415171,84,True,Mobile
W0001146,U00852,M00247,2026-02-20 15:04:16.415173,107,True,Laptop
W0001147,U00229,M00257,2025-05-18 15:04:16.415175,5,True,Laptop
W0001148,U00919,M00283,2026-01-14 15:04:16.415177,79,True,Mobile
W0001149,U00701,M00076,2026-03-19 15:04:16.415179,85,False,Tablet
W0001150,U00240,M00137,2025-05-17 15:04:16.415181,166,False,Tablet
W0001151,U00323,M00216,2025-12-08 15:04:16.415183,123,True,Tablet
W0001152,U00154,M00004,2025-06-15 15:04:16.415185,8,False,Tablet
W0001153,U00321,M00166,2025-12-05 15:04:16.415186,159,False,Mobile
W0001154,U00524,M00121,2025-07-23 15:04:16.415188,55,False,TV
W0001155,U00075,M00278,2026-04-10 15:04:16.415190,68,True,TV
W0001156,U00014,M00203,2026-02-18 15:04:16.415194,15,False,Laptop
W0001157,U00779,M00196,2025-06-03 15:04:16.415196,51,False,Tablet
W0001158,U00369,M00184,2025-07-16 15:04:16.415198,57,True,Mobile
W0001159,U00950,M00258,2026-03-23 15:04:16.415200,138,True,Laptop
W0001160,U00964,M00277,2025-06-21 15:04:16.415202,140,False,TV
W0001161,U00226,M00079,2025-10-11 15:04:16.415204,148,False,TV
W0001162,U00944,M00239,2026-03-23 15:04:16.415206,106,True,Mobile
W0001163,U00448,M00125,2026-03-30 15:04:16.415208,81,False,Mobile
W0001164,U00082,M00226,2026-03-29 15:04:16.415210,124,True,Mobile
W0001165,U00218,M00292,2025-06-10 15:04:16.415212,59,False,Mobile
W0001166,U00875,M00284,2026-05-02 15:04:16.415261,120,True,TV
W0001167,U00484,M00032,2026-01-26 15:04:16.415266,146,True,TV
W0001168,U00836,M00110,2026-02-16 15:04:16.415269,95,False,TV
W0001169,U00348,M00116,2025-07-30 15:04:16.415271,55,True,Mobile
W0001170,U00031,M00101,2025-08-10 15:04:16.415273,59,True,Mobile
W0001171,U00724,M00231,2025-12-25 15:04:16.415275,94,False,Mobile
W0001172,U00962,M00102,2026-05-08 15:04:16.415278,39,True,Mobile
W0001173,U00321,M00215,2025-10-06 15:04:16.415280,107,True,Tablet
W0001174,U00133,M00220,2026-05-08 15:04:16.415282,123,True,Tablet
W0001175,U00299,M00180,2026-03-03 15:04:16.415284,88,False,Tablet
W0001176,U00858,M00056,2025-08-31 15:04:16.415287,113,True,TV
W0001177,U00108,M00213,2025-08-17 15:04:16.415289,26,False,Laptop
W0001178,U00913,M00246,2026-04-23 15:04:16.415292,142,False,Laptop
W0001179,U00031,M00260,2025-06-20 15:04:16.415293,103,False,Laptop
W0001180,U00637,M00160,2025-05-29 15:04:16.415296,42,False,Tablet
W0001181,U00419,M00283,2025-06-26 15:04:16.415298,116,True,Tablet
W0001182,U00231,M00212,2025-06-17 15:04:16.415300,145,False,Tablet
W0001183,U00547,M00103,2025-11-28 15:04:16.415302,87,True,TV
W0001184,U00888,M00076,2025-09-04 15:04:16.415304,44,False,TV
W0001185,U00826,M00175,2025-08-18 15:04:16.415306,152,True,TV
W0001186,U00657,M00124,2025-05-20 15:04:16.415308,105,True,Laptop
W0001187,U00242,M00184,2026-05-04 15:04:16.415310,31,True,TV
W0001188,U00738,M00255,2025-12-29 15:04:16.415312,149,True,Mobile
W0001189,U00914,M00158,2025-10-11 15:04:16.415314,74,False,Tablet
W0001190,U00853,M00090,2025-10-30 15:04:16.415316,76,False,Mobile
W0001191,U00404,M00239,2025-07-25 15:04:16.415318,136,True,TV
W0001192,U00240,M00200,2026-04-30 15:04:16.415320,170,False,Tablet
W0001193,U00370,M00258,2026-03-24 15:04:16.415322,137,False,TV
W0001194,U00647,M00213,2026-03-18 15:04:16.415324,99,False,TV
W0001195,U00641,M00150,2026-02-02 15:04:16.415327,179,False,Mobile
W0001196,U00354,M00048,2025-09-20 15:04:16.415330,149,True,TV
W0001197,U00255,M00149,2026-03-19 15:04:16.415332,92,True,Tablet
W0001198,U00334,M00040,2025-09-17 15:04:16.415335,53,True,Tablet
W0001199,U00171,M00030,2025-10-10 15:04:16.415338,19,True,Mobile
W0001200,U00985,M00013,2025-07-18 15:04:16.415340,54,True,Laptop
W0001201,U00992,M00206,2025-12-24 15:04:16.415342,45,False,Tablet
W0001202,U00078,M00300,2026-04-27 15:04:16.415344,50,False,Tablet
W0001203,U00320,M00206,2025-07-27 15:04:16.415347,44,True,TV
W0001204,U00848,M00072,2026-03-26 15:04:16.415348,130,False,Laptop
W0001205,U00005,M00121,2025-09-30 15:04:16.415350,7,False,Tablet
W0001206,U00685,M00219,2025-11-30 15:04:16.415353,31,False,Laptop
W0001207,U00061,M00081,2026-01-11 15:04:16.415354,7,True,Mobile
W0001208,U00119,M00222,2026-04-15 15:04:16.415356,55,True,Laptop
W0001209,U00804,M00143,2025-10-04 15:04:16.415358,124,False,Tablet
W0001210,U00272,M00156,2025-06-04 15:04:16.415360,57,False,TV
W0001211,U00685,M00256,2025-07-19 15:04:16.415362,166,False,Tablet
W0001212,U00876,M00052,2026-02-16 15:04:16.415364,20,True,Mobile
W0001213,U00292,M00175,2025-12-09 15:04:16.415366,12,False,TV
W0001214,U00171,M00008,2025-10-27 15:04:16.415368,141,True,TV
W0001215,U00660,M00027,2025-12-26 15:04:16.415371,127,True,Laptop
W0001216,U00977,M00139,2026-04-30 15:04:16.415373,153,False,TV
W0001217,U00650,M00077,2026-03-18 15:04:16.415375,36,True,Mobile
W0001218,U00112,M00191,2025-08-12 15:04:16.415377,138,False,Mobile
W0001219,U00201,M00088,2025-12-07 15:04:16.415379,177,False,Mobile
W0001220,U00982,M00256,2025-06-28 15:04:16.415381,61,False,Mobile
W0001221,U00185,M00211,2026-01-06 15:04:16.415383,70,False,TV
W0001222,U00610,M00282,2026-03-06 15:04:16.415385,80,False,Mobile
W0001223,U00355,M00130,2026-01-21 15:04:16.415387,26,True,Tablet
W0001224,U00283,M00115,2026-02-09 15:04:16.415390,26,True,Laptop
W0001225,U00636,M00288,2026-03-19 15:04:16.415391,15,False,TV
W0001226,U00386,M00065,2025-09-05 15:04:16.415394,152,True,Laptop
W0001227,U00763,M00143,2025-12-31 15:04:16.415396,119,True,Mobile
W0001228,U00008,M00103,2025-09-29 15:04:16.415399,150,False,Tablet
W0001229,U00777,M00174,2025-05-11 15:04:16.415403,7,False,Mobile
W0001230,U00296,M00020,2025-08-09 15:04:16.415405,43,True,Laptop
W0001231,U00012,M00214,2026-03-24 15:04:16.415407,15,True,Laptop
W0001232,U00842,M00170,2025-07-05 15:04:16.415409,178,False,Mobile
W0001233,U00691,M00167,2026-04-24 15:04:16.415411,175,True,TV
W0001234,U00010,M00290,2025-08-02 15:04:16.415415,67,True,Mobile
W0001235,U00616,M00127,2025-08-28 15:04:16.415417,94,True,Laptop
W0001236,U00110,M00248,2025-12-02 15:04:16.415420,103,True,Laptop
W0001237,U00516,M00289,2025-08-07 15:04:16.415422,176,True,Mobile
W0001238,U00020,M00104,2025-12-24 15:04:16.415425,130,False,Laptop
W0001239,U00661,M00128,2026-04-24 15:04:16.415428,32,True,Tablet
W0001240,U00802,M00101,2026-04-12 15:04:16.415431,103,False,Mobile
W0001241,U00370,M00150,2025-06-14 15:04:16.415434,72,True,Mobile
W0001242,U00062,M00110,2025-05-27 15:04:16.415438,161,True,TV
W0001243,U00604,M00290,2025-07-06 15:04:16.415441,104,True,Tablet
W0001244,U00261,M00224,2026-03-13 15:04:16.415445,23,False,Tablet
W0001245,U00962,M00087,2025-10-14 15:04:16.415448,30,True,Mobile
W0001246,U00771,M00273,2026-02-23 15:04:16.415452,169,True,Mobile
W0001247,U00780,M00259,2026-01-27 15:04:16.415456,109,False,Mobile
W0001248,U00674,M00163,2025-05-30 15:04:16.415460,131,True,Mobile
W0001249,U00338,M00185,2026-03-23 15:04:16.415463,97,False,Tablet
W0001250,U00220,M00161,2025-08-11 15:04:16.415467,30,False,Laptop
W0001251,U00020,M00272,2025-06-20 15:04:16.415471,115,False,Mobile
W0001252,U00164,M00096,2025-09-20 15:04:16.415475,54,False,TV
W0001253,U00404,M00270,2025-05-30 15:04:16.415478,38,True,Mobile
W0001254,U00538,M00294,2026-04-25 15:04:16.415486,140,True,Laptop
W0001255,U00572,M00072,2025-06-20 15:04:16.415490,115,False,Tablet
W0001256,U00907,M00228,2025-11-12 15:04:16.415494,124,False,TV
W0001257,U00965,M00188,2026-04-17 15:04:16.415498,52,True,Laptop
W0001258,U00128,M00103,2025-07-13 15:04:16.415501,100,True,Mobile
W0001259,U00722,M00189,2025-11-23 15:04:16.415504,43,True,Laptop
W0001260,U00084,M00048,2026-01-09 15:04:16.415508,127,True,Tablet
W0001261,U00611,M00262,2025-06-18 15:04:16.415514,127,False,Mobile
W0001262,U00233,M00151,2025-05-24 15:04:16.415517,56,False,Laptop
W0001263,U00274,M00091,2026-01-17 15:04:16.415521,115,False,TV
W0001264,U00449,M00185,2026-02-15 15:04:16.415524,53,False,TV
W0001265,U00256,M00011,2025-05-17 15:04:16.415527,57,False,TV
W0001266,U00350,M00217,2025-09-09 15:04:16.415531,8,False,Tablet
W0001267,U00877,M00102,2026-02-25 15:04:16.415534,30,True,Tablet
W0001268,U00404,M00208,2026-04-21 15:04:16.415537,97,True,Mobile
W0001269,U00526,M00272,2025-11-06 15:04:16.415540,8,False,Mobile
W0001270,U00479,M00142,2026-02-05 15:04:16.415544,22,True,Laptop
W0001271,U00435,M00020,2026-05-09 15:04:16.415547,87,True,Laptop
W0001272,U00577,M00110,2026-05-02 15:04:16.415551,131,False,Laptop
W0001273,U00675,M00047,2025-11-03 15:04:16.415557,153,True,Laptop
W0001274,U00988,M00042,2026-02-15 15:04:16.415560,141,False,Tablet
W0001275,U00671,M00030,2025-08-31 15:04:16.415564,77,False,Laptop
W0001276,U00068,M00170,2025-08-18 15:04:16.415567,165,True,Mobile
W0001277,U00275,M00164,2026-03-02 15:04:16.415571,179,True,Laptop
W0001278,U00076,M00274,2025-10-09 15:04:16.415574,106,False,TV
W0001279,U00333,M00251,2025-07-13 15:04:16.415577,19,False,Mobile
W0001280,U00793,M00244,2026-04-15 15:04:16.415581,147,True,Laptop
W0001281,U00626,M00035,2025-05-29 15:04:16.415584,26,True,TV
W0001282,U00714,M00169,2026-01-17 15:04:16.415588,122,False,Laptop
W0001283,U00313,M00208,2026-03-24 15:04:16.415591,71,False,Laptop
W0001284,U00048,M00177,2026-04-26 15:04:16.415594,12,True,Laptop
W0001285,U00904,M00266,2025-12-30 15:04:16.415598,103,True,TV
W0001286,U00742,M00196,2025-09-21 15:04:16.415601,37,True,Tablet
W0001287,U00876,M00130,2025-10-17 15:04:16.415605,97,True,TV
W0001288,U00354,M00115,2025-09-19 15:04:16.415608,75,True,TV
W0001289,U00524,M00097,2025-11-25 15:04:16.415612,175,True,Laptop
W0001290,U00761,M00255,2025-08-17 15:04:16.415616,92,True,Mobile
W0001291,U00804,M00280,2025-09-08 15:04:16.415620,105,True,Mobile
W0001292,U00302,M00264,2026-02-09 15:04:16.415623,100,True,Laptop
W0001293,U00187,M00207,2025-10-15 15:04:16.415634,17,True,Laptop
W0001294,U00342,M00027,2025-05-31 15:04:16.415637,98,False,Mobile
W0001295,U00059,M00089,2026-03-09 15:04:16.415640,113,False,Tablet
W0001296,U00348,M00264,2025-08-13 15:04:16.415643,133,False,Tablet
W0001297,U00050,M00271,2025-10-02 15:04:16.415646,164,False,Tablet
W0001298,U00978,M00146,2026-04-18 15:04:16.415649,82,False,TV
W0001299,U00643,M00029,2025-11-28 15:04:16.415652,115,True,Mobile
W0001300,U00269,M00203,2025-10-10 15:04:16.415657,72,False,Mobile
W0001301,U00298,M00011,2025-10-31 15:04:16.415659,126,False,Tablet
W0001302,U00633,M00183,2025-11-05 15:04:16.415661,167,False,TV
W0001303,U00756,M00048,2026-03-02 15:04:16.415663,174,False,TV
W0001304,U00953,M00208,2025-07-09 15:04:16.415665,160,True,Tablet
W0001305,U00018,M00273,2026-02-18 15:04:16.415667,96,False,Laptop
W0001306,U00666,M00258,2025-07-24 15:04:16.415669,78,False,TV
W0001307,U00657,M00277,2026-05-01 15:04:16.415672,88,False,Tablet
W0001308,U00771,M00130,2025-10-30 15:04:16.415673,20,False,Laptop
W0001309,U00103,M00052,2026-01-25 15:04:16.415675,146,False,Laptop
W0001310,U00103,M00153,2025-07-22 15:04:16.415678,160,True,Tablet
W0001311,U00969,M00265,2026-03-24 15:04:16.415680,75,False,Laptop
W0001312,U00590,M00186,2025-09-29 15:04:16.415685,80,True,Tablet
W0001313,U00030,M00177,2025-11-24 15:04:16.415687,54,False,Mobile
W0001314,U00673,M00279,2025-07-15 15:04:16.415689,105,False,Mobile
W0001315,U00921,M00129,2025-10-09 15:04:16.415691,179,True,Laptop
W0001316,U00784,M00254,2026-04-16 15:04:16.415693,8,False,Tablet
W0001317,U00742,M00017,2025-11-21 15:04:16.415695,95,True,TV
W0001318,U00928,M00168,2026-04-22 15:04:16.415697,178,False,Tablet
W0001319,U00293,M00026,2025-11-20 15:04:16.415699,62,True,Tablet
W0001320,U00092,M00063,2025-07-18 15:04:16.415701,100,True,Tablet
W0001321,U00230,M00123,2026-05-02 15:04:16.415703,135,True,TV
W0001322,U00730,M00259,2025-10-13 15:04:16.415706,41,True,Mobile
W0001323,U00682,M00102,2025-11-18 15:04:16.415707,68,True,Mobile
W0001324,U00296,M00194,2025-07-13 15:04:16.415709,156,True,Tablet
W0001325,U00982,M00293,2026-02-19 15:04:16.415792,173,False,TV
W0001326,U00832,M00263,2025-11-28 15:04:16.415797,39,False,Laptop
W0001327,U00422,M00020,2026-04-30 15:04:16.415800,141,True,Laptop
W0001328,U00696,M00082,2025-05-26 15:04:16.415803,102,False,Laptop
W0001329,U00949,M00175,2025-05-31 15:04:16.415806,180,True,Tablet
W0001330,U00597,M00166,2025-10-14 15:04:16.415808,148,True,Tablet
W0001331,U00832,M00235,2025-12-14 15:04:16.415810,99,False,Laptop
W0001332,U00419,M00248,2025-12-19 15:04:16.415814,25,True,Tablet
W0001333,U00120,M00289,2025-11-07 15:04:16.415816,92,False,Mobile
W0001334,U00216,M00257,2026-05-09 15:04:16.415818,65,True,TV
W0001335,U00612,M00038,2026-04-21 15:04:16.415820,5,True,Tablet
W0001336,U00659,M00265,2026-01-26 15:04:16.415822,88,False,Mobile
W0001337,U00502,M00077,2026-01-07 15:04:16.415824,88,True,Mobile
W0001338,U00004,M00100,2025-05-22 15:04:16.415826,156,False,TV
W0001339,U00282,M00006,2025-07-05 15:04:16.415829,138,False,Mobile
W0001340,U00321,M00182,2025-12-30 15:04:16.415831,173,False,Tablet
W0001341,U00710,M00151,2025-07-25 15:04:16.415833,148,False,Mobile
W0001342,U00619,M00203,2025-08-08 15:04:16.415835,101,True,TV
W0001343,U00295,M00142,2025-10-31 15:04:16.415837,97,False,Laptop
W0001344,U00702,M00103,2025-10-15 15:04:16.415839,85,False,TV
W0001345,U00473,M00079,2025-08-24 15:04:16.415841,149,False,Tablet
W0001346,U00457,M00248,2026-02-02 15:04:16.415843,35,False,Laptop
W0001347,U00850,M00235,2025-11-14 15:04:16.415845,169,False,Tablet
W0001348,U00933,M00291,2025-09-04 15:04:16.415847,108,False,Mobile
W0001349,U00058,M00224,2026-03-26 15:04:16.415849,8,False,TV
W0001350,U00435,M00273,2025-11-28 15:04:16.415851,16,False,Laptop
W0001351,U00157,M00243,2025-10-18 15:04:16.415854,21,True,Laptop
W0001352,U00255,M00123,2025-06-17 15:04:16.415857,60,False,Tablet
W0001353,U00268,M00010,2025-11-30 15:04:16.415859,46,True,TV
W0001354,U00187,M00038,2026-01-23 15:04:16.415861,56,True,Tablet
W0001355,U00568,M00181,2026-03-24 15:04:16.415863,94,False,Laptop
W0001356,U00831,M00002,2025-05-24 15:04:16.415865,41,False,TV
W0001357,U00314,M00261,2026-03-28 15:04:16.415868,115,True,Tablet
W0001358,U00212,M00267,2025-09-13 15:04:16.415871,9,False,Mobile
W0001359,U00457,M00260,2026-01-21 15:04:16.415873,46,True,Tablet
W0001360,U00739,M00204,2025-12-09 15:04:16.415875,51,False,Mobile
W0001361,U00479,M00114,2026-02-11 15:04:16.415877,123,False,Laptop
W0001362,U00426,M00075,2026-04-16 15:04:16.415879,83,True,Tablet
W0001363,U00355,M00238,2025-10-22 15:04:16.415881,7,True,Mobile
W0001364,U00497,M00017,2026-02-11 15:04:16.415883,40,True,Laptop
W0001365,U00301,M00001,2026-02-22 15:04:16.415885,113,False,Tablet
W0001366,U00890,M00054,2025-08-29 15:04:16.415887,150,False,Laptop
W0001367,U00846,M00112,2025-08-25 15:04:16.415889,175,True,TV
W0001368,U00808,M00122,2025-11-02 15:04:16.415891,66,False,TV
W0001369,U00698,M00103,2026-02-27 15:04:16.415893,163,True,Mobile
W0001370,U00414,M00183,2025-10-24 15:04:16.415896,169,True,TV
W0001371,U00797,M00122,2026-01-28 15:04:16.415900,46,True,Mobile
W0001372,U00039,M00292,2025-12-21 15:04:16.415902,79,True,TV
W0001373,U00989,M00153,2025-12-19 15:04:16.415904,85,False,Tablet
W0001374,U00720,M00025,2025-10-22 15:04:16.415906,152,False,Tablet
W0001375,U00960,M00186,2026-02-20 15:04:16.415908,89,False,Mobile
W0001376,U00063,M00144,2025-10-31 15:04:16.415911,124,False,TV
W0001377,U00664,M00068,2025-12-20 15:04:16.415913,51,False,Mobile
W0001378,U00004,M00140,2025-07-27 15:04:16.415915,29,False,Laptop
W0001379,U00068,M00243,2026-02-26 15:04:16.415917,152,False,Tablet
W0001380,U00912,M00261,2026-02-27 15:04:16.415919,176,False,Mobile
W0001381,U00288,M00112,2026-02-08 15:04:16.415921,173,True,TV
W0001382,U00308,M00203,2025-07-31 15:04:16.415923,133,False,Mobile
W0001383,U00894,M00186,2025-08-22 15:04:16.415925,84,False,Laptop
W0001384,U00988,M00175,2025-12-13 15:04:16.415927,130,False,Mobile
W0001385,U00621,M00139,2026-04-27 15:04:16.415930,23,True,TV
W0001386,U00085,M00217,2026-02-07 15:04:16.415932,115,True,Tablet
W0001387,U00032,M00180,2025-07-04 15:04:16.415934,24,False,Tablet
W0001388,U00321,M00027,2026-03-16 15:04:16.415936,44,False,Mobile
W0001389,U00567,M00295,2025-07-06 15:04:16.415939,112,True,Laptop
W0001390,U00660,M00057,2025-07-13 15:04:16.415945,178,False,TV
W0001391,U00418,M00072,2025-09-12 15:04:16.415947,164,True,Mobile
W0001392,U00718,M00153,2025-08-17 15:04:16.415949,52,False,Tablet
W0001393,U00506,M00059,2026-03-16 15:04:16.415951,16,False,Tablet
W0001394,U00833,M00087,2025-05-14 15:04:16.415953,176,True,Laptop
W0001395,U00786,M00197,2025-10-20 15:04:16.415955,76,False,Mobile
W0001396,U00090,M00097,2025-06-15 15:04:16.415957,122,False,Tablet
W0001397,U00148,M00120,2025-11-14 15:04:16.416175,113,False,Laptop
W0001398,U00568,M00141,2025-05-13 15:04:16.416185,132,False,TV
W0001399,U00185,M00024,2025-12-24 15:04:16.416189,97,True,Mobile
W0001400,U00505,M00021,2026-01-09 15:04:16.416193,112,False,TV
W0001401,U00523,M00180,2025-09-04 15:04:16.416197,145,True,Tablet
W0001402,U00876,M00191,2025-06-26 15:04:16.416201,45,True,TV
W0001403,U00517,M00173,2025-05-10 15:04:16.416205,43,True,Laptop
W0001404,U00746,M00232,2025-12-26 15:04:16.416209,10,False,Mobile
W0001405,U00503,M00235,2025-05-21 15:04:16.416212,22,False,Tablet
W0001406,U00938,M00137,2026-02-22 15:04:16.416217,75,True,Mobile
W0001407,U00922,M00068,2025-09-12 15:04:16.416221,144,True,Mobile
W0001408,U00555,M00052,2025-12-16 15:04:16.416224,122,False,Mobile
W0001409,U00931,M00209,2025-11-05 15:04:16.416228,31,False,Mobile
W0001410,U00249,M00077,2026-03-17 15:04:16.416237,58,False,Mobile
W0001411,U00021,M00279,2025-07-27 15:04:16.416241,60,False,Tablet
W0001412,U00293,M00228,2026-02-19 15:04:16.416245,121,True,Laptop
W0001413,U00122,M00075,2026-03-09 15:04:16.416248,91,False,Tablet
W0001414,U00265,M00023,2026-01-03 15:04:16.416252,20,False,TV
W0001415,U00660,M00265,2025-11-14 15:04:16.416256,140,False,Tablet
W0001416,U00229,M00015,2025-10-30 15:04:16.416259,130,False,Tablet
W0001417,U00408,M00153,2025-05-26 15:04:16.416263,132,False,Mobile
W0001418,U00413,M00155,2026-04-13 15:04:16.416266,50,True,Tablet
W0001419,U00571,M00108,2026-04-11 15:04:16.416270,72,False,Laptop
W0001420,U00986,M00231,2026-04-02 15:04:16.416273,62,True,Tablet
W0001421,U00447,M00195,2026-03-31 15:04:16.416278,132,True,TV
W0001422,U00631,M00242,2025-07-10 15:04:16.416282,153,False,TV
W0001423,U00018,M00067,2026-03-07 15:04:16.416286,49,True,Tablet
W0001424,U00921,M00041,2025-12-14 15:04:16.416289,76,False,Mobile
W0001425,U00080,M00205,2025-08-17 15:04:16.416292,39,True,Laptop
W0001426,U00534,M00254,2026-04-29 15:04:16.416296,104,True,TV
W0001427,U00523,M00247,2025-07-27 15:04:16.416300,149,True,Laptop
W0001428,U00710,M00205,2025-11-16 15:04:16.416302,44,False,TV
W0001429,U00676,M00197,2025-12-18 15:04:16.416306,93,True,TV
W0001430,U00929,M00194,2026-01-02 15:04:16.416308,137,False,Mobile
W0001431,U00746,M00091,2025-08-27 15:04:16.416311,49,True,TV
W0001432,U00235,M00092,2025-10-04 15:04:16.416313,152,False,Mobile
W0001433,U00570,M00176,2026-03-08 15:04:16.416315,35,True,Laptop
W0001434,U00464,M00189,2026-03-04 15:04:16.416317,12,True,TV
W0001435,U00655,M00282,2025-12-17 15:04:16.416319,32,False,Tablet
W0001436,U00428,M00185,2025-07-15 15:04:16.416322,112,True,TV
W0001437,U00765,M00091,2025-08-28 15:04:16.416324,96,False,Laptop
W0001438,U00035,M00266,2025-09-11 15:04:16.416326,111,False,TV
W0001439,U00510,M00237,2026-03-23 15:04:16.416328,46,False,Tablet
W0001440,U00136,M00023,2025-12-08 15:04:16.416330,7,True,Laptop
W0001441,U00693,M00243,2025-09-11 15:04:16.416332,178,True,Tablet
W0001442,U00231,M00132,2025-07-02 15:04:16.416334,62,True,Tablet
W0001443,U00176,M00275,2025-12-16 15:04:16.416336,15,False,Tablet
W0001444,U00029,M00051,2025-08-18 15:04:16.416338,122,False,Mobile
W0001445,U00781,M00011,2025-06-26 15:04:16.416340,179,True,TV
W0001446,U00976,M00293,2025-05-18 15:04:16.416342,78,True,Tablet
W0001447,U00822,M00224,2026-04-28 15:04:16.416345,155,False,Laptop
W0001448,U00400,M00092,2025-10-24 15:04:16.416347,33,False,TV
W0001449,U00342,M00123,2025-06-14 15:04:16.416351,40,False,Tablet
W0001450,U00585,M00224,2025-11-11 15:04:16.416353,35,True,Mobile
W0001451,U00936,M00208,2025-10-04 15:04:16.416355,140,False,TV
W0001452,U00018,M00238,2025-09-04 15:04:16.416358,5,True,Tablet
W0001453,U00353,M00162,2025-07-11 15:04:16.416361,79,False,Mobile
W0001454,U00230,M00015,2025-11-07 15:04:16.416364,39,False,TV
W0001455,U00393,M00094,2025-09-25 15:04:16.416366,32,False,Tablet
W0001456,U00814,M00236,2025-07-03 15:04:16.416368,132,False,Tablet
W0001457,U00013,M00081,2025-08-11 15:04:16.416370,105,True,TV
W0001458,U00372,M00206,2026-03-20 15:04:16.416372,153,True,Mobile
W0001459,U00505,M00116,2025-06-09 15:04:16.416374,47,True,Laptop
W0001460,U00623,M00119,2025-07-14 15:04:16.416376,11,False,TV
W0001461,U00887,M00120,2025-07-14 15:04:16.416378,141,False,TV
W0001462,U00925,M00273,2025-09-29 15:04:16.416380,63,False,Laptop
W0001463,U00454,M00082,2025-11-17 15:04:16.416383,45,True,TV
W0001464,U00525,M00250,2025-11-22 15:04:16.416385,177,False,Mobile
W0001465,U00599,M00026,2026-02-12 15:04:16.416387,112,False,Mobile
W0001466,U00890,M00015,2025-12-29 15:04:16.416389,45,False,TV
W0001467,U00541,M00297,2025-09-07 15:04:16.416391,90,True,Mobile
W0001468,U00799,M00180,2025-10-07 15:04:16.416394,180,False,TV
W0001469,U00812,M00170,2025-05-15 15:04:16.416396,120,True,Mobile
W0001470,U00835,M00205,2025-08-05 15:04:16.416398,81,True,Tablet
W0001471,U00069,M00234,2025-06-08 15:04:16.416400,96,False,Tablet
W0001472,U00686,M00129,2025-08-12 15:04:16.416402,30,False,Laptop
W0001473,U00967,M00216,2026-02-14 15:04:16.416404,13,False,Tablet
W0001474,U00651,M00211,2025-06-10 15:04:16.416407,179,True,Mobile
W0001475,U00977,M00081,2026-05-03 15:04:16.416409,147,True,Mobile
W0001476,U00015,M00190,2025-11-19 15:04:16.416411,144,False,TV
W0001477,U00801,M00030,2025-07-07 15:04:16.416413,117,False,Laptop
W0001478,U00097,M00078,2025-06-18 15:04:16.416415,7,True,Mobile
W0001479,U00598,M00284,2025-05-10 15:04:16.416417,22,True,Tablet
W0001480,U00091,M00094,2025-11-24 15:04:16.416419,75,False,TV
W0001481,U00139,M00238,2025-05-28 15:04:16.416421,150,True,TV
W0001482,U00391,M00272,2025-06-28 15:04:16.416425,118,False,TV
W0001483,U00233,M00029,2025-06-30 15:04:16.416427,90,False,Laptop
W0001484,U00558,M00272,2025-06-02 15:04:16.416431,103,False,TV
W0001485,U00014,M00059,2025-10-17 15:04:16.416433,105,True,Mobile
W0001486,U00932,M00295,2026-03-24 15:04:16.416435,10,False,TV
W0001487,U00294,M00280,2026-01-17 15:04:16.416437,123,True,Mobile
W0001488,U00817,M00088,2025-10-04 15:04:16.416488,156,True,TV
W0001489,U00864,M00238,2025-10-30 15:04:16.416494,93,False,Tablet
W0001490,U00635,M00109,2025-11-24 15:04:16.416498,109,True,TV
W0001491,U00315,M00299,2025-12-29 15:04:16.416501,74,True,Laptop
W0001492,U00242,M00027,2025-05-27 15:04:16.416504,52,False,Laptop
W0001493,U00553,M00103,2025-07-15 15:04:16.416507,126,False,Laptop
W0001494,U00222,M00003,2026-04-29 15:04:16.416509,100,False,Laptop
W0001495,U00665,M00289,2026-01-19 15:04:16.416512,174,True,Mobile
W0001496,U00246,M00054,2025-10-16 15:04:16.416514,87,True,Laptop
W0001497,U00638,M00167,2025-05-28 15:04:16.416516,109,False,Mobile
W0001498,U00805,M00103,2026-04-22 15:04:16.416518,82,True,Tablet
W0001499,U00909,M00123,2025-06-06 15:04:16.416520,174,False,TV
W0001500,U00887,M00055,2025-08-08 15:04:16.416523,5,False,Laptop
W0001501,U00990,M00112,2025-08-30 15:04:16.416525,20,True,Laptop
W0001502,U00414,M00103,2025-06-05 15:04:16.416527,55,True,TV
W0001503,U00954,M00117,2025-05-12 15:04:16.416529,79,True,Mobile
W0001504,U00051,M00234,2025-12-27 15:04:16.416531,139,True,Tablet
W0001505,U00565,M00168,2025-06-28 15:04:16.416533,84,False,Tablet
W0001506,U00989,M00026,2025-08-26 15:04:16.416535,26,False,TV
W0001507,U00171,M00217,2025-10-18 15:04:16.416538,81,False,Tablet
W0001508,U00512,M00012,2026-02-27 15:04:16.416541,167,False,Tablet
W0001509,U00926,M00290,2025-06-05 15:04:16.416543,11,False,Tablet
W0001510,U00692,M00009,2025-07-13 15:04:16.416545,26,True,Tablet
W0001511,U00158,M00140,2025-07-23 15:04:16.416547,30,True,Tablet
W0001512,U00336,M00231,2025-07-01 15:04:16.416550,46,False,Mobile
W0001513,U00918,M00249,2025-12-03 15:04:16.416552,15,False,TV
W0001514,U00809,M00237,2026-03-28 15:04:16.416554,165,False,Tablet
W0001515,U00231,M00255,2026-04-18 15:04:16.416556,78,True,TV
W0001516,U00046,M00237,2026-02-26 15:04:16.416559,175,True,Laptop
W0001517,U00060,M00131,2025-06-30 15:04:16.416562,106,False,TV
W0001518,U00407,M00257,2025-06-10 15:04:16.416564,111,False,Mobile
W0001519,U00087,M00194,2025-11-30 15:04:16.416566,9,False,Mobile
W0001520,U00616,M00002,2026-02-18 15:04:16.416568,153,True,Mobile
W0001521,U00389,M00034,2026-01-23 15:04:16.416570,38,True,Tablet
W0001522,U00180,M00105,2025-10-14 15:04:16.416572,100,True,Mobile
W0001523,U00323,M00122,2025-08-17 15:04:16.416574,157,True,Tablet
W0001524,U00731,M00100,2025-11-14 15:04:16.416577,96,True,Tablet
W0001525,U00572,M00280,2026-03-04 15:04:16.416579,25,False,TV
W0001526,U00394,M00103,2025-05-20 15:04:16.416581,70,False,Laptop
W0001527,U00946,M00153,2025-06-06 15:04:16.416584,96,True,Tablet
W0001528,U00004,M00218,2026-03-31 15:04:16.416586,159,False,Tablet
W0001529,U00037,M00177,2025-12-30 15:04:16.416589,86,True,Laptop
W0001530,U00278,M00201,2026-01-13 15:04:16.416591,51,True,Mobile
W0001531,U00426,M00177,2026-02-04 15:04:16.416594,131,False,TV
W0001532,U00308,M00227,2025-12-08 15:04:16.416596,147,True,Mobile
W0001533,U00582,M00229,2025-07-12 15:04:16.416598,154,True,Tablet
W0001534,U00850,M00166,2026-01-23 15:04:16.416600,6,False,Laptop
W0001535,U00523,M00208,2025-08-22 15:04:16.416602,128,True,Tablet
W0001536,U00716,M00018,2026-04-25 15:04:16.416604,57,True,Tablet
W0001537,U00296,M00132,2025-07-20 15:04:16.416606,32,False,TV
W0001538,U00561,M00208,2025-08-18 15:04:16.416608,146,True,Mobile
W0001539,U00112,M00008,2025-06-15 15:04:16.416610,78,True,Mobile
W0001540,U00159,M00165,2025-07-18 15:04:16.416612,38,False,TV
W0001541,U00920,M00245,2025-12-17 15:04:16.416614,136,True,Laptop
W0001542,U00038,M00057,2026-01-24 15:04:16.416616,87,False,Laptop
W0001543,U00092,M00243,2025-08-19 15:04:16.416618,53,False,TV
W0001544,U00125,M00269,2025-05-13 15:04:16.416620,112,True,Laptop
W0001545,U00505,M00010,2025-05-22 15:04:16.416622,33,True,Tablet
W0001546,U00391,M00271,2026-02-09 15:04:16.416625,106,False,Tablet
W0001547,U00038,M00067,2025-11-26 15:04:16.416628,156,False,Tablet
W0001548,U00525,M00268,2025-12-03 15:04:16.416632,14,True,Mobile
W0001549,U00464,M00112,2025-05-10 15:04:16.416635,18,True,Laptop
W0001550,U00054,M00215,2025-06-04 15:04:16.416637,32,True,Mobile
W0001551,U00982,M00114,2026-01-29 15:04:16.416639,128,True,Tablet
W0001552,U00158,M00186,2025-05-13 15:04:16.416641,91,False,Tablet
W0001553,U00187,M00227,2025-05-29 15:04:16.416643,70,True,Mobile
W0001554,U00502,M00009,2025-08-05 15:04:16.416645,102,False,Mobile
W0001555,U00863,M00280,2025-10-21 15:04:16.416647,153,True,Mobile
W0001556,U00590,M00091,2026-01-07 15:04:16.416650,45,True,TV
W0001557,U00341,M00213,2025-10-24 15:04:16.416652,120,False,Mobile
W0001558,U00900,M00131,2026-04-17 15:04:16.416654,147,True,Laptop
W0001559,U00301,M00125,2025-09-23 15:04:16.416655,111,False,TV
W0001560,U00649,M00127,2025-05-23 15:04:16.416657,92,True,TV
W0001561,U00805,M00233,2026-04-10 15:04:16.416660,123,True,Mobile
W0001562,U00599,M00113,2026-01-03 15:04:16.416661,63,False,Tablet
W0001563,U00978,M00090,2025-06-25 15:04:16.416663,76,False,Laptop
W0001564,U00264,M00169,2026-03-04 15:04:16.416666,160,False,TV
W0001565,U00845,M00114,2026-02-21 15:04:16.416668,35,True,Laptop
W0001566,U00450,M00252,2026-03-12 15:04:16.416671,103,True,Tablet
W0001567,U00543,M00012,2026-03-29 15:04:16.416673,42,False,Tablet
W0001568,U00606,M00175,2026-04-08 15:04:16.416677,90,True,Tablet
W0001569,U00272,M00257,2025-11-21 15:04:16.416679,176,True,Mobile
W0001570,U00830,M00081,2025-07-03 15:04:16.416681,153,True,TV
W0001571,U00101,M00210,2026-04-04 15:04:16.416683,18,True,Laptop
W0001572,U00934,M00217,2025-06-22 15:04:16.416685,97,False,TV
W0001573,U00662,M00032,2025-08-25 15:04:16.416687,116,False,Tablet
W0001574,U00887,M00121,2025-05-19 15:04:16.416689,69,False,Tablet
W0001575,U00846,M00047,2025-09-26 15:04:16.416691,127,False,Tablet
W0001576,U00504,M00164,2026-02-24 15:04:16.416693,176,False,TV
W0001577,U00383,M00267,2025-11-14 15:04:16.416695,56,True,TV
W0001578,U00843,M00140,2025-10-10 15:04:16.416698,125,True,TV
W0001579,U00909,M00286,2025-10-11 15:04:16.416700,79,False,Mobile
W0001580,U00039,M00015,2025-07-17 15:04:16.416703,151,True,Laptop
W0001581,U00619,M00210,2026-01-10 15:04:16.416706,101,True,TV
W0001582,U00590,M00291,2026-01-27 15:04:16.416708,121,False,Mobile
W0001583,U00428,M00044,2025-11-23 15:04:16.416710,113,True,TV
W0001584,U00556,M00054,2025-11-01 15:04:16.416712,44,True,Laptop
W0001585,U00168,M00286,2025-06-13 15:04:16.416715,140,True,Tablet
W0001586,U00523,M00109,2025-07-23 15:04:16.416718,60,False,TV
W0001587,U00695,M00066,2025-11-20 15:04:16.416720,92,False,TV
W0001588,U00363,M00250,2025-12-30 15:04:16.416722,34,True,Mobile
W0001589,U00012,M00164,2026-01-21 15:04:16.416724,94,True,Mobile
W0001590,U00801,M00138,2026-03-06 15:04:16.416726,107,False,Laptop
W0001591,U00484,M00253,2026-02-13 15:04:16.416728,87,True,TV
W0001592,U00367,M00053,2025-07-09 15:04:16.416730,85,False,Laptop
W0001593,U00315,M00031,2026-01-23 15:04:16.416733,147,True,Tablet
W0001594,U00177,M00008,2025-12-04 15:04:16.416735,150,False,Mobile
W0001595,U00020,M00192,2025-07-15 15:04:16.416737,117,False,Tablet
W0001596,U00634,M00102,2025-08-18 15:04:16.416739,98,True,Mobile
W0001597,U00487,M00146,2025-11-29 15:04:16.416741,80,False,Tablet
W0001598,U00870,M00249,2025-11-13 15:04:16.416743,16,False,Mobile
W0001599,U00190,M00197,2026-02-16 15:04:16.416745,61,False,Tablet
W0001600,U00713,M00185,2025-06-29 15:04:16.416747,27,True,Laptop
W0001601,U00747,M00195,2025-06-23 15:04:16.416749,17,False,TV
W0001602,U00169,M00055,2025-09-13 15:04:16.416751,9,True,TV
W0001603,U00066,M00280,2025-06-25 15:04:16.416753,173,False,Laptop
W0001604,U00964,M00282,2025-10-26 15:04:16.416756,131,False,Laptop
W0001605,U00889,M00241,2025-11-04 15:04:16.416759,87,False,Laptop
W0001606,U00318,M00300,2026-02-19 15:04:16.416761,94,True,Tablet
W0001607,U00393,M00036,2025-07-06 15:04:16.416763,168,False,Tablet
W0001608,U00138,M00291,2025-07-13 15:04:16.416765,163,True,TV
W0001609,U00482,M00117,2026-04-13 15:04:16.416767,32,True,Tablet
W0001610,U00303,M00061,2025-07-08 15:04:16.416769,38,True,Laptop
W0001611,U00062,M00073,2025-08-25 15:04:16.416772,31,False,Tablet
W0001612,U00495,M00043,2025-08-28 15:04:16.416775,83,False,Tablet
W0001613,U00828,M00169,2025-11-13 15:04:16.416777,8,True,Tablet
W0001614,U00029,M00294,2026-03-02 15:04:16.416779,10,False,TV
W0001615,U00158,M00175,2025-05-24 15:04:16.416781,86,False,Laptop
W0001616,U00559,M00260,2025-09-19 15:04:16.416784,87,True,Tablet
W0001617,U00014,M00290,2026-05-06 15:04:16.416786,172,True,TV
W0001618,U00131,M00272,2025-09-30 15:04:16.416788,91,True,Mobile
W0001619,U00888,M00141,2025-07-04 15:04:16.416790,144,False,Laptop
W0001620,U00493,M00205,2026-04-11 15:04:16.416792,154,True,Tablet
W0001621,U00503,M00059,2025-08-07 15:04:16.416794,46,True,Laptop
W0001622,U00406,M00030,2025-09-03 15:04:16.416796,162,True,Tablet
W0001623,U00153,M00239,2025-10-06 15:04:16.416798,114,False,Mobile
W0001624,U00981,M00280,2026-01-26 15:04:16.416801,146,True,TV
W0001625,U00209,M00189,2025-12-12 15:04:16.416803,36,True,Laptop
W0001626,U00283,M00291,2026-02-06 15:04:16.416805,166,False,TV
W0001627,U00999,M00187,2026-01-02 15:04:16.416807,98,True,Laptop
W0001628,U00960,M00081,2025-10-15 15:04:16.416810,98,False,TV
W0001629,U00882,M00151,2025-08-19 15:04:16.416812,68,False,TV
W0001630,U00014,M00295,2026-03-27 15:04:16.416814,179,False,Mobile
W0001631,U00250,M00183,2026-02-19 15:04:16.416816,53,False,Mobile
W0001632,U00740,M00207,2025-11-01 15:04:16.416818,130,False,Tablet
W0001633,U00095,M00131,2025-11-29 15:04:16.416820,8,True,TV
W0001634,U00907,M00146,2025-08-04 15:04:16.416822,82,False,Tablet
W0001635,U00219,M00282,2026-01-25 15:04:16.416824,77,False,Tablet
W0001636,U00726,M00295,2025-06-09 15:04:16.416827,120,True,TV
W0001637,U00402,M00112,2025-08-29 15:04:16.416829,113,True,Tablet
W0001638,U00829,M00093,2025-06-29 15:04:16.416831,10,True,TV
W0001639,U00067,M00288,2025-07-28 15:04:16.416833,163,True,Laptop
W0001640,U00142,M00263,2026-01-26 15:04:16.416835,102,True,Tablet
W0001641,U00590,M00067,2026-05-02 15:04:16.416837,16,False,Laptop
W0001642,U00903,M00064,2025-11-15 15:04:16.416839,110,False,Tablet
W0001643,U00853,M00039,2025-09-01 15:04:16.416841,94,True,Tablet
W0001644,U00603,M00074,2025-06-18 15:04:16.416846,5,False,TV
W0001645,U00889,M00078,2026-03-26 15:04:16.416848,165,False,Laptop
W0001646,U00199,M00107,2025-05-23 15:04:16.416850,12,True,Laptop
W0001647,U00237,M00067,2025-05-26 15:04:16.416852,97,False,TV
W0001648,U00231,M00146,2025-09-12 15:04:16.416854,120,True,Laptop
W0001649,U00748,M00008,2025-06-21 15:04:16.416857,149,True,Laptop
W0001650,U00083,M00106,2025-05-29 15:04:16.416859,53,True,Tablet
W0001651,U00395,M00278,2025-06-18 15:04:16.416861,179,False,TV
W0001652,U00027,M00117,2026-02-04 15:04:16.416865,44,True,Tablet
W0001653,U00416,M00268,2026-02-13 15:04:16.416867,82,True,TV
W0001654,U00454,M00072,2026-03-15 15:04:16.416870,133,True,Laptop
W0001655,U00969,M00042,2025-06-11 15:04:16.416871,94,False,Mobile
W0001656,U00340,M00117,2025-08-17 15:04:16.416873,104,False,Laptop
W0001657,U00502,M00008,2025-06-11 15:04:16.416876,131,True,TV
W0001658,U00703,M00035,2025-12-04 15:04:16.416878,31,True,Mobile
W0001659,U00735,M00218,2025-11-28 15:04:16.416880,98,True,Mobile
W0001660,U00242,M00228,2026-02-20 15:04:16.416882,112,False,Laptop
W0001661,U00131,M00289,2025-09-09 15:04:16.416885,155,False,TV
W0001662,U00067,M00183,2026-02-17 15:04:16.416887,79,True,Laptop
W0001663,U00820,M00022,2026-04-17 15:04:16.416924,57,False,TV
W0001664,U00071,M00047,2025-10-29 15:04:16.416931,50,False,Tablet
W0001665,U00809,M00214,2026-01-13 15:04:16.416934,162,False,Tablet
W0001666,U00739,M00120,2026-01-05 15:04:16.416936,137,False,Laptop
W0001667,U00025,M00140,2025-05-17 15:04:16.416939,122,True,Tablet
W0001668,U00291,M00102,2025-08-01 15:04:16.416941,51,False,TV
W0001669,U00654,M00142,2026-02-13 15:04:16.416943,165,False,Tablet
W0001670,U00575,M00093,2025-05-23 15:04:16.416946,87,True,TV
W0001671,U00699,M00281,2025-10-18 15:04:16.416948,153,True,Mobile
W0001672,U00619,M00189,2026-01-31 15:04:16.416951,134,True,Laptop
W0001673,U00125,M00192,2025-10-13 15:04:16.416953,127,True,Laptop
W0001674,U00722,M00242,2026-02-01 15:04:16.416955,72,True,Tablet
W0001675,U00974,M00220,2026-03-10 15:04:16.416957,65,True,Tablet
W0001676,U00560,M00277,2025-12-08 15:04:16.416962,106,True,Laptop
W0001677,U00677,M00286,2026-03-30 15:04:16.416964,104,True,Laptop
W0001678,U00077,M00029,2025-08-28 15:04:16.416966,80,True,TV
W0001679,U00666,M00003,2025-05-22 15:04:16.416969,92,True,Mobile
W0001680,U00209,M00190,2025-11-02 15:04:16.416971,160,False,TV
W0001681,U00328,M00049,2026-02-08 15:04:16.416973,76,False,Mobile
W0001682,U00795,M00035,2025-08-04 15:04:16.416976,37,True,Laptop
W0001683,U00786,M00292,2025-12-19 15:04:16.416979,72,True,Tablet
W0001684,U00941,M00264,2026-02-20 15:04:16.416982,90,True,Tablet
W0001685,U00701,M00109,2025-08-03 15:04:16.416984,177,False,TV
W0001686,U00986,M00051,2025-06-27 15:04:16.416986,131,False,Tablet
W0001687,U00377,M00021,2025-05-28 15:04:16.416988,58,True,Tablet
W0001688,U00877,M00249,2025-12-18 15:04:16.416991,73,False,Tablet
W0001689,U00688,M00146,2025-07-05 15:04:16.416993,93,False,Mobile
W0001690,U00726,M00025,2026-01-21 15:04:16.416995,96,True,Laptop
W0001691,U00479,M00300,2025-08-18 15:04:16.416997,115,False,Mobile
W0001692,U00201,M00298,2026-02-11 15:04:16.416999,110,False,TV
W0001693,U00595,M00299,2025-08-08 15:04:16.417002,126,False,Laptop
W0001694,U00598,M00295,2026-03-29 15:04:16.417004,7,True,TV
W0001695,U00523,M00055,2026-05-03 15:04:16.417006,65,True,TV
W0001696,U00088,M00185,2025-12-21 15:04:16.417008,152,True,Laptop
W0001697,U00817,M00201,2025-11-27 15:04:16.417010,64,False,Laptop
W0001698,U00798,M00261,2025-10-14 15:04:16.417012,167,False,Tablet
W0001699,U00801,M00163,2025-07-31 15:04:16.417014,19,True,TV
W0001700,U00588,M00281,2025-05-17 15:04:16.417017,155,False,TV
W0001701,U00323,M00053,2025-07-21 15:04:16.417019,107,True,TV
W0001702,U00965,M00163,2025-05-16 15:04:16.417022,85,False,Laptop
W0001703,U00407,M00081,2026-03-15 15:04:16.417025,55,False,Tablet
W0001704,U00397,M00057,2025-12-10 15:04:16.417068,42,False,Mobile
W0001705,U00069,M00187,2025-07-15 15:04:16.417071,27,True,Mobile
W0001706,U00313,M00114,2025-07-10 15:04:16.417074,109,True,TV
W0001707,U00597,M00272,2026-03-29 15:04:16.417076,160,True,Tablet
W0001708,U00841,M00030,2025-05-25 15:04:16.417081,59,True,TV
W0001709,U00593,M00126,2026-03-09 15:04:16.417083,46,True,TV
W0001710,U00988,M00083,2025-07-21 15:04:16.417085,18,False,TV
W0001711,U00139,M00249,2026-03-19 15:04:16.417087,120,False,Laptop
W0001712,U00911,M00039,2025-08-26 15:04:16.417089,78,True,Laptop
W0001713,U00405,M00269,2025-12-11 15:04:16.417091,75,False,Tablet
W0001714,U00641,M00078,2025-11-24 15:04:16.417093,9,False,Mobile
W0001715,U00634,M00133,2026-02-02 15:04:16.417095,65,True,Laptop
W0001716,U00384,M00231,2025-12-10 15:04:16.417098,161,False,Mobile
W0001717,U00412,M00020,2026-01-23 15:04:16.417100,175,False,Tablet
W0001718,U00530,M00199,2025-07-29 15:04:16.417102,95,False,Laptop
W0001719,U00117,M00099,2025-05-27 15:04:16.417104,145,False,TV
W0001720,U00713,M00021,2026-03-24 15:04:16.417106,165,False,Tablet
W0001721,U00437,M00247,2026-03-05 15:04:16.417108,76,False,Mobile
W0001722,U00597,M00071,2025-12-15 15:04:16.417112,12,False,Tablet
W0001723,U00353,M00047,2026-02-14 15:04:16.417114,121,True,Mobile
W0001724,U00374,M00182,2025-10-30 15:04:16.417117,139,True,Mobile
W0001725,U00746,M00103,2025-11-10 15:04:16.417119,126,False,Tablet
W0001726,U00945,M00228,2026-04-21 15:04:16.417121,47,True,TV
W0001727,U00259,M00201,2025-12-10 15:04:16.417123,153,True,Mobile
W0001728,U00479,M00086,2026-03-10 15:04:16.417125,95,True,Tablet
W0001729,U00321,M00005,2026-01-03 15:04:16.417127,167,True,Mobile
W0001730,U00636,M00009,2025-07-18 15:04:16.417129,17,True,Mobile
W0001731,U00743,M00145,2026-01-02 15:04:16.417131,122,True,TV
W0001732,U00555,M00235,2025-05-15 15:04:16.417133,108,False,Laptop
W0001733,U00565,M00153,2025-12-30 15:04:16.417136,169,True,Laptop
W0001734,U00919,M00101,2025-06-05 15:04:16.417138,62,False,Mobile
W0001735,U00612,M00045,2026-01-27 15:04:16.417140,160,False,Laptop
W0001736,U00482,M00010,2026-01-05 15:04:16.417142,178,False,Laptop
W0001737,U00904,M00068,2025-06-06 15:04:16.417146,164,True,Mobile
W0001738,U00538,M00007,2025-07-24 15:04:16.417148,106,False,TV
W0001739,U00752,M00079,2025-11-08 15:04:16.417151,124,True,Tablet
W0001740,U00607,M00142,2025-12-09 15:04:16.417178,45,False,Mobile
W0001741,U00175,M00196,2026-02-09 15:04:16.417187,99,False,Tablet
W0001742,U00602,M00160,2025-07-05 15:04:16.417190,5,True,TV
W0001743,U00327,M00184,2025-07-01 15:04:16.417193,34,True,Laptop
W0001744,U00781,M00249,2025-12-18 15:04:16.417195,29,True,TV
W0001745,U00321,M00214,2025-07-14 15:04:16.417197,114,True,Mobile
W0001746,U00187,M00050,2025-10-15 15:04:16.417200,42,False,TV
W0001747,U00485,M00216,2025-06-22 15:04:16.417201,22,True,Mobile
W0001748,U00285,M00030,2025-06-11 15:04:16.417204,160,True,TV
W0001749,U00434,M00225,2025-09-21 15:04:16.417206,147,True,Tablet
W0001750,U00945,M00054,2025-09-01 15:04:16.417208,179,True,Mobile
W0001751,U00571,M00084,2026-04-11 15:04:16.417210,119,True,Laptop
W0001752,U00549,M00054,2025-07-15 15:04:16.417212,106,False,Tablet
W0001753,U00773,M00065,2025-12-05 15:04:16.417214,86,True,Laptop
W0001754,U00377,M00029,2025-07-05 15:04:16.417216,44,True,Tablet
W0001755,U00994,M00250,2025-05-24 15:04:16.417218,87,False,TV
W0001756,U00931,M00082,2025-10-31 15:04:16.417220,173,True,Tablet
W0001757,U00484,M00143,2026-04-06 15:04:16.417222,58,True,Laptop
W0001758,U00580,M00130,2025-11-20 15:04:16.417225,77,True,TV
W0001759,U00982,M00080,2025-10-10 15:04:16.417227,20,True,Tablet
W0001760,U00921,M00161,2026-04-18 15:04:16.417229,132,False,Laptop
W0001761,U00014,M00296,2026-04-18 15:04:16.417233,25,False,Tablet
W0001762,U00255,M00219,2026-03-15 15:04:16.417235,106,True,Mobile
W0001763,U00589,M00265,2026-01-18 15:04:16.417238,102,True,Tablet
W0001764,U00992,M00005,2025-06-29 15:04:16.417240,31,True,TV
W0001765,U00498,M00300,2025-10-02 15:04:16.417242,11,True,TV
W0001766,U00913,M00183,2025-07-03 15:04:16.417244,21,True,TV
W0001767,U00674,M00221,2025-12-28 15:04:16.417246,94,False,Tablet
W0001768,U00934,M00061,2026-01-28 15:04:16.417249,35,False,Tablet
W0001769,U00322,M00130,2025-08-25 15:04:16.417251,164,True,Tablet
W0001770,U00313,M00127,2025-06-18 15:04:16.417253,87,True,Mobile
W0001771,U00604,M00196,2025-12-15 15:04:16.417256,73,False,Mobile
W0001772,U00171,M00284,2025-08-24 15:04:16.417258,57,False,Laptop
W0001773,U00653,M00247,2026-03-01 15:04:16.417261,15,False,TV
W0001774,U00289,M00216,2026-04-28 15:04:16.417263,53,False,Tablet
W0001775,U00321,M00242,2025-07-29 15:04:16.417265,24,False,Tablet
W0001776,U00378,M00199,2026-03-26 15:04:16.417267,166,True,Laptop
W0001777,U00450,M00287,2025-09-11 15:04:16.417269,87,False,Laptop
W0001778,U00144,M00140,2025-06-27 15:04:16.417270,40,False,Laptop
W0001779,U00995,M00250,2025-11-27 15:04:16.417272,61,True,Tablet
W0001780,U00274,M00219,2026-03-20 15:04:16.417275,151,False,Laptop
W0001781,U00884,M00154,2025-11-09 15:04:16.417278,91,False,Mobile
W0001782,U00584,M00027,2026-04-15 15:04:16.417280,18,False,TV
W0001783,U00702,M00104,2025-10-16 15:04:16.417282,97,True,Tablet
W0001784,U00699,M00162,2025-06-26 15:04:16.417284,82,False,TV
W0001785,U00803,M00202,2025-11-18 15:04:16.417286,71,True,Tablet
W0001786,U00702,M00106,2025-12-09 15:04:16.417288,23,False,Laptop
W0001787,U00206,M00286,2025-09-17 15:04:16.417290,135,False,Tablet
W0001788,U00273,M00212,2025-06-27 15:04:16.417292,19,False,Laptop
W0001789,U00498,M00263,2025-06-20 15:04:16.417294,32,True,Tablet
W0001790,U00371,M00095,2025-11-24 15:04:16.417299,49,False,TV
W0001791,U00106,M00283,2026-01-09 15:04:16.417301,21,False,Mobile
W0001792,U00119,M00237,2025-08-26 15:04:16.417303,5,False,Mobile
W0001793,U00424,M00133,2026-04-01 15:04:16.417305,19,True,TV
W0001794,U00134,M00222,2026-03-06 15:04:16.417307,119,True,TV
W0001795,U00017,M00193,2025-05-25 15:04:16.417309,157,True,Tablet
W0001796,U00495,M00144,2026-04-08 15:04:16.417311,98,True,Laptop
W0001797,U00029,M00012,2025-05-18 15:04:16.417313,58,False,TV
W0001798,U00748,M00155,2026-05-05 15:04:16.417315,93,True,TV
W0001799,U00509,M00255,2026-03-22 15:04:16.417317,43,False,Laptop
W0001800,U00651,M00052,2025-08-09 15:04:16.417321,24,False,Tablet
W0001801,U00074,M00076,2025-07-31 15:04:16.417323,154,False,Tablet
W0001802,U00800,M00221,2025-08-07 15:04:16.417325,40,True,Tablet
W0001803,U00973,M00185,2025-07-12 15:04:16.417329,92,False,Mobile
W0001804,U00438,M00182,2025-06-02 15:04:16.417331,101,False,Mobile
W0001805,U00798,M00222,2025-09-09 15:04:16.417333,124,True,Laptop
W0001806,U00682,M00206,2025-11-02 15:04:16.417335,178,False,Laptop
W0001807,U00680,M00010,2026-05-01 15:04:16.417337,35,True,Mobile
W0001808,U00576,M00265,2025-08-28 15:04:16.417339,92,False,Tablet
W0001809,U00166,M00080,2025-12-01 15:04:16.417341,139,True,Tablet
W0001810,U00473,M00025,2026-02-12 15:04:16.417344,145,True,Laptop
W0001811,U00404,M00134,2025-09-23 15:04:16.417346,44,False,Mobile
W0001812,U00795,M00087,2025-10-26 15:04:16.417348,154,False,Tablet
W0001813,U00046,M00027,2025-08-10 15:04:16.417351,88,True,TV
W0001814,U00366,M00215,2025-11-21 15:04:16.417353,129,False,TV
W0001815,U00956,M00047,2025-07-19 15:04:16.417355,115,True,Laptop
W0001816,U00166,M00111,2025-10-07 15:04:16.417357,30,False,Mobile
W0001817,U00969,M00216,2025-10-25 15:04:16.417359,64,True,Laptop
W0001818,U00335,M00164,2026-02-20 15:04:16.417361,45,False,TV
W0001819,U00546,M00118,2026-02-11 15:04:16.417364,35,False,Tablet
W0001820,U00192,M00117,2025-08-07 15:04:16.417367,167,True,Mobile
W0001821,U00394,M00056,2025-08-17 15:04:16.417369,126,True,Tablet
W0001822,U00887,M00127,2025-10-04 15:04:16.417373,47,False,Tablet
W0001823,U00812,M00284,2025-07-19 15:04:16.417375,153,False,TV
W0001824,U00514,M00233,2025-07-29 15:04:16.417377,162,True,Mobile
W0001825,U00080,M00173,2025-07-30 15:04:16.417379,41,True,Tablet
W0001826,U00692,M00289,2026-03-03 15:04:16.417381,11,False,TV
W0001827,U00757,M00174,2025-10-23 15:04:16.417384,13,True,Mobile
W0001828,U00619,M00219,2025-09-11 15:04:16.417386,97,False,Tablet
W0001829,U00846,M00097,2026-01-22 15:04:16.417388,132,False,Laptop
W0001830,U00160,M00102,2025-07-12 15:04:16.417390,40,False,Laptop
W0001831,U00270,M00096,2026-02-27 15:04:16.417392,76,False,TV
W0001832,U00510,M00189,2025-12-07 15:04:16.417394,123,True,Mobile
W0001833,U00659,M00077,2025-07-05 15:04:16.417396,23,True,TV
W0001834,U00521,M00112,2026-03-16 15:04:16.417398,69,False,TV
W0001835,U00213,M00144,2025-09-06 15:04:16.417440,135,True,Mobile
W0001836,U00151,M00241,2025-09-02 15:04:16.417446,151,False,Tablet
W0001837,U00621,M00018,2026-02-10 15:04:16.417451,24,True,TV
W0001838,U00181,M00057,2026-01-09 15:04:16.417455,81,False,TV
W0001839,U00390,M00166,2025-08-28 15:04:16.417459,36,True,Laptop
W0001840,U00007,M00225,2026-03-13 15:04:16.417462,59,False,Mobile
W0001841,U00658,M00106,2025-11-26 15:04:16.417464,37,True,Laptop
W0001842,U00578,M00078,2026-03-01 15:04:16.417466,66,False,Mobile
W0001843,U00690,M00255,2025-10-12 15:04:16.417469,20,False,TV
W0001844,U00724,M00225,2025-10-30 15:04:16.417471,70,True,Mobile
W0001845,U00874,M00016,2025-06-20 15:04:16.417473,148,False,Laptop
W0001846,U00274,M00004,2025-11-16 15:04:16.417476,95,True,Mobile
W0001847,U00403,M00027,2025-10-28 15:04:16.417477,40,True,TV
W0001848,U00869,M00036,2025-10-19 15:04:16.417480,166,True,Tablet
W0001849,U00646,M00215,2026-04-10 15:04:16.417482,20,True,Mobile
W0001850,U00978,M00174,2026-03-19 15:04:16.417484,85,True,Tablet
W0001851,U00614,M00220,2025-11-11 15:04:16.417486,133,True,Mobile
W0001852,U00759,M00216,2026-03-04 15:04:16.417488,99,False,TV
W0001853,U00650,M00192,2026-03-19 15:04:16.417490,109,False,TV
W0001854,U00954,M00093,2026-02-05 15:04:16.417492,162,True,Mobile
W0001855,U00924,M00149,2026-01-30 15:04:16.417495,99,True,TV
W0001856,U00932,M00003,2025-06-06 15:04:16.417497,89,False,Mobile
W0001857,U00474,M00162,2025-12-22 15:04:16.417499,29,False,Laptop
W0001858,U00667,M00263,2026-03-03 15:04:16.417503,74,False,Laptop
W0001859,U00825,M00183,2025-09-30 15:04:16.417505,49,False,Mobile
W0001860,U00512,M00163,2026-02-02 15:04:16.417507,147,False,TV
W0001861,U00528,M00279,2026-04-23 15:04:16.417509,10,False,TV
W0001862,U00972,M00161,2025-06-12 15:04:16.417511,77,False,Tablet
W0001863,U00100,M00239,2026-01-03 15:04:16.417514,41,True,TV
W0001864,U00820,M00189,2025-11-27 15:04:16.417516,151,False,Mobile
W0001865,U00961,M00028,2025-06-07 15:04:16.417518,55,False,TV
W0001866,U00839,M00112,2025-11-30 15:04:16.417520,108,False,Tablet
W0001867,U00245,M00048,2025-11-11 15:04:16.417524,66,False,TV
W0001868,U00863,M00091,2026-04-18 15:04:16.417527,47,False,Laptop
W0001869,U00949,M00006,2025-08-16 15:04:16.417529,46,True,TV
W0001870,U00519,M00265,2026-02-07 15:04:16.417531,163,True,Laptop
W0001871,U00218,M00106,2026-01-06 15:04:16.417533,129,True,Laptop
W0001872,U00587,M00284,2025-05-15 15:04:16.417535,105,True,Tablet
W0001873,U00462,M00194,2026-04-30 15:04:16.417537,94,True,TV
W0001874,U00596,M00150,2026-01-06 15:04:16.417539,144,False,Tablet
W0001875,U00314,M00252,2025-07-28 15:04:16.417541,54,True,Tablet
W0001876,U00362,M00056,2025-06-03 15:04:16.417544,15,False,TV
W0001877,U00409,M00002,2025-07-18 15:04:16.417546,167,True,TV
W0001878,U00491,M00164,2026-03-31 15:04:16.417549,17,False,Mobile
W0001879,U00318,M00232,2025-12-01 15:04:16.417551,178,False,TV
W0001880,U00358,M00142,2025-06-07 15:04:16.417553,104,False,TV
W0001881,U00028,M00133,2025-07-21 15:04:16.417555,86,False,Tablet
W0001882,U00958,M00230,2025-08-12 15:04:16.417557,151,False,Laptop
W0001883,U00457,M00158,2026-04-24 15:04:16.417559,101,False,Laptop
W0001884,U00825,M00296,2025-05-24 15:04:16.417562,41,True,Laptop
W0001885,U00045,M00176,2025-09-02 15:04:16.417564,81,False,Tablet
W0001886,U00984,M00166,2025-05-09 15:04:16.417566,33,False,Mobile
W0001887,U00947,M00083,2026-01-24 15:04:16.417568,16,False,TV
W0001888,U00760,M00258,2025-09-07 15:04:16.417570,139,False,Mobile
W0001889,U00882,M00037,2026-02-11 15:04:16.417572,132,True,Tablet
W0001890,U00331,M00187,2025-11-20 15:04:16.417574,152,True,Mobile
W0001891,U00775,M00116,2026-03-31 15:04:16.417576,49,True,Mobile
W0001892,U00881,M00258,2025-09-21 15:04:16.417578,34,False,Laptop
W0001893,U00280,M00035,2025-06-09 15:04:16.417580,64,True,Laptop
W0001894,U00898,M00159,2025-07-28 15:04:16.417582,133,True,Laptop
W0001895,U00298,M00258,2026-02-09 15:04:16.417584,110,False,Tablet
W0001896,U00676,M00030,2026-04-13 15:04:16.417586,162,False,TV
W0001897,U00816,M00067,2025-12-30 15:04:16.417589,133,False,Mobile
W0001898,U00688,M00290,2025-09-06 15:04:16.417592,36,False,Tablet
W0001899,U00503,M00050,2025-08-19 15:04:16.417595,93,False,Laptop
W0001900,U00517,M00089,2026-04-08 15:04:16.417597,152,True,Laptop
W0001901,U00938,M00209,2025-12-31 15:04:16.417599,61,False,Laptop
W0001902,U00559,M00240,2025-10-20 15:04:16.417601,146,False,Tablet
W0001903,U00614,M00291,2025-09-23 15:04:16.417604,89,True,TV
W0001904,U00612,M00197,2025-12-28 15:04:16.417605,55,True,TV
W0001905,U00413,M00186,2025-12-14 15:04:16.417608,168,True,Mobile
W0001906,U00226,M00019,2026-03-13 15:04:16.417609,70,False,TV
W0001907,U00442,M00225,2025-12-31 15:04:16.417612,28,False,Tablet
W0001908,U00690,M00145,2025-07-07 15:04:16.417616,107,False,Tablet
W0001909,U00447,M00282,2025-11-06 15:04:16.417618,113,True,TV
W0001910,U00346,M00176,2025-07-03 15:04:16.417620,179,True,Tablet
W0001911,U00016,M00152,2025-06-22 15:04:16.417622,145,True,Tablet
W0001912,U00768,M00127,2026-03-30 15:04:16.417624,8,True,Laptop
W0001913,U00208,M00274,2025-06-25 15:04:16.417626,13,False,Laptop
W0001914,U00570,M00035,2025-10-14 15:04:16.417628,111,False,Mobile
W0001915,U00483,M00175,2026-04-20 15:04:16.417630,11,False,Tablet
W0001916,U00618,M00201,2025-10-29 15:04:16.417632,56,False,TV
W0001917,U00750,M00001,2025-07-22 15:04:16.417636,167,False,Laptop
W0001918,U00568,M00095,2025-09-06 15:04:16.417639,64,False,TV
W0001919,U00230,M00121,2026-01-03 15:04:16.417641,165,True,Tablet
W0001920,U00183,M00288,2026-02-11 15:04:16.417643,8,True,Mobile
W0001921,U00074,M00065,2026-03-06 15:04:16.417644,165,True,Mobile
W0001922,U00712,M00237,2025-05-18 15:04:16.417647,27,True,TV
W0001923,U00286,M00224,2025-11-20 15:04:16.417649,41,False,Laptop
W0001924,U00522,M00138,2025-09-02 15:04:16.417651,133,True,Laptop
W0001925,U00017,M00086,2025-07-03 15:04:16.417653,30,True,TV
W0001926,U00625,M00201,2026-05-04 15:04:16.417656,44,True,Mobile
W0001927,U00765,M00267,2026-04-25 15:04:16.417658,109,False,TV
W0001928,U00389,M00055,2026-02-19 15:04:16.417660,112,True,Laptop
W0001929,U00006,M00221,2025-09-06 15:04:16.417662,55,True,Mobile
W0001930,U00917,M00291,2026-02-07 15:04:16.417664,41,False,Laptop
W0001931,U00260,M00230,2025-08-10 15:04:16.417667,39,True,Mobile
W0001932,U00488,M00232,2026-05-09 15:04:16.417670,126,False,TV
W0001933,U00358,M00082,2026-02-16 15:04:16.417672,159,True,Laptop
W0001934,U00642,M00267,2026-01-22 15:04:16.417674,173,True,TV
W0001935,U00380,M00084,2025-05-30 15:04:16.417676,142,True,Laptop
W0001936,U00298,M00203,2026-01-21 15:04:16.417680,29,False,Laptop
W0001937,U00765,M00154,2025-07-15 15:04:16.417682,147,False,TV
W0001938,U00844,M00094,2025-11-30 15:04:16.417684,36,True,TV
W0001939,U00453,M00060,2026-02-15 15:04:16.417686,106,True,Mobile
W0001940,U00782,M00077,2025-08-30 15:04:16.417688,174,True,Laptop
W0001941,U00310,M00221,2026-03-28 15:04:16.417691,81,False,Mobile
W0001942,U00068,M00008,2025-11-23 15:04:16.417693,62,False,Laptop
W0001943,U00655,M00113,2025-07-03 15:04:16.417695,134,False,TV
W0001944,U00037,M00173,2025-10-14 15:04:16.417697,11,False,TV
W0001945,U00784,M00035,2025-09-12 15:04:16.417699,113,True,Laptop
W0001946,U00260,M00141,2025-09-22 15:04:16.417701,84,False,TV
W0001947,U00191,M00265,2025-06-16 15:04:16.417703,65,True,Tablet
W0001948,U00327,M00178,2025-06-09 15:04:16.417705,153,False,Mobile
W0001949,U00931,M00125,2025-12-02 15:04:16.417708,121,True,Tablet
W0001950,U00163,M00201,2025-11-15 15:04:16.417710,147,False,Mobile
W0001951,U00036,M00007,2025-10-21 15:04:16.417712,123,False,Laptop
W0001952,U00856,M00123,2025-09-03 15:04:16.417714,58,False,Mobile
W0001953,U00079,M00222,2026-05-03 15:04:16.417716,75,False,Mobile
W0001954,U00087,M00207,2025-09-01 15:04:16.417718,165,True,Tablet
W0001955,U00030,M00085,2025-09-09 15:04:16.417720,20,False,Laptop
W0001956,U00890,M00276,2025-11-11 15:04:16.417724,54,True,Laptop
W0001957,U00591,M00135,2026-03-25 15:04:16.417726,166,True,Laptop
W0001958,U00388,M00279,2026-05-08 15:04:16.417729,154,False,Mobile
W0001959,U00420,M00062,2025-06-12 15:04:16.417731,83,True,TV
W0001960,U00622,M00041,2025-11-15 15:04:16.417733,35,False,TV
W0001961,U00220,M00124,2025-09-04 15:04:16.417735,156,True,TV
W0001962,U00173,M00038,2026-02-21 15:04:16.417738,120,True,TV
W0001963,U00520,M00153,2025-05-28 15:04:16.417741,52,False,Tablet
W0001964,U00270,M00192,2026-04-10 15:04:16.417744,130,False,Tablet
W0001965,U00829,M00233,2025-12-10 15:04:16.417746,165,True,Mobile
W0001966,U00036,M00172,2025-12-14 15:04:16.417748,21,False,Tablet
W0001967,U00674,M00198,2025-10-20 15:04:16.417750,94,True,TV
W0001968,U00371,M00068,2025-11-25 15:04:16.417752,125,False,Laptop
W0001969,U00970,M00144,2026-03-23 15:04:16.417755,150,False,Mobile
W0001970,U00045,M00289,2025-11-29 15:04:16.417757,102,False,Laptop
W0001971,U00080,M00003,2025-09-05 15:04:16.417759,22,False,Tablet
W0001972,U00366,M00199,2025-06-29 15:04:16.417761,136,False,Laptop
W0001973,U00323,M00188,2025-07-18 15:04:16.417763,90,True,Laptop
W0001974,U00810,M00019,2026-01-18 15:04:16.417765,61,False,Mobile
W0001975,U00449,M00197,2025-10-17 15:04:16.417769,136,False,Laptop
W0001976,U00049,M00042,2025-08-04 15:04:16.417772,97,False,Laptop
W0001977,U00717,M00219,2025-10-21 15:04:16.417774,40,False,Laptop
W0001978,U00140,M00226,2025-06-28 15:04:16.417776,63,True,Tablet
W0001979,U00267,M00261,2025-11-19 15:04:16.417779,104,False,Mobile
W0001980,U00784,M00166,2026-02-28 15:04:16.417781,151,True,Tablet
W0001981,U00588,M00055,2025-10-24 15:04:16.417783,67,True,Tablet
W0001982,U00780,M00045,2025-09-23 15:04:16.417785,173,False,Laptop
W0001983,U00086,M00286,2025-06-23 15:04:16.417787,161,False,Tablet
W0001984,U00285,M00166,2025-06-08 15:04:16.417803,173,True,TV
W0001985,U00641,M00159,2026-02-01 15:04:16.417811,136,True,TV
W0001986,U00822,M00110,2026-04-25 15:04:16.417816,132,True,TV
W0001987,U00562,M00265,2026-01-20 15:04:16.417820,83,False,Mobile
W0001988,U00344,M00253,2025-12-21 15:04:16.417824,140,False,TV
W0001989,U00944,M00102,2025-05-10 15:04:16.417828,124,True,TV
W0001990,U00899,M00215,2026-02-17 15:04:16.417831,102,False,Mobile
W0001991,U00047,M00188,2026-03-24 15:04:16.417835,34,True,Tablet
W0001992,U00554,M00007,2025-08-14 15:04:16.417843,119,False,Laptop
W0001993,U00828,M00066,2026-02-27 15:04:16.417848,113,False,Laptop
W0001994,U00409,M00131,2026-03-13 15:04:16.417855,103,False,Laptop
W0001995,U00347,M00255,2025-06-22 15:04:16.417982,87,True,TV
W0001996,U00740,M00134,2025-10-15 15:04:16.418001,116,True,Mobile
W0001997,U00619,M00274,2025-07-30 15:04:16.418005,56,False,Mobile
W0001998,U00200,M00016,2025-12-31 15:04:16.418010,174,True,TV
W0001999,U00075,M00158,2025-06-04 15:04:16.418015,12,True,Laptop
W0002000,U00969,M00166,2026-04-02 15:04:16.418019,39,False,TV
W0002001,U00215,M00284,2025-07-01 15:04:16.418023,137,False,Mobile
W0002002,U00763,M00198,2025-11-01 15:04:16.418027,60,False,Laptop
W0002003,U00588,M00052,2025-11-30 15:04:16.418031,116,True,TV
W0002004,U00752,M00047,2026-05-09 15:04:16.418036,102,False,Laptop
W0002005,U00832,M00038,2026-04-17 15:04:16.418040,101,True,Laptop
W0002006,U00194,M00100,2026-03-26 15:04:16.418044,154,False,TV
W0002007,U00379,M00177,2025-09-02 15:04:16.418048,31,False,Mobile
W0002008,U01000,M00236,2025-09-05 15:04:16.418052,52,False,Mobile
W0002009,U00039,M00004,2025-07-03 15:04:16.418056,95,False,Laptop
W0002010,U00156,M00080,2026-01-31 15:04:16.418060,172,True,Laptop
W0002011,U00588,M00192,2025-07-22 15:04:16.418064,132,True,Tablet
W0002012,U00992,M00293,2026-03-17 15:04:16.418068,38,True,Tablet
W0002013,U00901,M00198,2025-12-01 15:04:16.418072,20,True,Mobile
W0002014,U00518,M00124,2026-04-06 15:04:16.418081,50,False,Laptop
W0002015,U00425,M00245,2026-03-15 15:04:16.418085,20,True,Mobile
W0002016,U00476,M00103,2025-07-12 15:04:16.418090,168,False,Tablet
W0002017,U00083,M00009,2025-06-23 15:04:16.418094,79,False,TV
W0002018,U00797,M00164,2026-04-28 15:04:16.418098,24,True,TV
W0002019,U00508,M00004,2025-07-04 15:04:16.418102,159,False,Tablet
W0002020,U00171,M00017,2025-10-12 15:04:16.418106,41,False,Tablet
W0002021,U00489,M00291,2026-02-21 15:04:16.418109,100,True,Mobile
W0002022,U00039,M00257,2026-04-20 15:04:16.418113,60,True,Tablet
W0002023,U00023,M00178,2025-09-21 15:04:16.418117,15,True,Tablet
W0002024,U00168,M00286,2025-09-02 15:04:16.418121,12,False,Tablet
W0002025,U00879,M00025,2025-09-12 15:04:16.418125,35,False,Mobile
W0002026,U00840,M00292,2026-03-27 15:04:16.418133,172,False,Mobile
W0002027,U00694,M00049,2025-10-27 15:04:16.418137,153,False,Mobile
W0002028,U00494,M00023,2025-07-25 15:04:16.418141,31,False,Laptop
W0002029,U00856,M00167,2025-09-17 15:04:16.418144,89,True,Mobile
W0002030,U00277,M00164,2025-06-07 15:04:16.418148,23,False,Tablet
W0002031,U00234,M00061,2025-10-03 15:04:16.418152,138,True,Laptop
W0002032,U00775,M00106,2025-05-21 15:04:16.418156,168,True,Mobile
W0002033,U00334,M00229,2026-03-14 15:04:16.418160,175,True,Mobile
W0002034,U00697,M00029,2025-10-06 15:04:16.418166,94,True,Tablet
W0002035,U00395,M00129,2025-05-13 15:04:16.418169,50,False,TV
W0002036,U00740,M00175,2025-12-27 15:04:16.418173,47,True,TV
W0002037,U00713,M00234,2026-04-15 15:04:16.418177,7,False,Tablet
W0002038,U00331,M00067,2025-06-10 15:04:16.418180,29,False,TV
W0002039,U00735,M00258,2025-08-08 15:04:16.418184,34,False,TV
W0002040,U00287,M00149,2026-02-21 15:04:16.418187,48,False,Mobile
W0002041,U00906,M00187,2025-12-23 15:04:16.418191,89,True,Tablet
W0002042,U00647,M00099,2025-08-08 15:04:16.418195,61,False,TV
W0002043,U00665,M00237,2026-03-30 15:04:16.418199,85,False,TV
W0002044,U00055,M00066,2025-08-06 15:04:16.418203,93,True,Tablet
W0002045,U00193,M00015,2025-07-13 15:04:16.418207,123,False,TV
W0002046,U00966,M00213,2025-09-10 15:04:16.418212,155,True,Tablet
W0002047,U00096,M00083,2026-04-11 15:04:16.418216,125,False,Laptop
W0002048,U00168,M00185,2025-10-10 15:04:16.418220,41,False,Laptop
W0002049,U00622,M00066,2026-03-09 15:04:16.418224,109,True,Mobile
W0002050,U00609,M00199,2025-07-13 15:04:16.418228,139,True,Mobile
W0002051,U00713,M00239,2026-04-04 15:04:16.418232,51,True,Mobile
W0002052,U00122,M00266,2025-09-14 15:04:16.418258,46,False,Tablet
W0002053,U00853,M00133,2026-05-06 15:04:16.418272,49,True,TV
W0002054,U00243,M00235,2025-09-08 15:04:16.418277,153,False,Laptop
W0002055,U00268,M00094,2025-12-09 15:04:16.418281,110,True,Mobile
W0002056,U00383,M00053,2025-09-26 15:04:16.418285,99,False,Laptop
W0002057,U00193,M00246,2026-03-28 15:04:16.418288,138,True,Tablet
W0002058,U00438,M00017,2025-08-31 15:04:16.418293,13,True,Laptop
W0002059,U00386,M00261,2026-04-18 15:04:16.418297,91,False,Laptop
W0002060,U00828,M00026,2026-01-17 15:04:16.418301,95,False,Mobile
W0002061,U00109,M00113,2026-04-16 15:04:16.418304,153,True,Laptop
W0002062,U00369,M00151,2025-11-01 15:04:16.418309,32,False,Mobile
W0002063,U00837,M00272,2025-12-20 15:04:16.418312,91,False,Mobile
W0002064,U00395,M00250,2026-04-03 15:04:16.418316,17,True,TV
W0002065,U00246,M00240,2025-12-13 15:04:16.418319,60,True,Laptop
W0002066,U00499,M00190,2025-10-26 15:04:16.418323,46,True,Laptop
W0002067,U00170,M00077,2025-09-04 15:04:16.418327,46,True,Mobile
W0002068,U00123,M00099,2026-04-27 15:04:16.418331,125,True,Tablet
W0002069,U00414,M00012,2025-08-18 15:04:16.418334,161,False,Mobile
W0002070,U00576,M00110,2026-04-16 15:04:16.418338,25,False,Laptop
W0002071,U00409,M00051,2025-08-06 15:04:16.418342,88,True,Mobile
W0002072,U00997,M00276,2025-08-17 15:04:16.418345,115,True,Mobile
W0002073,U01000,M00180,2025-09-13 15:04:16.418353,172,True,Laptop
W0002074,U00521,M00224,2025-11-12 15:04:16.418357,129,True,Tablet
W0002075,U00199,M00241,2026-03-08 15:04:16.418361,111,True,Tablet
W0002076,U00059,M00116,2025-10-16 15:04:16.418365,111,True,TV
W0002077,U00491,M00221,2025-10-08 15:04:16.418370,134,False,Laptop
W0002078,U00275,M00158,2026-02-17 15:04:16.418374,148,False,Laptop
W0002079,U00395,M00129,2025-12-27 15:04:16.418378,166,True,Tablet
W0002080,U00981,M00229,2025-12-24 15:04:16.418382,97,False,Laptop
W0002081,U00877,M00167,2026-04-02 15:04:16.418385,82,False,TV
W0002082,U00999,M00017,2025-10-11 15:04:16.418389,146,True,Tablet
W0002083,U00277,M00223,2025-09-21 15:04:16.418392,10,True,Mobile
W0002084,U00561,M00278,2026-04-20 15:04:16.418395,90,True,TV
W0002085,U00359,M00227,2025-11-17 15:04:16.418399,16,True,TV
W0002086,U00604,M00107,2026-04-21 15:04:16.418402,40,True,Mobile
W0002087,U00498,M00289,2025-06-07 15:04:16.418406,160,True,TV
W0002088,U00606,M00283,2026-01-17 15:04:16.418410,171,False,Mobile
W0002089,U00225,M00016,2025-07-20 15:04:16.418414,88,True,Laptop
W0002090,U00841,M00141,2025-05-25 15:04:16.418421,96,True,Laptop
W0002091,U00898,M00120,2025-11-27 15:04:16.418425,49,True,TV
W0002092,U00501,M00277,2026-01-12 15:04:16.418431,121,True,Tablet
W0002093,U00613,M00036,2025-05-15 15:04:16.418434,164,False,Tablet
W0002094,U00650,M00265,2026-02-26 15:04:16.418438,136,True,TV
W0002095,U00054,M00092,2026-03-13 15:04:16.418441,180,False,Laptop
W0002096,U00804,M00182,2025-09-28 15:04:16.418445,157,False,Laptop
W0002097,U00493,M00250,2025-06-15 15:04:16.418448,93,False,TV
W0002098,U00253,M00060,2026-01-15 15:04:16.418452,91,False,Mobile
W0002099,U00624,M00052,2026-02-02 15:04:16.418455,37,True,TV
W0002100,U00523,M00134,2025-12-24 15:04:16.418459,42,False,Laptop
W0002101,U00888,M00057,2026-02-07 15:04:16.418462,154,False,TV
W0002102,U00097,M00081,2026-04-10 15:04:16.418466,110,True,Laptop
W0002103,U00922,M00214,2026-04-01 15:04:16.418469,68,True,Tablet
W0002104,U00658,M00165,2025-07-29 15:04:16.418473,97,True,Laptop
W0002105,U00194,M00010,2026-01-08 15:04:16.418476,84,True,TV
W0002106,U00182,M00111,2025-09-09 15:04:16.418480,5,False,Mobile
W0002107,U00631,M00133,2026-02-11 15:04:16.418483,169,True,Tablet
W0002108,U00778,M00119,2025-06-27 15:04:16.418487,51,False,Laptop
W0002109,U00981,M00082,2025-06-18 15:04:16.418490,170,False,Mobile
W0002110,U00871,M00021,2026-02-14 15:04:16.418493,159,False,Laptop
W0002111,U00356,M00124,2025-08-24 15:04:16.418497,171,True,TV
W0002112,U00159,M00130,2026-01-26 15:04:16.418503,15,True,Mobile
W0002113,U00484,M00230,2026-01-19 15:04:16.418507,23,True,TV
W0002114,U00549,M00182,2026-03-09 15:04:16.418511,130,True,Laptop
W0002115,U00149,M00103,2025-05-10 15:04:16.418515,64,False,Laptop
W0002116,U00257,M00177,2025-09-09 15:04:16.418518,20,True,Mobile
W0002117,U00668,M00104,2025-05-28 15:04:16.418522,58,True,Mobile
W0002118,U00370,M00068,2025-11-13 15:04:16.418526,178,False,TV
W0002119,U00931,M00019,2026-02-14 15:04:16.418530,147,False,Mobile
W0002120,U00174,M00222,2025-05-11 15:04:16.418534,88,False,Mobile
W0002121,U00749,M00023,2026-04-06 15:04:16.418537,8,True,TV
W0002122,U00137,M00279,2026-04-15 15:04:16.418584,114,True,Mobile
W0002123,U00705,M00276,2025-10-07 15:04:16.418592,49,True,Laptop
W0002124,U00325,M00177,2026-02-04 15:04:16.418596,95,False,Mobile
W0002125,U00915,M00169,2026-03-10 15:04:16.418601,46,False,Laptop
W0002126,U00271,M00268,2026-05-06 15:04:16.418605,141,False,Laptop
W0002127,U00221,M00222,2025-09-30 15:04:16.418608,97,False,TV
W0002128,U00976,M00181,2025-12-13 15:04:16.418613,89,False,Mobile
W0002129,U00528,M00279,2026-04-25 15:04:16.418616,48,True,Laptop
W0002130,U00096,M00169,2026-01-20 15:04:16.418620,114,True,TV
W0002131,U00352,M00142,2025-08-04 15:04:16.418626,104,False,TV
W0002132,U00013,M00007,2026-03-02 15:04:16.418630,29,False,Laptop
W0002133,U00910,M00033,2026-04-08 15:04:16.418633,146,False,Tablet
W0002134,U00984,M00060,2025-10-16 15:04:16.418637,33,False,Mobile
W0002135,U00637,M00237,2026-03-21 15:04:16.418641,118,False,TV
W0002136,U00014,M00187,2025-07-19 15:04:16.418644,43,True,Laptop
W0002137,U00232,M00269,2025-08-04 15:04:16.418648,149,False,Laptop
W0002138,U00865,M00156,2026-01-11 15:04:16.418651,169,True,Laptop
W0002139,U00891,M00266,2025-08-23 15:04:16.418655,86,False,TV
W0002140,U00820,M00170,2025-11-18 15:04:16.418658,136,True,Laptop
W0002141,U00899,M00285,2025-07-03 15:04:16.418662,79,False,Laptop
W0002142,U00463,M00287,2025-09-21 15:04:16.418666,66,False,Mobile
W0002143,U00174,M00288,2025-07-08 15:04:16.418669,55,True,Tablet
W0002144,U00031,M00217,2026-04-27 15:04:16.418672,125,False,Tablet
W0002145,U00193,M00286,2025-07-29 15:04:16.418676,59,False,Mobile
W0002146,U00177,M00127,2026-04-04 15:04:16.418680,180,True,Laptop
W0002147,U00483,M00080,2025-06-28 15:04:16.418683,31,False,TV
W0002148,U00731,M00023,2025-10-06 15:04:16.418687,76,False,Tablet
W0002149,U00398,M00187,2026-04-04 15:04:16.418691,93,True,Mobile
W0002150,U00385,M00270,2025-05-23 15:04:16.418694,176,False,Laptop
W0002151,U00563,M00276,2026-01-24 15:04:16.418700,89,True,Tablet
W0002152,U00980,M00242,2026-04-26 15:04:16.418703,164,True,Mobile
W0002153,U00351,M00242,2025-08-27 15:04:16.418707,94,True,Mobile
W0002154,U00221,M00090,2025-08-16 15:04:16.418712,36,True,Tablet
W0002155,U00637,M00072,2026-03-22 15:04:16.418716,53,True,Mobile
W0002156,U00017,M00051,2026-01-09 15:04:16.418719,112,True,Mobile
W0002157,U00281,M00289,2026-04-16 15:04:16.418723,167,True,Tablet
W0002158,U00486,M00063,2025-09-16 15:04:16.418726,13,True,TV
W0002159,U00266,M00207,2025-09-18 15:04:16.418730,125,False,TV
W0002160,U00725,M00223,2025-05-16 15:04:16.418734,141,False,Mobile
W0002161,U00697,M00085,2026-03-05 15:04:16.418737,43,True,Mobile
W0002162,U00619,M00162,2025-07-05 15:04:16.418742,153,True,Laptop
W0002163,U00905,M00189,2026-02-06 15:04:16.418746,23,True,Laptop
W0002164,U00229,M00259,2026-05-04 15:04:16.418750,44,False,Laptop
W0002165,U01000,M00011,2025-07-12 15:04:16.418753,77,False,Mobile
W0002166,U00887,M00219,2026-03-22 15:04:16.418757,122,True,Laptop
W0002167,U00024,M00094,2025-10-08 15:04:16.418760,132,True,Laptop
W0002168,U00759,M00288,2025-11-20 15:04:16.418764,120,True,Laptop
W0002169,U00297,M00158,2025-08-31 15:04:16.418767,139,False,Tablet
W0002170,U00071,M00037,2026-04-26 15:04:16.418826,97,False,TV
W0002171,U00771,M00204,2025-08-24 15:04:16.418835,40,False,Tablet
W0002172,U00131,M00138,2025-12-09 15:04:16.418840,128,False,Mobile
W0002173,U00995,M00108,2026-01-30 15:04:16.418844,57,True,TV
W0002174,U00001,M00129,2025-07-03 15:04:16.418850,54,False,Laptop
W0002175,U00158,M00194,2025-11-08 15:04:16.418854,81,False,Mobile
W0002176,U00307,M00129,2026-04-22 15:04:16.418857,68,True,Tablet
W0002177,U00079,M00140,2026-04-06 15:04:16.418861,110,True,TV
W0002178,U00051,M00059,2025-09-03 15:04:16.418865,42,True,TV
W0002179,U00024,M00250,2025-05-16 15:04:16.418868,92,True,TV
W0002180,U00227,M00051,2026-02-25 15:04:16.418872,29,True,Laptop
W0002181,U00034,M00296,2025-11-11 15:04:16.418875,60,False,Tablet
W0002182,U00748,M00208,2025-06-16 15:04:16.418878,170,False,Tablet
W0002183,U00911,M00275,2025-11-04 15:04:16.418882,158,False,Mobile
W0002184,U00964,M00242,2026-01-31 15:04:16.418885,31,True,Mobile
W0002185,U00499,M00176,2026-03-05 15:04:16.418889,112,True,TV
W0002186,U00249,M00253,2026-03-16 15:04:16.418896,149,True,Laptop
W0002187,U00260,M00042,2025-06-25 15:04:16.418900,95,True,Tablet
W0002188,U00740,M00187,2025-07-29 15:04:16.418904,71,True,TV
W0002189,U00537,M00248,2025-12-09 15:04:16.418907,152,True,Mobile
W0002190,U00906,M00052,2026-03-13 15:04:16.418912,149,True,Mobile
W0002191,U00183,M00023,2025-06-11 15:04:16.418915,151,False,Mobile
W0002192,U00790,M00189,2026-03-13 15:04:16.418919,39,False,Laptop
W0002193,U00341,M00229,2026-04-03 15:04:16.418922,168,True,Mobile
W0002194,U00133,M00294,2026-02-22 15:04:16.418924,104,True,Laptop
W0002195,U00074,M00164,2026-01-03 15:04:16.418927,35,False,Tablet
W0002196,U00421,M00085,2025-09-17 15:04:16.418929,138,False,Tablet
W0002197,U00362,M00173,2025-09-10 15:04:16.418932,163,False,Tablet
W0002198,U00028,M00107,2026-01-31 15:04:16.418933,78,False,Tablet
W0002199,U00977,M00173,2025-06-15 15:04:16.418936,66,False,TV
W0002200,U00030,M00086,2026-03-24 15:04:16.418938,168,False,TV
W0002201,U00028,M00065,2025-12-18 15:04:16.418940,147,True,Laptop
W0002202,U00808,M00075,2025-11-13 15:04:16.418942,112,False,Laptop
W0002203,U00259,M00020,2025-12-09 15:04:16.418944,70,False,Mobile
W0002204,U00389,M00195,2026-01-16 15:04:16.418947,134,True,Tablet
W0002205,U00718,M00066,2026-05-05 15:04:16.418949,166,False,TV
W0002206,U00881,M00282,2026-03-06 15:04:16.418951,168,True,Mobile
W0002207,U00697,M00252,2025-08-06 15:04:16.418953,86,False,Mobile
W0002208,U00258,M00094,2025-07-28 15:04:16.418955,101,True,Mobile
W0002209,U00630,M00161,2025-08-09 15:04:16.418958,44,False,TV
W0002210,U00345,M00080,2025-12-11 15:04:16.418960,165,True,Tablet
W0002211,U00737,M00153,2026-02-16 15:04:16.418962,130,True,TV
W0002212,U00683,M00089,2026-02-19 15:04:16.418965,159,True,TV
W0002213,U00724,M00074,2026-01-22 15:04:16.418967,127,False,Mobile
W0002214,U00300,M00008,2026-02-25 15:04:16.418969,144,False,Mobile
W0002215,U00171,M00069,2025-12-01 15:04:16.418971,142,False,Tablet
W0002216,U00744,M00033,2026-03-25 15:04:16.418973,103,True,Mobile
W0002217,U00885,M00184,2026-05-06 15:04:16.418975,173,True,Mobile
W0002218,U00801,M00006,2025-07-17 15:04:16.418979,78,True,Laptop
W0002219,U00765,M00295,2025-08-21 15:04:16.418981,99,True,Laptop
W0002220,U00507,M00087,2025-07-08 15:04:16.418983,113,True,Mobile
W0002221,U00523,M00142,2025-07-28 15:04:16.418985,177,True,Tablet
W0002222,U00052,M00042,2025-06-06 15:04:16.418988,5,True,TV
W0002223,U00949,M00011,2025-07-16 15:04:16.418990,12,False,Mobile
W0002224,U00519,M00004,2025-10-26 15:04:16.418992,100,False,Tablet
W0002225,U00073,M00047,2026-01-20 15:04:16.418994,25,False,Tablet
W0002226,U00708,M00109,2026-02-22 15:04:16.418996,172,False,Mobile
W0002227,U00451,M00161,2025-07-03 15:04:16.418998,106,True,Mobile
W0002228,U00730,M00276,2025-08-08 15:04:16.419000,92,False,TV
W0002229,U00456,M00093,2025-11-01 15:04:16.419003,18,True,Laptop
W0002230,U00624,M00206,2025-09-23 15:04:16.419005,6,False,Laptop
W0002231,U00229,M00096,2025-10-03 15:04:16.419007,155,True,Laptop
W0002232,U00854,M00243,2025-06-29 15:04:16.419009,103,True,Laptop
W0002233,U00606,M00244,2025-12-09 15:04:16.419012,49,False,TV
W0002234,U00295,M00226,2025-10-01 15:04:16.419014,132,True,Laptop
W0002235,U00539,M00009,2025-10-23 15:04:16.419016,154,False,Laptop
W0002236,U00995,M00228,2026-01-21 15:04:16.419018,100,False,Laptop
W0002237,U00625,M00185,2026-01-23 15:04:16.419020,40,True,Mobile
W0002238,U00976,M00203,2025-11-23 15:04:16.419022,19,True,Mobile
W0002239,U00738,M00197,2025-12-23 15:04:16.419024,89,False,Tablet
W0002240,U00436,M00256,2025-09-17 15:04:16.419026,28,True,Mobile
W0002241,U00753,M00149,2025-08-21 15:04:16.419028,119,True,Tablet
W0002242,U00534,M00297,2025-11-24 15:04:16.419030,22,True,Laptop
W0002243,U00616,M00181,2025-12-18 15:04:16.419032,68,False,Mobile
W0002244,U00831,M00078,2025-07-24 15:04:16.419035,172,False,TV
W0002245,U00936,M00026,2025-07-25 15:04:16.419037,144,True,Laptop
W0002246,U00166,M00130,2025-06-01 15:04:16.419039,78,False,Mobile
W0002247,U00252,M00135,2025-11-28 15:04:16.419041,141,True,Mobile
W0002248,U00370,M00105,2025-07-25 15:04:16.419046,143,False,Laptop
W0002249,U00364,M00225,2025-11-15 15:04:16.419050,86,False,Tablet
W0002250,U00896,M00235,2025-05-16 15:04:16.419052,160,False,Laptop
W0002251,U00640,M00118,2025-09-01 15:04:16.419054,163,False,Mobile
W0002252,U00437,M00088,2026-03-31 15:04:16.419056,166,False,TV
W0002253,U00078,M00015,2025-07-25 15:04:16.419058,164,False,Laptop
W0002254,U00063,M00116,2025-09-11 15:04:16.419060,79,True,TV
W0002255,U00280,M00160,2025-08-08 15:04:16.419062,168,True,Tablet
W0002256,U00564,M00206,2026-03-23 15:04:16.419064,63,False,Mobile
W0002257,U00731,M00041,2026-05-06 15:04:16.419066,84,True,Laptop
W0002258,U00334,M00240,2026-04-16 15:04:16.419068,144,True,Mobile
W0002259,U00384,M00237,2026-04-20 15:04:16.419070,134,True,Laptop
W0002260,U00132,M00195,2025-06-04 15:04:16.419072,130,True,Tablet
W0002261,U00708,M00270,2026-03-09 15:04:16.419074,20,False,Mobile
W0002262,U00188,M00297,2025-12-12 15:04:16.419076,27,False,Mobile
W0002263,U00330,M00207,2025-09-18 15:04:16.419078,82,True,Laptop
W0002264,U00391,M00111,2025-07-02 15:04:16.419080,117,True,TV
W0002265,U00525,M00259,2025-06-30 15:04:16.419082,102,True,Tablet
W0002266,U00562,M00032,2026-05-08 15:04:16.419084,34,False,Mobile
W0002267,U00558,M00182,2026-04-17 15:04:16.419086,176,True,TV
W0002268,U00280,M00020,2025-11-27 15:04:16.419089,117,False,Mobile
W0002269,U00022,M00001,2025-07-26 15:04:16.419092,105,False,Tablet
W0002270,U00942,M00085,2025-06-30 15:04:16.419094,106,True,Laptop
W0002271,U00214,M00203,2025-06-12 15:04:16.419096,82,True,Mobile
W0002272,U00016,M00221,2025-10-26 15:04:16.419098,62,False,Mobile
W0002273,U00706,M00045,2026-02-08 15:04:16.419101,172,False,Laptop
W0002274,U00731,M00183,2026-04-03 15:04:16.419104,151,True,Tablet
W0002275,U00435,M00257,2025-08-04 15:04:16.419106,158,True,Mobile
W0002276,U00131,M00084,2025-05-23 15:04:16.419108,6,True,Laptop
W0002277,U00606,M00074,2025-10-03 15:04:16.419110,26,True,Tablet
W0002278,U00190,M00025,2025-12-17 15:04:16.419112,90,True,TV
W0002279,U00947,M00196,2025-11-20 15:04:16.419114,101,False,Laptop
W0002280,U00459,M00244,2025-09-08 15:04:16.419117,78,True,Mobile
W0002281,U00327,M00192,2025-06-17 15:04:16.419119,105,False,Mobile
W0002282,U00722,M00057,2025-09-04 15:04:16.419122,115,True,Tablet
W0002283,U00213,M00035,2025-12-22 15:04:16.419124,66,True,TV
W0002284,U00622,M00239,2026-01-21 15:04:16.419126,69,True,Tablet
W0002285,U00771,M00203,2025-10-08 15:04:16.419128,35,True,Tablet
W0002286,U00025,M00185,2025-09-19 15:04:16.419130,46,True,Tablet
W0002287,U00727,M00177,2026-03-16 15:04:16.419133,95,False,Laptop
W0002288,U00227,M00058,2026-03-15 15:04:16.419135,78,False,Tablet
W0002289,U00234,M00136,2026-04-30 15:04:16.419137,139,True,Tablet
W0002290,U00029,M00130,2025-07-22 15:04:16.419139,157,True,Mobile
W0002291,U00265,M00033,2025-11-20 15:04:16.419141,157,True,Mobile
W0002292,U00413,M00147,2025-11-15 15:04:16.419143,92,True,Mobile
W0002293,U00595,M00066,2025-12-28 15:04:16.419146,21,True,Mobile
W0002294,U00125,M00174,2025-09-26 15:04:16.419148,146,False,Laptop
W0002295,U00451,M00129,2025-12-06 15:04:16.419150,37,True,Tablet
W0002296,U00180,M00091,2026-01-18 15:04:16.419152,124,True,Laptop
W0002297,U00732,M00055,2025-07-15 15:04:16.419154,39,True,Tablet
W0002298,U00793,M00171,2026-01-05 15:04:16.419156,171,True,TV
W0002299,U00850,M00159,2025-07-24 15:04:16.419158,12,True,Laptop
W0002300,U00128,M00090,2025-08-03 15:04:16.419160,18,False,Tablet
W0002301,U00730,M00269,2026-05-02 15:04:16.419162,6,False,Mobile
W0002302,U00569,M00263,2025-12-18 15:04:16.419163,16,False,Mobile
W0002303,U00928,M00102,2025-07-12 15:04:16.419165,148,False,TV
W0002304,U00850,M00261,2026-02-18 15:04:16.419168,80,False,Mobile
W0002305,U00982,M00138,2026-04-26 15:04:16.419170,153,True,Mobile
W0002306,U00555,M00039,2026-04-24 15:04:16.419172,114,True,Mobile
W0002307,U00256,M00268,2026-04-10 15:04:16.419175,94,True,Tablet
W0002308,U00747,M00279,2025-12-15 15:04:16.419178,86,True,TV
W0002309,U00920,M00156,2026-02-02 15:04:16.419180,44,True,Tablet
W0002310,U00839,M00006,2026-03-15 15:04:16.419182,134,True,Mobile
W0002311,U00123,M00249,2025-10-11 15:04:16.419184,8,True,Laptop
W0002312,U00384,M00272,2025-10-07 15:04:16.419186,131,False,Laptop
W0002313,U00894,M00049,2026-04-18 15:04:16.419190,82,True,Laptop
W0002314,U00023,M00035,2026-03-14 15:04:16.419192,54,False,TV
W0002315,U00582,M00083,2026-04-06 15:04:16.419194,123,False,Mobile
W0002316,U00360,M00110,2025-06-03 15:04:16.419196,79,False,Tablet
W0002317,U00101,M00185,2025-12-02 15:04:16.419198,9,True,Tablet
W0002318,U00604,M00090,2025-09-17 15:04:16.419200,5,True,TV
W0002319,U00022,M00077,2025-10-29 15:04:16.419202,111,True,Mobile
W0002320,U00965,M00130,2025-05-14 15:04:16.419204,81,False,Tablet
W0002321,U00663,M00053,2025-09-10 15:04:16.419206,29,True,TV
W0002322,U00092,M00174,2025-07-24 15:04:16.419208,77,True,Tablet
W0002323,U00845,M00297,2026-03-04 15:04:16.419210,99,True,Mobile
W0002324,U00188,M00194,2025-12-25 15:04:16.419212,133,False,TV
W0002325,U00547,M00037,2025-09-08 15:04:16.419214,96,False,TV
W0002326,U00729,M00044,2026-01-16 15:04:16.419217,145,False,Tablet
W0002327,U00134,M00248,2026-03-24 15:04:16.419219,53,False,TV
W0002328,U00329,M00273,2026-01-18 15:04:16.419222,13,False,Tablet
W0002329,U00974,M00037,2025-08-07 15:04:16.419225,121,False,Mobile
W0002330,U00399,M00200,2025-12-08 15:04:16.419228,146,True,Mobile
W0002331,U00780,M00199,2026-03-09 15:04:16.419231,108,True,Laptop
W0002332,U00830,M00163,2025-11-06 15:04:16.419237,92,True,TV
W0002333,U00729,M00035,2025-05-09 15:04:16.419240,95,True,Tablet
W0002334,U00469,M00104,2025-09-02 15:04:16.419243,135,False,TV
W0002335,U00103,M00166,2025-07-19 15:04:16.419246,111,False,Laptop
W0002336,U00131,M00126,2025-12-04 15:04:16.419249,176,False,Mobile
W0002337,U00757,M00081,2026-01-17 15:04:16.419252,11,False,Laptop
W0002338,U00312,M00296,2026-05-02 15:04:16.419255,149,True,Mobile
W0002339,U00730,M00048,2025-06-01 15:04:16.419258,127,True,Laptop
W0002340,U00292,M00101,2025-10-24 15:04:16.419261,126,False,Laptop
W0002341,U00265,M00163,2025-08-08 15:04:16.419264,152,True,TV
W0002342,U00479,M00252,2025-08-04 15:04:16.419267,160,True,Laptop
W0002343,U00388,M00154,2025-09-28 15:04:16.419270,178,True,TV
W0002344,U00417,M00091,2026-02-11 15:04:16.419273,111,True,Laptop
W0002345,U00982,M00147,2025-10-06 15:04:16.419322,95,True,TV
W0002346,U00170,M00163,2026-02-20 15:04:16.419331,67,False,Tablet
W0002347,U00587,M00117,2025-07-02 15:04:16.419336,22,True,Laptop
W0002348,U00437,M00078,2025-10-25 15:04:16.419340,111,False,Tablet
W0002349,U00232,M00158,2025-07-22 15:04:16.419343,22,False,Mobile
W0002350,U00112,M00224,2025-09-20 15:04:16.419346,6,False,TV
W0002351,U00971,M00141,2025-06-23 15:04:16.419349,62,True,Mobile
W0002352,U00236,M00236,2025-09-11 15:04:16.419352,109,False,Mobile
W0002353,U00343,M00141,2025-06-08 15:04:16.419355,45,False,TV
W0002354,U00797,M00067,2025-07-24 15:04:16.419358,39,True,Laptop
W0002355,U00678,M00217,2025-06-08 15:04:16.419361,13,False,Laptop
W0002356,U00072,M00295,2026-01-05 15:04:16.419365,135,False,Laptop
W0002357,U00247,M00183,2025-09-03 15:04:16.419368,89,True,TV
W0002358,U00544,M00163,2026-02-28 15:04:16.419371,144,True,Tablet
W0002359,U00925,M00032,2026-02-05 15:04:16.419374,139,True,Laptop
W0002360,U00478,M00152,2025-11-15 15:04:16.419377,22,False,TV
W0002361,U00781,M00235,2025-06-25 15:04:16.419381,52,False,TV
W0002362,U00563,M00094,2025-10-19 15:04:16.419384,64,False,Laptop
W0002363,U00611,M00205,2025-06-19 15:04:16.419387,68,True,TV
W0002364,U00879,M00041,2025-07-21 15:04:16.419390,164,False,Tablet
W0002365,U00062,M00017,2025-08-22 15:04:16.419395,82,False,TV
W0002366,U00763,M00175,2025-11-29 15:04:16.419398,155,False,Mobile
W0002367,U00104,M00132,2025-12-31 15:04:16.419401,147,False,TV
W0002368,U00996,M00026,2025-08-25 15:04:16.419404,128,False,Mobile
W0002369,U00125,M00221,2026-01-15 15:04:16.419407,107,True,Tablet
W0002370,U00636,M00179,2026-03-17 15:04:16.419410,44,False,Laptop
W0002371,U00107,M00185,2025-11-09 15:04:16.419414,135,True,Mobile
W0002372,U00305,M00241,2025-08-24 15:04:16.419417,46,False,Tablet
W0002373,U00669,M00282,2025-08-07 15:04:16.419420,100,False,TV
W0002374,U00667,M00227,2025-11-11 15:04:16.419423,146,True,Tablet
W0002375,U00929,M00219,2026-01-16 15:04:16.419426,17,True,TV
W0002376,U00259,M00123,2025-12-28 15:04:16.419429,84,True,Laptop
W0002377,U00996,M00017,2026-03-07 15:04:16.419434,67,True,Laptop
W0002378,U00545,M00253,2025-06-08 15:04:16.419437,174,False,Tablet
W0002379,U00356,M00015,2025-12-16 15:04:16.419440,158,False,Tablet
W0002380,U00032,M00086,2025-06-05 15:04:16.419443,126,False,TV
W0002381,U00008,M00271,2025-08-30 15:04:16.419447,139,True,Tablet
W0002382,U00208,M00184,2025-12-16 15:04:16.419450,102,True,TV
W0002383,U00937,M00236,2025-10-26 15:04:16.419453,110,True,Mobile
W0002384,U00940,M00170,2025-06-02 15:04:16.419455,96,False,Laptop
W0002385,U00951,M00213,2025-07-07 15:04:16.419474,39,True,Laptop
W0002386,U00581,M00023,2025-11-24 15:04:16.419481,34,False,Tablet
W0002387,U00437,M00101,2025-12-21 15:04:16.419484,153,False,TV
W0002388,U00332,M00037,2025-07-16 15:04:16.419487,55,True,Laptop
W0002389,U00132,M00192,2025-09-01 15:04:16.419489,85,True,Mobile
W0002390,U00417,M00135,2025-07-17 15:04:16.419491,76,False,TV
W0002391,U00166,M00036,2026-03-22 15:04:16.419493,55,False,Laptop
W0002392,U00624,M00283,2025-06-20 15:04:16.419495,173,True,TV
W0002393,U00474,M00106,2026-03-03 15:04:16.419497,56,True,Mobile
W0002394,U00103,M00186,2025-12-18 15:04:16.419499,177,False,TV
W0002395,U00913,M00173,2025-10-29 15:04:16.419501,98,True,Tablet
W0002396,U00645,M00013,2025-07-28 15:04:16.419503,116,False,Mobile
W0002397,U00136,M00015,2025-06-24 15:04:16.419505,75,False,TV
W0002398,U00609,M00096,2025-11-09 15:04:16.419508,46,False,Tablet
W0002399,U00408,M00037,2025-08-02 15:04:16.419510,7,False,Tablet
W0002400,U00079,M00046,2025-12-26 15:04:16.419512,12,True,Tablet
W0002401,U00147,M00223,2026-01-24 15:04:16.419514,72,True,Mobile
W0002402,U00599,M00031,2025-09-14 15:04:16.419516,62,True,Tablet
W0002403,U00975,M00220,2025-12-16 15:04:16.419518,96,False,Tablet
W0002404,U00544,M00236,2025-06-14 15:04:16.419521,98,False,TV
W0002405,U00772,M00216,2026-02-08 15:04:16.419523,159,True,Tablet
W0002406,U00851,M00114,2025-07-30 15:04:16.419525,62,True,Mobile
W0002407,U00836,M00170,2026-05-02 15:04:16.419528,158,True,Mobile
W0002408,U00543,M00059,2025-07-02 15:04:16.419530,162,False,Tablet
W0002409,U00332,M00135,2026-03-22 15:04:16.419533,106,True,TV
W0002410,U00629,M00177,2026-03-26 15:04:16.419535,106,True,Tablet
W0002411,U00861,M00084,2025-05-28 15:04:16.419537,144,False,Laptop
W0002412,U00485,M00273,2026-01-06 15:04:16.419539,113,False,Mobile
W0002413,U00021,M00130,2025-05-26 15:04:16.419542,175,True,Mobile
W0002414,U00065,M00048,2026-01-14 15:04:16.419544,37,True,Laptop
W0002415,U00157,M00015,2025-09-15 15:04:16.419556,37,True,Laptop
W0002416,U00350,M00015,2025-09-20 15:04:16.419562,75,True,Laptop
W0002417,U00303,M00271,2025-06-06 15:04:16.419567,138,False,Tablet
W0002418,U00956,M00043,2026-05-03 15:04:16.419571,8,False,TV
W0002419,U00520,M00229,2025-07-30 15:04:16.419574,126,True,Mobile
W0002420,U00820,M00090,2025-07-14 15:04:16.419576,60,True,Mobile
W0002421,U00978,M00291,2026-04-11 15:04:16.419578,74,True,Mobile
W0002422,U00608,M00110,2025-07-04 15:04:16.419580,54,False,Laptop
W0002423,U00026,M00255,2025-06-18 15:04:16.419582,19,True,TV
W0002424,U00441,M00091,2025-10-01 15:04:16.419586,76,False,Mobile
W0002425,U00859,M00199,2026-01-16 15:04:16.419589,115,True,TV
W0002426,U00744,M00256,2025-07-21 15:04:16.419591,40,False,Mobile
W0002427,U00940,M00248,2026-04-28 15:04:16.419593,95,True,Tablet
W0002428,U00457,M00130,2026-04-19 15:04:16.419595,58,False,Tablet
W0002429,U00240,M00098,2025-12-21 15:04:16.419597,127,False,Tablet
W0002430,U00207,M00178,2026-03-07 15:04:16.419599,125,False,Tablet
W0002431,U00116,M00073,2025-07-11 15:04:16.419601,171,False,TV
W0002432,U00618,M00007,2025-11-09 15:04:16.419603,96,True,TV
W0002433,U00021,M00066,2025-12-17 15:04:16.419605,61,False,Mobile
W0002434,U00542,M00018,2025-11-30 15:04:16.419607,75,True,TV
W0002435,U00811,M00080,2025-08-17 15:04:16.419610,8,True,Laptop
W0002436,U00647,M00104,2026-02-06 15:04:16.419612,16,True,TV
W0002437,U00366,M00132,2026-02-08 15:04:16.419614,98,False,Laptop
W0002438,U00827,M00152,2025-06-28 15:04:16.419616,103,False,Laptop
W0002439,U00803,M00047,2025-08-23 15:04:16.419618,56,False,Mobile
W0002440,U00805,M00040,2025-05-15 15:04:16.419620,56,False,TV
W0002441,U00720,M00129,2026-04-22 15:04:16.419624,45,False,Mobile
W0002442,U00684,M00172,2025-08-15 15:04:16.419626,113,True,TV
W0002443,U00903,M00220,2026-01-10 15:04:16.419629,141,False,TV
W0002444,U00743,M00157,2025-07-01 15:04:16.419631,102,True,Tablet
W0002445,U00028,M00197,2025-08-05 15:04:16.419633,104,True,TV
W0002446,U00984,M00099,2025-07-04 15:04:16.419635,122,False,Laptop
W0002447,U00178,M00213,2025-06-18 15:04:16.419637,148,True,Laptop
W0002448,U00070,M00116,2025-06-07 15:04:16.419640,131,True,TV
W0002449,U00764,M00011,2026-01-09 15:04:16.419642,174,False,TV
W0002450,U00764,M00300,2026-04-29 15:04:16.419644,45,True,Mobile
W0002451,U00499,M00297,2025-08-09 15:04:16.419646,144,True,Mobile
W0002452,U00702,M00019,2025-06-22 15:04:16.419648,31,False,TV
W0002453,U00943,M00294,2025-11-13 15:04:16.419650,75,False,Tablet
W0002454,U00269,M00126,2025-12-08 15:04:16.419652,33,False,Tablet
W0002455,U00506,M00299,2025-12-10 15:04:16.419654,69,False,TV
W0002456,U00932,M00005,2026-01-12 15:04:16.419656,150,True,Laptop
W0002457,U00592,M00221,2025-05-16 15:04:16.419658,45,True,TV
W0002458,U00335,M00192,2025-06-28 15:04:16.419661,41,True,TV
W0002459,U00317,M00115,2025-09-19 15:04:16.419663,89,False,Mobile
W0002460,U00833,M00029,2025-12-10 15:04:16.419665,148,True,Laptop
W0002461,U00032,M00116,2025-05-17 15:04:16.419666,56,False,TV
W0002462,U00470,M00287,2026-03-01 15:04:16.419668,114,True,TV
W0002463,U00959,M00240,2026-01-05 15:04:16.419672,127,False,Mobile
W0002464,U00692,M00049,2025-07-17 15:04:16.419674,124,False,Laptop
W0002465,U00733,M00140,2026-01-10 15:04:16.419676,159,True,Laptop
W0002466,U00458,M00213,2025-09-26 15:04:16.419678,49,False,Laptop
W0002467,U00634,M00020,2026-01-05 15:04:16.419680,114,False,Tablet
W0002468,U00024,M00056,2025-08-11 15:04:16.419682,111,False,Tablet
W0002469,U00450,M00141,2026-04-04 15:04:16.419685,35,True,Laptop
W0002470,U00153,M00037,2026-04-05 15:04:16.419687,90,False,Tablet
W0002471,U00390,M00109,2026-03-13 15:04:16.419688,6,True,TV
W0002472,U00917,M00202,2025-07-06 15:04:16.419691,79,True,Tablet
W0002473,U00546,M00193,2026-03-05 15:04:16.419694,111,False,Laptop
W0002474,U00901,M00088,2025-07-22 15:04:16.419696,14,False,TV
W0002475,U00654,M00023,2026-03-24 15:04:16.419698,105,False,Laptop
W0002476,U00590,M00038,2025-12-28 15:04:16.419701,142,False,Tablet
W0002477,U00329,M00141,2025-10-23 15:04:16.419703,41,True,TV
W0002478,U00828,M00144,2025-11-29 15:04:16.419704,46,False,Mobile
W0002479,U00408,M00175,2025-11-04 15:04:16.419706,136,True,Mobile
W0002480,U00507,M00111,2025-06-13 15:04:16.419708,92,False,Mobile
W0002481,U00407,M00219,2026-03-02 15:04:16.419710,100,False,Mobile
W0002482,U00511,M00034,2025-05-16 15:04:16.419713,76,False,Mobile
W0002483,U00648,M00276,2025-09-17 15:04:16.419715,157,True,Mobile
W0002484,U00038,M00006,2025-05-22 15:04:16.419717,17,True,Laptop
W0002485,U00602,M00098,2026-04-17 15:04:16.419719,117,False,Laptop
W0002486,U00326,M00072,2025-08-22 15:04:16.419722,48,True,Laptop
W0002487,U00349,M00257,2025-05-29 15:04:16.419724,137,False,Tablet
W0002488,U00246,M00270,2026-03-05 15:04:16.419726,122,True,Mobile
W0002489,U00783,M00107,2026-04-09 15:04:16.419728,171,False,TV
W0002490,U00700,M00178,2026-02-10 15:04:16.419730,141,False,Mobile
W0002491,U00824,M00177,2025-12-15 15:04:16.419732,137,False,TV
W0002492,U00722,M00269,2025-08-08 15:04:16.419734,81,True,TV
W0002493,U00109,M00262,2026-02-03 15:04:16.419736,86,True,Tablet
W0002494,U00429,M00023,2025-08-11 15:04:16.419738,121,False,Tablet
W0002495,U00075,M00116,2026-01-12 15:04:16.419740,123,True,Tablet
W0002496,U00630,M00293,2025-08-28 15:04:16.419743,49,False,Laptop
W0002497,U00023,M00285,2025-09-30 15:04:16.419745,46,False,TV
W0002498,U00337,M00007,2026-03-12 15:04:16.419747,174,False,Tablet
W0002499,U00839,M00218,2026-03-07 15:04:16.419749,66,True,Tablet
W0002500,U00203,M00284,2025-07-29 15:04:16.419751,163,False,Mobile
W0002501,U00337,M00286,2025-09-12 15:04:16.419753,16,True,TV
W0002502,U00232,M00287,2026-01-14 15:04:16.419759,77,True,Laptop
W0002503,U00668,M00198,2026-03-10 15:04:16.419761,52,False,Laptop
W0002504,U00606,M00081,2025-11-02 15:04:16.419793,104,True,Mobile
W0002505,U00124,M00227,2025-05-21 15:04:16.419798,130,True,Mobile
W0002506,U00478,M00168,2026-01-23 15:04:16.419801,100,False,Laptop
W0002507,U00412,M00034,2025-11-29 15:04:16.419803,172,False,Mobile
W0002508,U00435,M00126,2026-03-12 15:04:16.419805,27,False,TV
W0002509,U00956,M00245,2025-08-19 15:04:16.419807,101,True,Mobile
W0002510,U00366,M00042,2025-09-02 15:04:16.419809,152,False,Tablet
W0002511,U00459,M00126,2025-11-14 15:04:16.419811,30,True,Laptop
W0002512,U00146,M00064,2026-03-24 15:04:16.419813,6,False,TV
W0002513,U00119,M00055,2025-12-24 15:04:16.419815,149,True,Laptop
W0002514,U00570,M00006,2025-08-03 15:04:16.419818,159,True,TV
W0002515,U00075,M00206,2026-02-17 15:04:16.419820,167,True,Tablet
W0002516,U00365,M00046,2025-06-02 15:04:16.419822,39,True,Mobile
W0002517,U00541,M00299,2025-09-26 15:04:16.419824,35,False,TV
W0002518,U00796,M00093,2025-06-16 15:04:16.419826,71,True,Tablet
W0002519,U00707,M00114,2025-07-20 15:04:16.419828,92,False,TV
W0002520,U00772,M00231,2025-12-25 15:04:16.419830,74,False,TV
W0002521,U00774,M00095,2026-04-23 15:04:16.419833,87,False,Laptop
W0002522,U00696,M00124,2026-01-15 15:04:16.419835,67,False,TV
W0002523,U00626,M00038,2026-03-01 15:04:16.419838,50,True,Mobile
W0002524,U00162,M00069,2025-12-13 15:04:16.419840,165,True,TV
W0002525,U00486,M00206,2025-08-06 15:04:16.419842,20,True,Laptop
W0002526,U00885,M00204,2026-01-22 15:04:16.419844,79,True,TV
W0002527,U00827,M00194,2026-04-04 15:04:16.419846,20,True,TV
W0002528,U00906,M00005,2026-02-06 15:04:16.419848,105,True,Mobile
W0002529,U00559,M00095,2025-11-16 15:04:16.419850,144,False,Tablet
W0002530,U00560,M00020,2026-03-07 15:04:16.419852,105,True,Mobile
W0002531,U00961,M00253,2025-06-07 15:04:16.419854,125,False,Tablet
W0002532,U00747,M00219,2025-06-12 15:04:16.419856,48,False,Laptop
W0002533,U00430,M00173,2025-09-12 15:04:16.419858,46,True,Laptop
W0002534,U00768,M00241,2026-02-27 15:04:16.419860,153,True,Mobile
W0002535,U00534,M00065,2025-05-31 15:04:16.419862,56,True,Laptop
W0002536,U00958,M00127,2026-01-22 15:04:16.419865,61,False,Tablet
W0002537,U00597,M00081,2025-09-28 15:04:16.419868,155,True,Laptop
W0002538,U00310,M00080,2025-12-31 15:04:16.419870,17,True,Laptop
W0002539,U00354,M00227,2025-10-26 15:04:16.419872,25,True,Mobile
W0002540,U00161,M00088,2026-02-11 15:04:16.419874,164,True,Laptop
W0002541,U00436,M00203,2025-09-10 15:04:16.419877,152,True,Tablet
W0002542,U00334,M00064,2025-06-14 15:04:16.419879,120,True,Tablet
W0002543,U00409,M00113,2025-11-16 15:04:16.419881,35,False,Mobile
W0002544,U00494,M00102,2025-09-13 15:04:16.419883,51,False,TV
W0002545,U00860,M00161,2026-03-22 15:04:16.419886,134,False,Mobile
W0002546,U00332,M00172,2025-12-01 15:04:16.419888,33,False,Mobile
W0002547,U00825,M00131,2026-03-26 15:04:16.419889,128,False,Tablet
W0002548,U00037,M00083,2025-09-20 15:04:16.419891,128,False,Mobile
W0002549,U00604,M00107,2025-12-02 15:04:16.419893,154,True,Mobile
W0002550,U00580,M00256,2025-07-14 15:04:16.419895,37,False,TV
W0002551,U00468,M00214,2025-08-28 15:04:16.419897,11,False,TV
W0002552,U00194,M00228,2026-03-08 15:04:16.419899,6,True,TV
W0002553,U00944,M00046,2026-03-17 15:04:16.419901,61,True,TV
W0002554,U00506,M00282,2026-04-18 15:04:16.419903,16,False,Mobile
W0002555,U00293,M00268,2025-06-25 15:04:16.419905,102,True,Tablet
W0002556,U00281,M00208,2025-06-26 15:04:16.419907,96,False,TV
W0002557,U00105,M00001,2026-03-08 15:04:16.419909,13,True,Laptop
W0002558,U00001,M00228,2026-01-04 15:04:16.419911,118,False,Tablet
W0002559,U00878,M00204,2026-01-29 15:04:16.419913,32,False,TV
W0002560,U00093,M00281,2025-10-12 15:04:16.419916,85,True,Laptop
W0002561,U00866,M00266,2025-11-30 15:04:16.419918,14,True,Laptop
W0002562,U00108,M00022,2026-01-22 15:04:16.419921,123,False,TV
W0002563,U00843,M00253,2025-08-05 15:04:16.419923,133,False,Laptop
W0002564,U00661,M00126,2026-02-24 15:04:16.419925,18,True,Mobile
W0002565,U00275,M00231,2025-09-30 15:04:16.419927,138,False,TV
W0002566,U00366,M00242,2025-11-07 15:04:16.419929,56,False,Laptop
W0002567,U00143,M00198,2026-03-02 15:04:16.419932,127,True,Mobile
W0002568,U00658,M00186,2025-12-04 15:04:16.419935,93,True,Tablet
W0002569,U00222,M00109,2026-03-07 15:04:16.419937,47,True,Mobile
W0002570,U00993,M00157,2025-08-28 15:04:16.419939,116,False,Tablet
W0002571,U00035,M00289,2025-07-02 15:04:16.419941,109,True,Tablet
W0002572,U00287,M00244,2025-06-19 15:04:16.419943,93,True,TV
W0002573,U00384,M00148,2026-05-08 15:04:16.419945,47,True,Laptop
W0002574,U00881,M00166,2025-08-29 15:04:16.419947,108,False,Tablet
W0002575,U00793,M00236,2025-11-29 15:04:16.419949,129,False,TV
W0002576,U00782,M00254,2025-06-10 15:04:16.419951,31,False,TV
W0002577,U00937,M00286,2025-08-20 15:04:16.419953,155,False,Tablet
W0002578,U00360,M00146,2025-08-10 15:04:16.419955,111,False,Tablet
W0002579,U00351,M00159,2025-11-23 15:04:16.419957,145,True,Mobile
W0002580,U00915,M00274,2025-10-05 15:04:16.419960,50,False,Laptop
W0002581,U00571,M00101,2026-03-09 15:04:16.419962,27,True,Laptop
W0002582,U00965,M00052,2025-08-23 15:04:16.419964,140,False,Mobile
W0002583,U00270,M00059,2025-11-01 15:04:16.419967,126,False,Tablet
W0002584,U00755,M00051,2025-07-26 15:04:16.419969,25,True,TV
W0002585,U00051,M00008,2025-12-15 15:04:16.419971,15,False,TV
W0002586,U00519,M00036,2025-09-28 15:04:16.419973,96,True,Tablet
W0002587,U00200,M00082,2026-03-04 15:04:16.419975,50,False,Tablet
W0002588,U00401,M00247,2025-12-03 15:04:16.419980,167,True,Mobile
W0002589,U00525,M00126,2026-04-14 15:04:16.419982,77,True,TV
W0002590,U00750,M00046,2025-09-10 15:04:16.419984,126,False,Mobile
W0002591,U00067,M00100,2025-08-09 15:04:16.419986,135,False,Laptop
W0002592,U00349,M00208,2026-02-23 15:04:16.419988,53,False,Tablet
W0002593,U00608,M00296,2026-03-15 15:04:16.419990,179,False,TV
W0002594,U00883,M00116,2025-07-19 15:04:16.419992,45,True,Laptop
W0002595,U00681,M00182,2026-01-31 15:04:16.419994,88,True,Mobile
W0002596,U00415,M00273,2025-11-22 15:04:16.419996,148,False,TV
W0002597,U00399,M00247,2025-11-11 15:04:16.419998,107,True,TV
W0002598,U00353,M00002,2026-03-04 15:04:16.420000,159,True,Mobile
W0002599,U00094,M00043,2026-04-27 15:04:16.420003,166,False,TV
W0002600,U00617,M00283,2025-09-16 15:04:16.420007,143,True,TV
W0002601,U00980,M00131,2025-10-09 15:04:16.420009,93,True,Mobile
W0002602,U00399,M00298,2026-03-15 15:04:16.420011,47,True,TV
W0002603,U00683,M00072,2025-07-21 15:04:16.420013,24,True,TV
W0002604,U00745,M00009,2025-12-01 15:04:16.420015,41,True,Laptop
W0002605,U00742,M00203,2025-06-30 15:04:16.420017,57,False,Mobile
W0002606,U00491,M00076,2026-01-10 15:04:16.420019,34,True,Tablet
W0002607,U00170,M00079,2025-05-29 15:04:16.420021,130,False,Mobile
W0002608,U00157,M00242,2025-10-14 15:04:16.420023,112,True,Laptop
W0002609,U00888,M00066,2026-04-03 15:04:16.420025,120,True,Mobile
W0002610,U00538,M00110,2025-12-29 15:04:16.420027,25,False,TV
W0002611,U00371,M00177,2025-06-12 15:04:16.420029,122,True,Laptop
W0002612,U00486,M00243,2025-11-19 15:04:16.420031,137,True,Laptop
W0002613,U00953,M00298,2025-05-18 15:04:16.420033,87,False,Laptop
W0002614,U00853,M00242,2025-11-12 15:04:16.420035,145,True,Mobile
W0002615,U00160,M00213,2025-07-24 15:04:16.420037,64,True,Laptop
W0002616,U00237,M00293,2025-11-09 15:04:16.420038,55,True,TV
W0002617,U00267,M00106,2025-09-29 15:04:16.420040,47,True,Mobile
W0002618,U00802,M00003,2025-11-04 15:04:16.420042,134,True,TV
W0002619,U00887,M00287,2025-07-21 15:04:16.420045,142,True,TV
W0002620,U00733,M00139,2025-07-02 15:04:16.420047,177,False,Laptop
W0002621,U00548,M00078,2026-02-25 15:04:16.420050,61,True,TV
W0002622,U00295,M00009,2025-07-22 15:04:16.420052,156,False,TV
W0002623,U00038,M00004,2025-09-27 15:04:16.420054,28,False,Laptop
W0002624,U00617,M00203,2025-06-20 15:04:16.420056,113,False,Tablet
W0002625,U00852,M00128,2026-03-24 15:04:16.420057,10,False,Mobile
W0002626,U00771,M00255,2025-12-05 15:04:16.420059,148,True,TV
W0002627,U00614,M00061,2025-11-17 15:04:16.420061,86,False,Laptop
W0002628,U00116,M00284,2026-02-15 15:04:16.420063,27,False,TV
W0002629,U00894,M00109,2025-06-20 15:04:16.420065,22,False,Laptop
W0002630,U00176,M00019,2025-05-14 15:04:16.420068,168,False,Laptop
W0002631,U00896,M00048,2025-12-08 15:04:16.420070,77,True,Mobile
W0002632,U00261,M00033,2025-07-20 15:04:16.420073,162,True,Tablet
W0002633,U00397,M00100,2026-03-17 15:04:16.420075,81,False,TV
W0002634,U00282,M00284,2026-01-12 15:04:16.420077,137,True,TV
W0002635,U00328,M00141,2025-11-01 15:04:16.420079,167,True,TV
W0002636,U00894,M00103,2026-01-16 15:04:16.420081,107,True,Laptop
W0002637,U00055,M00134,2026-01-24 15:04:16.420083,59,False,Mobile
W0002638,U00490,M00165,2025-09-14 15:04:16.420086,9,False,Tablet
W0002639,U00275,M00259,2026-04-21 15:04:16.420088,118,False,Laptop
W0002640,U00935,M00015,2025-12-11 15:04:16.420090,32,False,Laptop
W0002641,U00991,M00088,2025-06-09 15:04:16.420092,171,False,Tablet
W0002642,U00479,M00258,2026-01-31 15:04:16.420094,130,False,Mobile
W0002643,U00874,M00072,2025-11-20 15:04:16.420096,113,False,Mobile
W0002644,U00269,M00190,2025-08-05 15:04:16.420098,27,False,Laptop
W0002645,U00044,M00166,2026-03-19 15:04:16.420100,85,True,Tablet
W0002646,U00698,M00212,2026-03-19 15:04:16.420102,179,False,Mobile
W0002647,U00614,M00276,2025-05-19 15:04:16.420104,28,False,TV
W0002648,U00052,M00201,2026-02-16 15:04:16.420106,55,False,Mobile
W0002649,U00987,M00198,2026-01-24 15:04:16.420108,20,False,Laptop
W0002650,U00409,M00124,2025-09-15 15:04:16.420111,19,False,Tablet
W0002651,U00536,M00018,2026-03-19 15:04:16.420112,77,False,TV
W0002652,U00432,M00064,2025-06-16 15:04:16.420114,155,True,Laptop
W0002653,U00892,M00083,2025-07-28 15:04:16.420116,79,True,Laptop
W0002654,U00315,M00057,2025-09-10 15:04:16.420118,25,False,Mobile
W0002655,U00657,M00217,2025-06-19 15:04:16.420120,131,False,Tablet
W0002656,U00872,M00258,2025-07-31 15:04:16.420122,127,False,Mobile
W0002657,U00466,M00049,2025-12-23 15:04:16.420124,17,False,Mobile
W0002658,U00442,M00031,2025-06-08 15:04:16.420127,81,True,Tablet
W0002659,U00631,M00086,2026-04-14 15:04:16.420129,84,True,Laptop
W0002660,U00442,M00197,2025-09-10 15:04:16.420131,131,True,Mobile
W0002661,U00286,M00212,2025-07-01 15:04:16.420133,54,True,Tablet
W0002662,U00574,M00037,2025-12-08 15:04:16.420135,76,True,Laptop
W0002663,U00641,M00220,2026-03-16 15:04:16.420137,25,True,Tablet
W0002664,U00587,M00027,2025-08-14 15:04:16.420141,23,False,Mobile
W0002665,U00340,M00154,2025-11-23 15:04:16.420143,68,False,Tablet
W0002666,U00891,M00263,2025-12-02 15:04:16.420145,102,False,Tablet
W0002667,U00465,M00250,2025-11-29 15:04:16.420147,27,False,TV
W0002668,U00953,M00105,2026-03-03 15:04:16.420149,65,True,Mobile
W0002669,U00137,M00235,2026-05-02 15:04:16.420151,26,True,TV
W0002670,U00825,M00211,2025-09-14 15:04:16.420153,119,False,TV
W0002671,U00934,M00236,2025-08-21 15:04:16.420155,76,False,Tablet
W0002672,U00001,M00214,2025-11-16 15:04:16.420159,56,False,Tablet
W0002673,U00121,M00014,2025-05-27 15:04:16.420161,60,True,TV
W0002674,U00682,M00135,2025-08-15 15:04:16.420163,156,False,Laptop
W0002675,U00689,M00093,2025-06-08 15:04:16.420165,16,False,Tablet
W0002676,U00914,M00262,2025-06-05 15:04:16.420166,12,False,Laptop
W0002677,U00125,M00122,2026-01-19 15:04:16.420191,10,False,TV
W0002678,U00052,M00287,2025-07-16 15:04:16.420197,170,True,Laptop
W0002679,U00259,M00021,2026-02-23 15:04:16.420200,167,True,Mobile
W0002680,U00809,M00276,2025-05-25 15:04:16.420203,33,True,Mobile
W0002681,U00006,M00128,2025-07-04 15:04:16.420205,172,True,Laptop
W0002682,U00344,M00201,2025-07-28 15:04:16.420207,131,False,Tablet
W0002683,U00726,M00271,2025-08-28 15:04:16.420210,130,True,TV
W0002684,U00451,M00198,2025-12-16 15:04:16.420212,15,False,Mobile
W0002685,U00762,M00001,2026-04-04 15:04:16.420214,167,True,Laptop
W0002686,U00073,M00082,2025-07-01 15:04:16.420217,129,False,Mobile
W0002687,U00740,M00206,2025-07-14 15:04:16.420219,30,False,Laptop
W0002688,U00922,M00291,2026-03-24 15:04:16.420221,40,False,Tablet
W0002689,U00689,M00003,2026-03-10 15:04:16.420223,114,True,Mobile
W0002690,U00713,M00127,2025-07-17 15:04:16.420225,20,True,TV
W0002691,U00677,M00246,2025-08-04 15:04:16.420227,165,True,Laptop
W0002692,U00171,M00272,2026-03-30 15:04:16.420229,154,True,Laptop
W0002693,U00395,M00009,2025-07-03 15:04:16.420231,34,False,Tablet
W0002694,U00942,M00226,2026-03-18 15:04:16.420233,178,True,Tablet
W0002695,U00356,M00161,2025-05-22 15:04:16.420235,166,True,Laptop
W0002696,U00447,M00123,2026-01-30 15:04:16.420239,126,True,Tablet
W0002697,U00426,M00164,2025-12-14 15:04:16.420242,64,False,Tablet
W0002698,U00740,M00089,2025-10-10 15:04:16.420244,162,False,Laptop
W0002699,U00403,M00172,2026-01-18 15:04:16.420246,152,False,Laptop
W0002700,U00312,M00004,2025-11-18 15:04:16.420248,63,True,TV
W0002701,U00123,M00049,2026-04-29 15:04:16.420250,130,True,Mobile
W0002702,U00282,M00137,2026-01-18 15:04:16.420252,6,False,Tablet
W0002703,U00934,M00055,2025-08-09 15:04:16.420254,78,True,Tablet
W0002704,U00537,M00023,2025-06-13 15:04:16.420256,68,True,TV
W0002705,U00085,M00208,2026-05-03 15:04:16.420258,84,True,TV
W0002706,U00430,M00036,2025-09-28 15:04:16.420261,171,False,TV
W0002707,U00921,M00074,2026-03-10 15:04:16.420263,100,True,TV
W0002708,U00214,M00059,2025-05-10 15:04:16.420265,12,True,Mobile
W0002709,U00931,M00112,2025-07-27 15:04:16.420267,122,True,TV
W0002710,U00686,M00023,2025-11-23 15:04:16.420269,44,False,Mobile
W0002711,U00842,M00242,2025-12-07 15:04:16.420271,81,False,TV
W0002712,U00960,M00037,2026-04-01 15:04:16.420273,173,True,Tablet
W0002713,U00517,M00049,2025-06-16 15:04:16.420274,29,True,Laptop
W0002714,U00199,M00178,2026-02-15 15:04:16.420276,69,False,Laptop
W0002715,U00734,M00300,2025-07-18 15:04:16.420279,156,False,TV
W0002716,U00380,M00073,2025-12-18 15:04:16.420282,71,True,TV
W0002717,U00591,M00022,2025-05-28 15:04:16.420284,161,False,Laptop
W0002718,U00009,M00067,2025-07-03 15:04:16.420286,141,True,TV
W0002719,U00430,M00049,2026-03-22 15:04:16.420288,104,True,TV
W0002720,U00268,M00181,2026-03-28 15:04:16.420290,116,False,Mobile
W0002721,U00987,M00147,2026-03-21 15:04:16.420292,70,False,Mobile
W0002722,U00516,M00169,2026-04-25 15:04:16.420294,13,True,Tablet
W0002723,U00560,M00062,2026-04-20 15:04:16.420296,125,True,Tablet
W0002724,U00800,M00281,2025-06-16 15:04:16.420298,155,True,TV
W0002725,U00988,M00162,2026-02-08 15:04:16.420300,144,False,TV
W0002726,U00812,M00274,2025-05-29 15:04:16.420302,140,False,Mobile
W0002727,U00162,M00231,2025-12-11 15:04:16.420304,23,False,Tablet
W0002728,U00562,M00087,2025-07-01 15:04:16.420309,170,True,Tablet
W0002729,U00212,M00164,2026-03-23 15:04:16.420311,125,True,Tablet
W0002730,U00422,M00162,2025-06-30 15:04:16.420313,46,False,Mobile
W0002731,U00770,M00148,2026-02-12 15:04:16.420315,112,False,Mobile
W0002732,U00741,M00038,2025-07-10 15:04:16.420317,108,False,Mobile
W0002733,U00010,M00089,2025-08-02 15:04:16.420319,171,False,TV
W0002734,U00194,M00087,2026-01-30 15:04:16.420321,109,False,Tablet
W0002735,U00837,M00291,2025-07-16 15:04:16.420323,157,True,Mobile
W0002736,U00285,M00133,2025-10-15 15:04:16.420339,37,True,Laptop
W0002737,U00299,M00259,2025-06-22 15:04:16.420345,70,False,Laptop
W0002738,U00651,M00078,2026-04-05 15:04:16.420347,49,True,Tablet
W0002739,U00199,M00039,2026-02-27 15:04:16.420350,17,False,Tablet
W0002740,U00484,M00165,2026-02-01 15:04:16.420352,136,False,TV
W0002741,U00098,M00231,2025-08-28 15:04:16.420355,90,True,Tablet
W0002742,U00308,M00167,2025-10-27 15:04:16.420357,19,True,Tablet
W0002743,U00941,M00283,2026-02-04 15:04:16.420359,49,False,Mobile
W0002744,U00933,M00270,2025-09-07 15:04:16.420361,102,False,Tablet
W0002745,U00210,M00240,2026-04-22 15:04:16.420363,127,False,TV
W0002746,U00973,M00103,2025-07-02 15:04:16.420365,39,True,Tablet
W0002747,U00390,M00022,2026-01-29 15:04:16.420368,153,False,Mobile
W0002748,U00064,M00158,2025-06-02 15:04:16.420370,102,False,TV
W0002749,U00573,M00010,2025-08-19 15:04:16.420372,160,True,TV
W0002750,U00450,M00119,2025-06-30 15:04:16.420374,161,False,TV
W0002751,U00178,M00058,2025-08-10 15:04:16.420376,59,True,Mobile
W0002752,U00037,M00044,2026-04-11 15:04:16.420378,179,True,TV
W0002753,U00113,M00143,2025-09-27 15:04:16.420380,84,True,Tablet
W0002754,U00494,M00119,2026-04-11 15:04:16.420382,50,True,TV
W0002755,U00439,M00005,2025-07-22 15:04:16.420385,168,True,Tablet
W0002756,U00955,M00056,2025-08-23 15:04:16.420387,170,False,Mobile
W0002757,U00401,M00144,2026-03-09 15:04:16.420390,117,True,Tablet
W0002758,U00713,M00031,2026-05-01 15:04:16.420392,152,False,Tablet
W0002759,U00639,M00057,2025-11-08 15:04:16.420395,111,True,Laptop
W0002760,U00007,M00229,2026-02-07 15:04:16.420398,113,True,TV
W0002761,U00238,M00172,2025-12-15 15:04:16.420400,92,True,Laptop
W0002762,U00743,M00241,2025-06-19 15:04:16.420402,154,True,Tablet
W0002763,U00931,M00231,2025-05-30 15:04:16.420404,151,False,Laptop
W0002764,U00574,M00110,2025-11-18 15:04:16.420406,35,False,Tablet
W0002765,U00339,M00294,2026-02-25 15:04:16.420408,164,False,TV
W0002766,U00694,M00233,2026-02-28 15:04:16.420410,83,True,Mobile
W0002767,U00553,M00262,2026-03-25 15:04:16.420412,9,False,Laptop
W0002768,U00454,M00246,2025-08-27 15:04:16.420414,89,True,Mobile
W0002769,U00239,M00292,2025-10-30 15:04:16.420416,73,True,Mobile
W0002770,U00132,M00003,2025-08-05 15:04:16.420418,146,True,Mobile
W0002771,U00793,M00191,2026-02-14 15:04:16.420420,25,True,Laptop
W0002772,U00863,M00134,2026-03-06 15:04:16.420422,98,False,Tablet
W0002773,U00499,M00212,2025-10-03 15:04:16.420424,12,True,Tablet
W0002774,U00218,M00065,2026-03-10 15:04:16.420426,160,True,Laptop
W0002775,U00148,M00069,2025-12-17 15:04:16.420429,41,False,Mobile
W0002776,U00595,M00117,2025-08-28 15:04:16.420431,56,True,TV
W0002777,U00302,M00204,2026-05-05 15:04:16.420433,32,False,Tablet
W0002778,U00150,M00086,2025-05-29 15:04:16.420435,104,False,TV
W0002779,U00287,M00101,2026-04-19 15:04:16.420437,128,True,Tablet
W0002780,U00246,M00081,2026-01-11 15:04:16.420439,176,True,Mobile
W0002781,U00793,M00231,2025-12-08 15:04:16.420441,80,False,Laptop
W0002782,U00585,M00217,2026-02-20 15:04:16.420443,141,True,Laptop
W0002783,U00571,M00033,2025-11-16 15:04:16.420445,95,True,Laptop
W0002784,U00653,M00085,2026-04-11 15:04:16.420447,16,True,TV
W0002785,U00830,M00165,2025-09-18 15:04:16.420449,53,True,TV
W0002786,U00249,M00032,2026-04-30 15:04:16.420451,65,True,Mobile
W0002787,U00832,M00006,2025-07-13 15:04:16.420453,177,True,Laptop
W0002788,U00980,M00270,2026-02-14 15:04:16.420456,127,True,Laptop
W0002789,U00281,M00123,2025-07-13 15:04:16.420457,8,False,TV
W0002790,U00262,M00188,2026-02-21 15:04:16.420459,29,False,Laptop
W0002791,U00084,M00173,2025-09-23 15:04:16.420463,157,True,Laptop
W0002792,U00986,M00092,2026-03-07 15:04:16.420465,75,True,Mobile
W0002793,U00231,M00211,2026-02-14 15:04:16.420467,151,True,Laptop
W0002794,U00710,M00004,2025-10-30 15:04:16.420470,82,True,TV
W0002795,U00577,M00196,2025-10-29 15:04:16.420472,49,False,TV
W0002796,U00615,M00158,2026-03-16 15:04:16.420474,118,False,Tablet
W0002797,U00688,M00062,2025-06-27 15:04:16.420476,119,False,Laptop
W0002798,U00654,M00096,2025-09-17 15:04:16.420478,14,False,Laptop
W0002799,U00864,M00012,2025-09-22 15:04:16.420480,9,False,Tablet
W0002800,U00926,M00270,2025-12-02 15:04:16.420482,11,True,Laptop
W0002801,U00722,M00268,2025-07-19 15:04:16.420484,164,False,TV
W0002802,U00147,M00212,2025-07-07 15:04:16.420486,8,True,Tablet
W0002803,U00892,M00191,2025-05-10 15:04:16.420488,94,False,Mobile
W0002804,U00340,M00149,2026-05-06 15:04:16.420489,86,True,Tablet
W0002805,U00188,M00236,2025-08-24 15:04:16.420491,104,False,TV
W0002806,U00705,M00181,2025-09-05 15:04:16.420493,51,False,TV
W0002807,U00085,M00054,2025-11-16 15:04:16.420495,122,True,TV
W0002808,U00027,M00093,2026-03-22 15:04:16.420497,93,True,Laptop
W0002809,U00242,M00082,2025-11-01 15:04:16.420499,46,False,Tablet
W0002810,U00154,M00072,2025-12-22 15:04:16.420501,17,False,TV
W0002811,U00431,M00240,2025-07-05 15:04:16.420503,78,False,Mobile
W0002812,U00852,M00157,2026-03-12 15:04:16.420505,121,False,Tablet
W0002813,U00097,M00004,2025-10-12 15:04:16.420506,163,True,TV
W0002814,U00279,M00226,2026-03-16 15:04:16.420510,55,True,Tablet
W0002815,U00705,M00065,2025-05-09 15:04:16.420512,89,False,Tablet
W0002816,U00600,M00144,2025-06-15 15:04:16.420514,92,False,TV
W0002817,U00977,M00210,2026-04-23 15:04:16.420516,135,True,Tablet
W0002818,U00890,M00024,2026-04-26 15:04:16.420518,67,False,TV
W0002819,U00187,M00104,2025-08-20 15:04:16.420520,12,True,Mobile
W0002820,U00100,M00052,2025-11-05 15:04:16.420522,14,True,Mobile
W0002821,U00002,M00237,2026-01-26 15:04:16.420524,65,True,TV
W0002822,U00784,M00178,2026-02-26 15:04:16.420526,74,True,Tablet
W0002823,U00984,M00283,2025-12-05 15:04:16.420530,180,True,TV
W0002824,U00023,M00006,2025-12-11 15:04:16.420532,57,False,TV
W0002825,U00404,M00293,2025-10-26 15:04:16.420534,168,True,Laptop
W0002826,U00171,M00047,2026-02-23 15:04:16.420536,154,False,Laptop
W0002827,U00247,M00010,2025-09-01 15:04:16.420538,156,False,Mobile
W0002828,U00702,M00118,2026-03-07 15:04:16.420541,177,True,Tablet
W0002829,U00221,M00060,2025-10-30 15:04:16.420543,129,False,Tablet
W0002830,U00123,M00071,2025-10-17 15:04:16.420544,136,False,Tablet
W0002831,U00090,M00145,2025-12-09 15:04:16.420546,31,False,Laptop
W0002832,U00782,M00243,2025-12-24 15:04:16.420548,16,True,TV
W0002833,U00710,M00029,2025-09-06 15:04:16.420552,177,True,Tablet
W0002834,U00277,M00091,2026-01-22 15:04:16.420554,98,True,Laptop
W0002835,U00835,M00124,2026-03-09 15:04:16.420556,110,False,TV
W0002836,U00489,M00124,2025-06-18 15:04:16.420558,180,True,Laptop
W0002837,U00531,M00296,2025-07-16 15:04:16.420560,154,False,TV
W0002838,U00143,M00296,2025-09-17 15:04:16.420562,129,True,Laptop
W0002839,U00806,M00266,2026-01-17 15:04:16.420564,21,True,TV
W0002840,U00485,M00133,2025-11-01 15:04:16.420566,113,False,Tablet
W0002841,U00993,M00118,2026-03-08 15:04:16.420568,131,True,Laptop
W0002842,U00620,M00204,2025-11-18 15:04:16.420571,145,True,Laptop
W0002843,U00407,M00151,2025-12-20 15:04:16.420573,162,False,Tablet
W0002844,U00693,M00210,2026-01-09 15:04:16.420575,88,False,Mobile
W0002845,U00372,M00122,2025-10-03 15:04:16.420577,133,False,TV
W0002846,U00837,M00198,2026-04-12 15:04:16.420579,94,True,Mobile
W0002847,U00055,M00299,2025-06-23 15:04:16.420581,97,False,Tablet
W0002848,U00939,M00253,2026-01-25 15:04:16.420583,114,False,Tablet
W0002849,U00060,M00069,2026-03-03 15:04:16.420585,51,False,Laptop
W0002850,U00007,M00155,2025-12-13 15:04:16.420587,7,False,Mobile
W0002851,U00152,M00241,2026-04-06 15:04:16.420589,19,False,Laptop
W0002852,U00830,M00167,2025-12-25 15:04:16.420591,105,False,Tablet
W0002853,U00738,M00272,2026-01-26 15:04:16.420614,140,True,Laptop
W0002854,U00652,M00179,2025-08-16 15:04:16.420621,40,True,Laptop
W0002855,U00652,M00167,2025-06-26 15:04:16.420626,59,False,Laptop
W0002856,U00400,M00153,2026-02-27 15:04:16.420628,96,True,Laptop
W0002857,U00435,M00159,2025-07-17 15:04:16.420630,155,False,Laptop
W0002858,U00648,M00080,2026-01-28 15:04:16.420632,22,False,Tablet
W0002859,U00441,M00182,2026-03-16 15:04:16.420634,120,True,Mobile
W0002860,U00402,M00180,2025-07-15 15:04:16.420636,139,False,TV
W0002861,U00873,M00201,2025-07-29 15:04:16.420638,157,True,TV
W0002862,U00419,M00110,2026-02-24 15:04:16.420641,152,False,TV
W0002863,U00711,M00008,2025-09-29 15:04:16.420643,140,False,Tablet
W0002864,U00231,M00130,2026-04-01 15:04:16.420645,151,True,TV
W0002865,U00857,M00032,2025-11-04 15:04:16.420647,125,True,TV
W0002866,U00225,M00183,2025-10-17 15:04:16.420649,77,True,Tablet
W0002867,U00262,M00019,2025-08-18 15:04:16.420651,43,True,Tablet
W0002868,U00718,M00196,2026-04-14 15:04:16.420653,91,True,TV
W0002869,U00914,M00273,2026-04-29 15:04:16.420655,106,True,Mobile
W0002870,U00931,M00226,2025-08-01 15:04:16.420657,139,False,Tablet
W0002871,U00705,M00260,2026-01-05 15:04:16.420659,84,False,Mobile
W0002872,U00443,M00276,2026-02-05 15:04:16.420663,31,True,TV
W0002873,U00891,M00283,2025-10-11 15:04:16.420665,42,True,Laptop
W0002874,U00585,M00108,2026-01-17 15:04:16.421086,144,True,Mobile
W0002875,U00343,M00160,2025-06-20 15:04:16.421094,40,False,Mobile
W0002876,U00374,M00253,2025-06-11 15:04:16.421097,34,True,Mobile
W0002877,U00098,M00086,2025-10-26 15:04:16.421099,45,False,Mobile
W0002878,U00865,M00257,2025-06-24 15:04:16.421101,156,False,Tablet
W0002879,U00669,M00004,2025-11-30 15:04:16.421104,116,False,Laptop
W0002880,U00929,M00055,2025-10-29 15:04:16.421106,171,False,Laptop
W0002881,U00525,M00100,2025-08-03 15:04:16.421108,156,True,Tablet
W0002882,U00082,M00297,2026-03-15 15:04:16.421109,98,True,TV
W0002883,U00143,M00216,2025-06-26 15:04:16.421111,123,True,TV
W0002884,U00950,M00151,2025-06-29 15:04:16.421113,32,False,Mobile
W0002885,U00179,M00181,2025-09-18 15:04:16.421115,148,False,Laptop
W0002886,U00561,M00067,2025-08-23 15:04:16.421118,75,False,Tablet
W0002887,U00526,M00058,2025-09-27 15:04:16.421129,137,False,Tablet
W0002888,U00472,M00232,2026-05-02 15:04:16.421131,124,True,Mobile
W0002889,U01000,M00260,2025-07-25 15:04:16.421133,118,False,Mobile
W0002890,U00601,M00051,2025-10-12 15:04:16.421135,102,False,TV
W0002891,U00653,M00125,2025-05-19 15:04:16.421137,21,True,Mobile
W0002892,U00267,M00233,2025-05-09 15:04:16.421140,34,True,Mobile
W0002893,U00388,M00086,2025-09-15 15:04:16.421143,108,True,TV
W0002894,U00917,M00086,2025-07-09 15:04:16.421145,124,True,TV
W0002895,U00164,M00206,2026-04-03 15:04:16.421147,151,False,Tablet
W0002896,U00006,M00045,2025-09-20 15:04:16.421149,48,True,TV
W0002897,U00822,M00168,2026-02-19 15:04:16.421152,49,True,Tablet
W0002898,U00257,M00059,2026-04-12 15:04:16.421174,107,True,Mobile
W0002899,U00808,M00065,2025-06-03 15:04:16.421178,30,True,Tablet
W0002900,U00899,M00166,2025-07-26 15:04:16.421182,174,True,TV
W0002901,U00658,M00265,2025-12-22 15:04:16.421185,162,True,Laptop
W0002902,U00909,M00287,2025-11-09 15:04:16.421188,71,True,Laptop
W0002903,U00587,M00097,2026-01-24 15:04:16.421191,11,False,TV
W0002904,U00371,M00147,2026-04-26 15:04:16.421194,155,False,Tablet
W0002905,U00801,M00215,2025-11-16 15:04:16.421197,13,False,Mobile
W0002906,U00504,M00081,2025-07-14 15:04:16.421199,31,True,Laptop
W0002907,U00600,M00249,2025-06-14 15:04:16.421203,159,False,Tablet
W0002908,U00714,M00073,2026-04-08 15:04:16.421206,14,True,Laptop
W0002909,U00786,M00143,2026-03-17 15:04:16.421209,150,False,TV
W0002910,U00141,M00147,2026-02-27 15:04:16.421212,152,False,TV
W0002911,U00312,M00214,2025-09-07 15:04:16.421217,84,True,Laptop
W0002912,U00373,M00131,2026-01-30 15:04:16.421221,23,False,Laptop
W0002913,U00746,M00103,2025-08-07 15:04:16.421223,128,True,Mobile
W0002914,U00617,M00187,2025-12-30 15:04:16.421227,52,True,TV
W0002915,U00501,M00218,2026-03-17 15:04:16.421229,28,True,Laptop
W0002916,U00412,M00073,2025-12-08 15:04:16.421231,147,False,Laptop
W0002917,U00912,M00149,2025-12-11 15:04:16.421233,75,True,TV
W0002918,U00320,M00057,2026-01-12 15:04:16.421235,44,False,TV
W0002919,U00650,M00259,2025-08-05 15:04:16.421239,106,False,Laptop
W0002920,U00560,M00020,2026-03-18 15:04:16.421241,125,True,Laptop
W0002921,U00162,M00262,2026-04-04 15:04:16.421243,123,True,TV
W0002922,U00317,M00058,2025-10-09 15:04:16.421245,47,False,Laptop
W0002923,U00591,M00008,2025-06-25 15:04:16.421247,126,False,Laptop
W0002924,U00951,M00271,2025-07-07 15:04:16.421249,85,False,Laptop
W0002925,U00061,M00025,2025-08-13 15:04:16.421251,106,False,Mobile
W0002926,U00003,M00204,2026-01-10 15:04:16.421253,121,True,Laptop
W0002927,U00170,M00157,2025-05-18 15:04:16.421256,136,True,Laptop
W0002928,U00385,M00227,2026-01-25 15:04:16.421259,124,False,Laptop
W0002929,U00214,M00228,2025-09-09 15:04:16.421262,131,False,Mobile
W0002930,U00949,M00150,2025-05-14 15:04:16.421263,146,False,Tablet
W0002931,U00266,M00060,2025-05-29 15:04:16.421267,119,False,Mobile
W0002932,U00168,M00300,2025-08-12 15:04:16.421269,177,False,Tablet
W0002933,U00237,M00232,2025-09-05 15:04:16.421271,9,False,Tablet
W0002934,U00417,M00135,2026-04-18 15:04:16.421273,114,False,Mobile
W0002935,U00091,M00192,2026-03-29 15:04:16.421275,168,False,TV
W0002936,U00480,M00115,2025-09-27 15:04:16.421277,143,True,Laptop
W0002937,U00668,M00159,2026-04-04 15:04:16.421279,144,True,Laptop
W0002938,U00292,M00093,2025-10-07 15:04:16.421281,119,True,Mobile
W0002939,U00993,M00279,2026-05-09 15:04:16.421283,102,False,Tablet
W0002940,U00174,M00215,2026-03-03 15:04:16.421285,117,False,Tablet
W0002941,U00761,M00031,2025-07-26 15:04:16.421287,164,True,Laptop
W0002942,U00640,M00103,2025-09-22 15:04:16.421289,22,False,TV
W0002943,U00910,M00041,2026-04-19 15:04:16.421291,95,False,TV
W0002944,U00527,M00046,2025-09-25 15:04:16.421293,79,True,Tablet
W0002945,U00914,M00142,2026-01-08 15:04:16.421295,21,True,Laptop
W0002946,U00788,M00159,2026-02-14 15:04:16.421297,87,False,Mobile
W0002947,U00284,M00048,2025-05-21 15:04:16.421299,102,True,TV
W0002948,U00572,M00266,2025-06-22 15:04:16.421301,81,True,Tablet
W0002949,U00272,M00270,2025-11-06 15:04:16.421303,172,False,Laptop
W0002950,U00553,M00141,2026-04-02 15:04:16.421306,60,True,Tablet
W0002951,U00106,M00165,2025-12-28 15:04:16.421309,48,True,TV
W0002952,U00073,M00129,2026-02-23 15:04:16.421311,30,True,Mobile
W0002953,U00655,M00036,2025-10-21 15:04:16.421313,65,True,Mobile
W0002954,U00495,M00248,2025-09-18 15:04:16.421315,136,False,TV
W0002955,U00287,M00134,2025-12-04 15:04:16.421317,83,False,Laptop
W0002956,U00747,M00238,2026-03-30 15:04:16.421319,165,False,Tablet
W0002957,U00859,M00107,2025-10-22 15:04:16.421321,89,True,Mobile
W0002958,U00750,M00135,2025-12-06 15:04:16.421323,164,True,Mobile
W0002959,U00177,M00297,2025-12-15 15:04:16.421325,10,False,Laptop
W0002960,U00070,M00203,2026-05-08 15:04:16.421327,105,True,Mobile
W0002961,U00731,M00125,2025-11-15 15:04:16.421329,111,False,Tablet
W0002962,U00183,M00011,2025-11-03 15:04:16.421331,170,False,Tablet
W0002963,U00436,M00208,2025-05-16 15:04:16.421333,42,False,Tablet
W0002964,U00487,M00121,2025-12-19 15:04:16.421335,148,True,Tablet
W0002965,U00993,M00263,2025-11-22 15:04:16.421337,136,True,TV
W0002966,U00737,M00057,2026-03-30 15:04:16.421339,130,True,Tablet
W0002967,U00944,M00209,2025-11-07 15:04:16.421340,72,False,Mobile
W0002968,U00600,M00265,2025-09-18 15:04:16.421342,44,True,Laptop
W0002969,U00937,M00228,2025-09-18 15:04:16.421344,140,False,Laptop
W0002970,U00508,M00279,2025-11-25 15:04:16.421347,5,True,Tablet
W0002971,U00311,M00053,2025-10-02 15:04:16.421349,94,False,Mobile
W0002972,U00945,M00127,2025-12-31 15:04:16.421351,65,True,Mobile
W0002973,U00075,M00233,2026-01-04 15:04:16.421353,137,False,TV
W0002974,U00712,M00283,2025-09-01 15:04:16.421355,156,True,TV
W0002975,U00177,M00100,2025-07-24 15:04:16.421357,115,True,TV
W0002976,U00695,M00116,2025-07-30 15:04:16.421359,129,False,Tablet
W0002977,U00361,M00030,2025-07-03 15:04:16.421361,164,False,Tablet
W0002978,U00370,M00022,2025-07-23 15:04:16.421363,35,True,Laptop
W0002979,U00070,M00172,2026-02-21 15:04:16.421366,30,True,Tablet
W0002980,U00482,M00227,2025-07-25 15:04:16.421368,164,False,TV
W0002981,U00849,M00261,2025-07-22 15:04:16.421370,137,False,Laptop
W0002982,U00502,M00109,2025-09-16 15:04:16.421372,16,False,Mobile
W0002983,U00840,M00159,2025-06-05 15:04:16.421377,54,False,Mobile
W0002984,U00243,M00049,2025-08-15 15:04:16.421379,140,True,Tablet
W0002985,U00028,M00166,2025-07-09 15:04:16.421381,102,True,Laptop
W0002986,U00261,M00141,2025-08-29 15:04:16.421383,41,True,Mobile
W0002987,U00097,M00131,2026-04-03 15:04:16.421385,168,False,Tablet
W0002988,U00690,M00233,2026-05-02 15:04:16.421387,85,False,Laptop
W0002989,U00847,M00031,2025-08-07 15:04:16.421390,148,False,Tablet
W0002990,U00666,M00075,2025-10-19 15:04:16.421392,48,False,TV
W0002991,U00055,M00142,2025-06-07 15:04:16.421394,83,True,TV
W0002992,U00520,M00058,2025-11-24 15:04:16.421396,34,True,Mobile
W0002993,U00295,M00112,2025-08-03 15:04:16.421398,53,False,Tablet
W0002994,U00696,M00183,2025-10-03 15:04:16.421401,7,False,TV
W0002995,U00737,M00014,2025-07-22 15:04:16.421403,164,False,Tablet
W0002996,U00625,M00222,2025-09-25 15:04:16.421405,40,True,TV
W0002997,U00239,M00243,2026-02-21 15:04:16.421407,52,False,Laptop
W0002998,U00960,M00269,2026-03-22 15:04:16.421409,30,True,Mobile
W0002999,U00871,M00286,2026-01-26 15:04:16.421411,107,True,Tablet
W0003000,U00199,M00196,2025-11-25 15:04:16.421413,97,True,Laptop
W0003001,U00115,M00075,2025-11-27 15:04:16.421415,30,False,Laptop
W0003002,U00548,M00115,2025-06-28 15:04:16.421417,27,True,Laptop
W0003003,U00676,M00284,2025-08-21 15:04:16.421419,12,True,Tablet
W0003004,U00180,M00232,2026-01-30 15:04:16.421421,49,False,TV
W0003005,U00242,M00225,2025-05-21 15:04:16.421423,175,True,TV
W0003006,U00485,M00037,2025-05-12 15:04:16.421425,73,False,Mobile
W0003007,U00995,M00019,2026-03-23 15:04:16.421427,76,False,TV
W0003008,U00213,M00105,2025-10-31 15:04:16.421429,20,True,Tablet
W0003009,U00172,M00110,2025-06-24 15:04:16.421432,173,False,TV
W0003010,U00915,M00134,2026-03-23 15:04:16.421435,108,False,Tablet
W0003011,U00944,M00261,2026-04-23 15:04:16.421437,34,False,Mobile
W0003012,U00552,M00180,2025-12-28 15:04:16.421440,43,False,Laptop
W0003013,U00558,M00176,2026-01-15 15:04:16.421442,25,False,TV
W0003014,U00434,M00213,2026-02-24 15:04:16.421503,49,False,Tablet
W0003015,U00369,M00008,2025-12-20 15:04:16.421509,91,False,TV
W0003016,U00773,M00080,2025-10-12 15:04:16.421512,49,False,Mobile
W0003017,U00147,M00154,2025-08-06 15:04:16.421514,16,False,Tablet
W0003018,U00258,M00081,2026-04-16 15:04:16.421517,64,False,Mobile
W0003019,U00965,M00035,2025-07-30 15:04:16.421519,122,False,TV
W0003020,U00940,M00276,2025-07-09 15:04:16.421521,55,True,Mobile
W0003021,U00503,M00112,2026-04-09 15:04:16.421523,109,True,Laptop
W0003022,U00229,M00051,2025-11-05 15:04:16.421526,54,False,TV
W0003023,U00765,M00226,2025-12-26 15:04:16.421528,36,False,Tablet
W0003024,U00153,M00016,2025-11-30 15:04:16.421530,16,True,Laptop
W0003025,U00770,M00144,2025-12-13 15:04:16.421532,73,True,Mobile
W0003026,U00349,M00125,2025-12-06 15:04:16.421534,76,True,Mobile
W0003027,U00262,M00142,2025-10-19 15:04:16.421536,96,False,Mobile
W0003028,U00085,M00057,2025-12-29 15:04:16.421540,98,True,Laptop
W0003029,U00649,M00286,2026-01-20 15:04:16.421542,76,True,Mobile
W0003030,U00042,M00161,2026-02-12 15:04:16.421545,156,False,Tablet
W0003031,U00739,M00088,2025-08-12 15:04:16.421546,66,True,Laptop
W0003032,U00896,M00151,2026-02-18 15:04:16.421549,95,True,Mobile
W0003033,U00719,M00128,2026-04-07 15:04:16.421562,19,False,Mobile
W0003034,U00023,M00070,2025-11-15 15:04:16.421568,76,False,Laptop
W0003035,U00469,M00070,2025-09-18 15:04:16.421573,97,True,Tablet
W0003036,U00222,M00099,2025-12-04 15:04:16.421575,117,True,Laptop
W0003037,U00808,M00175,2025-06-11 15:04:16.421578,7,False,TV
W0003038,U00732,M00144,2025-11-03 15:04:16.421580,28,True,Laptop
W0003039,U00602,M00134,2026-03-12 15:04:16.421582,135,True,Laptop
W0003040,U00288,M00020,2025-12-31 15:04:16.421584,132,True,Laptop
W0003041,U00187,M00287,2025-11-23 15:04:16.421586,90,True,TV
W0003042,U00195,M00020,2025-06-28 15:04:16.421589,31,False,Tablet
W0003043,U00197,M00255,2026-02-11 15:04:16.421591,36,True,TV
W0003044,U00710,M00022,2026-05-09 15:04:16.421593,110,True,Tablet
W0003045,U00106,M00109,2025-06-02 15:04:16.421595,150,True,Mobile
W0003046,U00524,M00259,2025-08-06 15:04:16.421599,174,True,Mobile
W0003047,U00477,M00201,2025-06-20 15:04:16.421601,92,False,Mobile
W0003048,U00189,M00016,2026-01-04 15:04:16.421604,92,True,TV
W0003049,U00582,M00159,2026-03-24 15:04:16.421607,175,False,Tablet
W0003050,U00692,M00286,2026-02-27 15:04:16.421609,130,True,TV
W0003051,U00911,M00279,2026-01-15 15:04:16.421611,9,False,Laptop
W0003052,U00560,M00203,2026-02-26 15:04:16.421613,59,True,TV
W0003053,U00655,M00034,2026-01-07 15:04:16.421615,124,False,Mobile
W0003054,U00453,M00127,2025-11-20 15:04:16.421617,124,False,Tablet
W0003055,U00778,M00280,2025-10-06 15:04:16.421619,11,False,Tablet
W0003056,U00591,M00133,2025-08-31 15:04:16.421621,80,True,TV
W0003057,U00161,M00244,2026-04-23 15:04:16.421623,12,True,Tablet
W0003058,U00254,M00264,2025-06-26 15:04:16.421625,100,False,Mobile
W0003059,U00494,M00002,2025-07-16 15:04:16.421627,126,False,Mobile
W0003060,U00339,M00115,2025-12-08 15:04:16.421629,46,False,Tablet
W0003061,U00673,M00235,2025-09-15 15:04:16.421631,109,True,Tablet
W0003062,U00763,M00081,2025-12-26 15:04:16.421633,48,True,TV
W0003063,U00442,M00058,2025-10-10 15:04:16.421635,150,True,Tablet
W0003064,U00741,M00073,2026-01-13 15:04:16.421637,125,False,TV
W0003065,U00283,M00195,2025-09-06 15:04:16.421639,61,True,Laptop
W0003066,U00212,M00180,2025-10-21 15:04:16.421641,164,True,TV
W0003067,U00905,M00109,2025-10-01 15:04:16.421644,106,True,Laptop
W0003068,U00223,M00015,2026-01-08 15:04:16.421646,27,True,Laptop
W0003069,U00777,M00299,2025-07-16 15:04:16.421648,75,True,Tablet
W0003070,U00395,M00179,2025-11-20 15:04:16.421650,85,False,Tablet
W0003071,U00484,M00153,2025-08-04 15:04:16.421652,27,True,Mobile
W0003072,U00978,M00288,2026-03-17 15:04:16.421654,111,False,Laptop
W0003073,U00618,M00215,2025-11-13 15:04:16.421656,29,True,Mobile
W0003074,U00809,M00174,2025-07-01 15:04:16.421658,122,False,TV
W0003075,U00866,M00112,2025-07-19 15:04:16.421660,124,False,Mobile
W0003076,U00170,M00265,2026-03-20 15:04:16.421662,128,False,TV
W0003077,U00848,M00185,2026-02-03 15:04:16.421664,13,False,Laptop
W0003078,U00827,M00122,2025-05-18 15:04:16.421667,76,True,Mobile
W0003079,U00178,M00188,2026-01-15 15:04:16.421669,16,False,TV
W0003080,U00468,M00258,2025-07-27 15:04:16.421671,156,True,Tablet
W0003081,U00274,M00177,2025-09-02 15:04:16.421673,25,True,TV
W0003082,U00689,M00132,2026-01-06 15:04:16.421675,67,False,Laptop
W0003083,U00608,M00145,2026-03-02 15:04:16.421677,149,False,Mobile
W0003084,U00597,M00073,2026-04-22 15:04:16.421679,81,True,TV
W0003085,U00355,M00244,2025-12-30 15:04:16.421681,119,True,TV
W0003086,U00250,M00184,2025-12-22 15:04:16.421683,68,True,Tablet
W0003087,U00076,M00055,2026-01-11 15:04:16.421687,114,True,Mobile
W0003088,U00794,M00231,2025-12-18 15:04:16.421689,36,True,Tablet
W0003089,U00735,M00033,2025-09-15 15:04:16.421691,25,True,TV
W0003090,U00046,M00174,2025-11-21 15:04:16.421693,177,True,Laptop
W0003091,U00444,M00237,2025-05-11 15:04:16.421695,62,False,Mobile
W0003092,U00133,M00116,2025-09-16 15:04:16.421697,106,True,TV
W0003093,U00302,M00141,2025-10-01 15:04:16.421699,28,False,Laptop
W0003094,U00500,M00160,2025-06-30 15:04:16.421701,49,True,TV
W0003095,U00113,M00046,2025-11-24 15:04:16.421703,121,False,Laptop
W0003096,U00219,M00069,2025-08-27 15:04:16.421705,27,True,Laptop
W0003097,U00372,M00177,2025-07-26 15:04:16.421709,17,True,Laptop
W0003098,U00481,M00057,2026-01-14 15:04:16.421711,114,False,TV
W0003099,U00499,M00083,2026-04-03 15:04:16.421713,152,False,Laptop
W0003100,U00825,M00085,2026-02-13 15:04:16.421715,19,False,Mobile
W0003101,U00819,M00297,2025-12-01 15:04:16.421717,150,True,Laptop
W0003102,U00760,M00071,2025-06-18 15:04:16.421719,173,False,Laptop
W0003103,U00172,M00300,2026-01-08 15:04:16.421721,95,False,Mobile
W0003104,U00354,M00103,2025-10-10 15:04:16.421723,9,True,Laptop
W0003105,U00195,M00094,2025-09-01 15:04:16.421725,12,False,Laptop
W0003106,U00731,M00120,2025-07-25 15:04:16.421728,23,False,TV
W0003107,U00714,M00064,2025-11-01 15:04:16.421730,155,False,Mobile
W0003108,U00747,M00145,2026-01-02 15:04:16.421732,104,True,Tablet
W0003109,U00125,M00120,2025-05-31 15:04:16.421734,41,True,Laptop
W0003110,U00927,M00263,2025-08-12 15:04:16.421738,116,False,Laptop
W0003111,U00801,M00258,2025-12-30 15:04:16.421740,159,False,Tablet
W0003112,U00867,M00106,2025-09-21 15:04:16.421742,137,True,TV
W0003113,U00078,M00065,2025-09-03 15:04:16.421744,115,True,Tablet
W0003114,U00498,M00278,2025-11-02 15:04:16.421746,140,True,Mobile
W0003115,U00258,M00113,2026-01-06 15:04:16.421748,113,True,Mobile
W0003116,U00464,M00032,2025-11-16 15:04:16.421750,77,False,Tablet
W0003117,U00600,M00292,2025-11-26 15:04:16.421752,86,True,Tablet
W0003118,U00383,M00268,2025-11-05 15:04:16.421755,119,True,Mobile
W0003119,U00354,M00093,2025-10-11 15:04:16.421757,136,True,Laptop
W0003120,U00047,M00220,2026-01-19 15:04:16.421759,155,True,Mobile
W0003121,U00122,M00211,2025-12-29 15:04:16.421761,33,True,TV
W0003122,U00799,M00214,2025-08-10 15:04:16.421763,95,False,TV
W0003123,U00976,M00202,2025-08-08 15:04:16.421765,121,False,Laptop
W0003124,U00290,M00155,2026-02-06 15:04:16.421767,12,True,Mobile
W0003125,U00133,M00129,2025-08-01 15:04:16.421769,177,False,Tablet
W0003126,U00138,M00128,2025-09-11 15:04:16.421773,156,True,Laptop
W0003127,U00338,M00248,2026-04-08 15:04:16.421775,78,True,Tablet
W0003128,U00457,M00080,2025-05-19 15:04:16.421777,172,True,TV
W0003129,U00232,M00202,2025-09-30 15:04:16.421779,91,False,TV
W0003130,U00119,M00187,2026-03-03 15:04:16.421781,66,True,TV
W0003131,U00345,M00279,2025-09-04 15:04:16.421783,32,False,Mobile
W0003132,U00939,M00132,2025-10-31 15:04:16.421785,146,True,Laptop
W0003133,U00754,M00061,2025-12-04 15:04:16.421787,73,True,Tablet
W0003134,U00440,M00147,2025-06-15 15:04:16.421789,107,True,TV
W0003135,U00001,M00115,2025-05-30 15:04:16.421791,157,True,TV
W0003136,U00188,M00209,2025-06-21 15:04:16.421793,30,False,Tablet
W0003137,U00494,M00276,2026-03-18 15:04:16.421795,59,False,Laptop
W0003138,U00244,M00229,2026-04-11 15:04:16.421797,14,True,Laptop
W0003139,U00045,M00100,2025-11-24 15:04:16.421799,144,False,Mobile
W0003140,U00796,M00001,2025-11-15 15:04:16.421801,75,False,TV
W0003141,U00223,M00254,2026-01-07 15:04:16.421803,103,True,Mobile
W0003142,U00093,M00208,2025-08-19 15:04:16.421808,33,False,Tablet
W0003143,U00291,M00077,2025-11-09 15:04:16.421810,70,True,Tablet
W0003144,U00413,M00119,2026-01-18 15:04:16.421812,132,False,Tablet
W0003145,U00415,M00064,2025-10-27 15:04:16.421815,33,False,Laptop
W0003146,U00779,M00183,2025-08-24 15:04:16.421818,131,True,Mobile
W0003147,U00576,M00243,2026-05-07 15:04:16.421820,7,False,Laptop
W0003148,U00110,M00013,2025-07-08 15:04:16.421822,48,False,TV
W0003149,U00894,M00049,2025-11-15 15:04:16.421824,114,True,TV
W0003150,U00018,M00152,2026-02-06 15:04:16.421825,108,False,Laptop
W0003151,U00359,M00282,2025-11-04 15:04:16.421827,128,False,Laptop
W0003152,U00921,M00067,2025-10-17 15:04:16.421830,173,False,Mobile
W0003153,U00019,M00090,2025-08-05 15:04:16.421832,20,True,Mobile
W0003154,U00875,M00249,2026-03-11 15:04:16.421834,152,True,TV
W0003155,U00868,M00046,2025-06-10 15:04:16.421836,107,True,Laptop
W0003156,U00059,M00053,2026-03-08 15:04:16.421838,13,False,TV
W0003157,U00055,M00171,2025-07-22 15:04:16.421840,104,False,Tablet
W0003158,U00698,M00140,2025-06-24 15:04:16.421842,172,False,Tablet
W0003159,U00527,M00169,2025-07-13 15:04:16.421844,84,True,Tablet
W0003160,U00149,M00240,2026-04-10 15:04:16.421846,136,False,Tablet
W0003161,U00541,M00126,2025-11-19 15:04:16.421848,6,False,TV
W0003162,U00822,M00105,2026-04-06 15:04:16.421850,134,True,Laptop
W0003163,U00511,M00211,2025-06-06 15:04:16.421852,100,True,TV
W0003164,U00830,M00234,2026-02-25 15:04:16.421854,15,False,TV
W0003165,U00421,M00245,2026-01-07 15:04:16.421857,82,False,Tablet
W0003166,U00350,M00212,2025-10-11 15:04:16.421859,84,False,Mobile
W0003167,U00400,M00250,2025-12-17 15:04:16.421861,72,True,TV
W0003168,U00548,M00040,2026-01-20 15:04:16.421863,55,False,TV
W0003169,U00275,M00033,2025-06-06 15:04:16.421865,160,False,TV
W0003170,U00854,M00095,2026-04-02 15:04:16.421868,7,False,Laptop
W0003171,U00010,M00029,2026-01-14 15:04:16.421870,173,True,Mobile
W0003172,U00555,M00050,2025-11-27 15:04:16.421872,122,True,Mobile
W0003173,U00941,M00222,2026-02-27 15:04:16.421874,44,True,Mobile
W0003174,U00716,M00251,2026-01-12 15:04:16.421877,76,False,Mobile
W0003175,U00821,M00118,2025-05-15 15:04:16.421879,20,False,Laptop
W0003176,U00168,M00125,2025-11-19 15:04:16.421881,44,True,TV
W0003177,U00615,M00051,2025-07-30 15:04:16.421883,132,False,Laptop
W0003178,U00799,M00209,2025-09-06 15:04:16.421885,40,False,Mobile
W0003179,U00100,M00155,2026-04-13 15:04:16.421887,74,True,Tablet
W0003180,U00849,M00061,2025-08-19 15:04:16.421889,103,False,TV
W0003181,U00502,M00018,2025-07-14 15:04:16.421891,89,False,TV
W0003182,U00008,M00191,2025-08-10 15:04:16.421895,100,True,TV
W0003183,U00206,M00079,2026-03-16 15:04:16.421897,15,True,TV
W0003184,U00954,M00149,2026-03-15 15:04:16.421931,120,True,Mobile
W0003185,U00420,M00159,2025-11-19 15:04:16.421937,165,False,Laptop
W0003186,U00759,M00291,2025-08-02 15:04:16.421940,142,False,Mobile
W0003187,U00745,M00248,2025-08-20 15:04:16.421942,56,True,Laptop
W0003188,U00278,M00071,2025-09-09 15:04:16.421945,104,False,TV
W0003189,U00912,M00142,2026-01-08 15:04:16.421947,70,True,TV
W0003190,U00350,M00030,2026-02-21 15:04:16.421949,125,True,Mobile
W0003191,U00925,M00078,2025-12-30 15:04:16.421952,120,False,Tablet
W0003192,U00459,M00189,2026-01-08 15:04:16.421954,27,False,Tablet
W0003193,U00230,M00123,2025-11-03 15:04:16.421956,78,True,Mobile
W0003194,U00286,M00262,2025-08-27 15:04:16.421958,115,True,Tablet
W0003195,U00653,M00275,2025-12-12 15:04:16.421960,134,False,TV
W0003196,U00954,M00293,2026-01-17 15:04:16.421962,61,False,Laptop
W0003197,U00025,M00207,2025-12-05 15:04:16.421964,121,True,Mobile
W0003198,U00370,M00134,2025-10-09 15:04:16.421966,162,True,Laptop
W0003199,U00355,M00106,2025-08-17 15:04:16.421968,68,True,TV
W0003200,U00526,M00173,2026-04-12 15:04:16.421970,129,False,Laptop
W0003201,U00533,M00171,2025-11-23 15:04:16.421972,73,False,Laptop
W0003202,U00386,M00095,2026-03-29 15:04:16.421974,47,True,Mobile
W0003203,U00409,M00079,2026-01-25 15:04:16.421976,158,False,Laptop
W0003204,U00601,M00024,2026-02-18 15:04:16.421980,126,True,Laptop
W0003205,U00703,M00229,2025-11-18 15:04:16.421982,10,False,Tablet
W0003206,U00370,M00052,2026-03-29 15:04:16.421986,57,False,Laptop
W0003207,U00101,M00198,2025-08-08 15:04:16.421988,51,True,Mobile
W0003208,U00561,M00065,2025-08-12 15:04:16.421990,89,False,TV
W0003209,U00437,M00131,2025-07-09 15:04:16.421992,102,False,Mobile
W0003210,U00801,M00084,2025-05-31 15:04:16.421994,24,False,Mobile
W0003211,U00240,M00233,2025-07-14 15:04:16.421996,58,True,Mobile
W0003212,U00052,M00054,2025-07-30 15:04:16.421998,169,False,Tablet
W0003213,U00254,M00227,2025-12-20 15:04:16.422000,76,True,Mobile
W0003214,U00229,M00241,2026-04-06 15:04:16.422002,156,False,Laptop
W0003215,U00203,M00009,2025-10-07 15:04:16.422004,165,True,TV
W0003216,U00998,M00221,2025-12-06 15:04:16.422007,40,True,Laptop
W0003217,U00306,M00041,2026-02-03 15:04:16.422009,147,False,TV
W0003218,U00124,M00269,2026-04-23 15:04:16.422011,155,False,Mobile
W0003219,U00032,M00258,2026-02-21 15:04:16.422014,164,False,Tablet
W0003220,U00229,M00053,2026-02-07 15:04:16.422016,115,False,TV
W0003221,U00869,M00154,2026-04-04 15:04:16.422018,89,False,TV
W0003222,U00227,M00020,2026-03-13 15:04:16.422020,66,True,Laptop
W0003223,U00273,M00073,2026-04-28 15:04:16.422023,65,False,Laptop
W0003224,U00807,M00248,2026-01-13 15:04:16.422026,163,True,Mobile
W0003225,U00408,M00072,2025-05-24 15:04:16.422028,41,False,Laptop
W0003226,U00706,M00062,2025-10-20 15:04:16.422030,32,False,Mobile
W0003227,U00660,M00221,2025-08-17 15:04:16.422032,111,False,Mobile
W0003228,U00350,M00216,2025-10-09 15:04:16.422034,25,True,Laptop
W0003229,U00816,M00165,2025-10-30 15:04:16.422036,88,False,Mobile
W0003230,U00971,M00172,2026-05-01 15:04:16.422038,115,False,Tablet
W0003231,U00949,M00087,2025-11-15 15:04:16.422040,161,False,Tablet
W0003232,U00732,M00258,2026-02-13 15:04:16.422042,168,True,TV
W0003233,U00526,M00292,2025-11-21 15:04:16.422044,59,True,Laptop
W0003234,U00453,M00253,2026-03-02 15:04:16.422046,105,False,TV
W0003235,U00007,M00052,2026-04-26 15:04:16.422048,90,False,Tablet
W0003236,U00411,M00201,2025-06-17 15:04:16.422050,141,True,Laptop
W0003237,U00060,M00088,2026-04-04 15:04:16.422052,62,False,Mobile
W0003238,U00129,M00169,2025-07-10 15:04:16.422056,134,False,Laptop
W0003239,U00156,M00081,2026-04-06 15:04:16.422060,20,False,Tablet
W0003240,U00549,M00196,2025-07-18 15:04:16.422062,30,False,Laptop
W0003241,U00864,M00188,2025-10-09 15:04:16.422066,60,True,Mobile
W0003242,U00203,M00108,2025-05-23 15:04:16.422069,125,True,Laptop
W0003243,U00370,M00067,2025-10-03 15:04:16.422074,64,True,Mobile
W0003244,U00268,M00026,2025-09-09 15:04:16.422076,86,False,Mobile
W0003245,U00458,M00035,2026-04-05 15:04:16.422079,167,False,Mobile
W0003246,U00075,M00127,2026-01-03 15:04:16.422106,52,True,Laptop
W0003247,U00204,M00025,2025-05-29 15:04:16.422115,80,False,TV
W0003248,U00623,M00017,2025-06-06 15:04:16.422120,86,False,Laptop
W0003249,U00590,M00237,2025-11-23 15:04:16.422123,103,False,Tablet
W0003250,U00510,M00133,2025-07-07 15:04:16.422129,72,True,Tablet
W0003251,U00117,M00150,2026-03-22 15:04:16.422133,9,False,Mobile
W0003252,U00631,M00060,2025-09-20 15:04:16.422136,105,False,Mobile
W0003253,U00035,M00223,2026-03-17 15:04:16.422141,122,True,Mobile
W0003254,U00510,M00093,2025-09-12 15:04:16.422144,88,False,TV
W0003255,U00469,M00054,2025-12-22 15:04:16.422146,109,False,Tablet
W0003256,U00998,M00264,2026-02-15 15:04:16.422149,54,True,Tablet
W0003257,U00127,M00279,2025-09-13 15:04:16.422151,113,True,Tablet
W0003258,U00045,M00065,2025-10-04 15:04:16.422154,39,False,Laptop
W0003259,U00391,M00087,2025-09-04 15:04:16.422156,110,True,Mobile
W0003260,U00084,M00052,2025-11-09 15:04:16.422159,179,True,Tablet
W0003261,U00895,M00212,2025-11-11 15:04:16.422161,142,False,TV
W0003262,U00683,M00248,2026-01-14 15:04:16.422167,166,True,TV
W0003263,U00088,M00084,2025-07-23 15:04:16.422170,110,True,Laptop
W0003264,U00119,M00287,2026-04-02 15:04:16.422173,160,True,Tablet
W0003265,U00201,M00096,2025-12-01 15:04:16.422175,152,False,Mobile
W0003266,U00212,M00253,2026-01-30 15:04:16.422177,18,True,TV
W0003267,U00357,M00262,2026-01-23 15:04:16.422180,89,True,Tablet
W0003268,U00629,M00104,2026-02-22 15:04:16.422184,118,True,TV
W0003269,U00451,M00108,2026-01-03 15:04:16.422188,52,True,TV
W0003270,U00613,M00142,2026-01-19 15:04:16.422190,100,True,TV
W0003271,U00192,M00013,2026-03-20 15:04:16.422193,8,False,TV
W0003272,U00889,M00189,2025-06-04 15:04:16.422195,176,True,Mobile
W0003273,U00985,M00195,2025-10-26 15:04:16.422198,104,False,Tablet
W0003274,U00666,M00192,2025-11-01 15:04:16.422200,82,False,Laptop
W0003275,U00995,M00166,2026-03-28 15:04:16.422203,119,True,Laptop
W0003276,U00775,M00075,2025-10-04 15:04:16.422205,89,True,Laptop
W0003277,U00208,M00138,2025-06-26 15:04:16.422208,164,False,TV
W0003278,U00222,M00036,2026-03-13 15:04:16.422211,178,False,Mobile
W0003279,U00097,M00003,2025-05-15 15:04:16.422213,55,True,TV
W0003280,U00388,M00185,2026-02-26 15:04:16.422215,85,False,Laptop
W0003281,U00310,M00115,2025-05-24 15:04:16.422218,135,False,Mobile
W0003282,U00085,M00129,2026-01-17 15:04:16.422222,160,False,Tablet
W0003283,U00579,M00196,2025-11-10 15:04:16.422224,146,False,Mobile
W0003284,U00023,M00297,2026-02-17 15:04:16.422227,77,True,TV
W0003285,U00692,M00209,2026-03-08 15:04:16.422229,155,False,Tablet
W0003286,U00823,M00184,2025-07-23 15:04:16.422232,149,False,Tablet
W0003287,U00522,M00173,2026-04-28 15:04:16.422234,51,True,TV
W0003288,U00159,M00212,2025-12-15 15:04:16.422236,100,True,Laptop
W0003289,U00174,M00064,2025-10-15 15:04:16.422239,38,False,Tablet
W0003290,U00352,M00185,2026-04-25 15:04:16.422241,5,False,Mobile
W0003291,U00034,M00247,2026-04-18 15:04:16.422243,53,True,TV
W0003292,U00425,M00273,2025-06-13 15:04:16.422245,170,True,Tablet
W0003293,U00623,M00097,2025-07-25 15:04:16.422248,21,True,TV
W0003294,U00631,M00289,2025-05-12 15:04:16.422250,25,True,Mobile
W0003295,U00824,M00123,2025-12-22 15:04:16.422253,132,False,Mobile
W0003296,U00738,M00162,2025-08-25 15:04:16.422256,136,False,Laptop
W0003297,U00628,M00182,2025-08-08 15:04:16.422260,64,True,Laptop
W0003298,U00805,M00137,2025-07-16 15:04:16.422264,82,False,TV
W0003299,U00826,M00094,2025-10-01 15:04:16.422266,42,False,Mobile
W0003300,U00146,M00230,2025-08-24 15:04:16.422269,67,False,Mobile
W0003301,U00709,M00014,2025-05-17 15:04:16.422275,169,False,Mobile
W0003302,U00214,M00092,2026-01-13 15:04:16.422278,113,True,Laptop
W0003303,U00498,M00041,2026-02-20 15:04:16.422281,138,False,Tablet
W0003304,U00182,M00266,2026-02-15 15:04:16.422283,64,True,TV
W0003305,U00302,M00090,2026-01-28 15:04:16.422286,174,True,TV
W0003306,U00868,M00138,2025-05-31 15:04:16.422288,14,False,Tablet
W0003307,U00115,M00058,2025-08-01 15:04:16.422291,143,False,Laptop
W0003308,U00269,M00072,2026-03-25 15:04:16.422293,177,False,Tablet
W0003309,U00899,M00097,2026-02-14 15:04:16.422296,128,False,Tablet
W0003310,U00724,M00122,2026-04-30 15:04:16.422298,132,True,TV
W0003311,U00553,M00155,2026-03-16 15:04:16.422300,115,True,Laptop
W0003312,U00252,M00022,2025-09-24 15:04:16.422303,145,True,Laptop
W0003313,U00857,M00092,2026-04-22 15:04:16.422305,79,False,Laptop
W0003314,U00532,M00294,2026-01-22 15:04:16.422307,124,False,Tablet
W0003315,U00667,M00049,2026-02-27 15:04:16.422310,36,False,Mobile
W0003316,U00758,M00010,2025-07-05 15:04:16.422312,14,False,Tablet
W0003317,U00583,M00032,2026-02-03 15:04:16.422314,39,False,Mobile
W0003318,U00887,M00131,2026-01-07 15:04:16.422316,71,True,Tablet
W0003319,U00686,M00059,2025-05-25 15:04:16.422319,28,True,TV
W0003320,U00833,M00198,2025-08-14 15:04:16.422321,72,False,Mobile
W0003321,U00584,M00141,2025-12-02 15:04:16.422325,127,True,Laptop
W0003322,U00211,M00081,2026-01-25 15:04:16.422328,85,False,Mobile
W0003323,U00333,M00163,2025-07-15 15:04:16.422331,142,False,Laptop
W0003324,U00001,M00123,2025-10-11 15:04:16.422333,73,True,Tablet
W0003325,U00228,M00065,2026-04-28 15:04:16.422335,167,False,TV
W0003326,U00754,M00092,2026-04-14 15:04:16.422337,53,False,Tablet
W0003327,U00229,M00007,2026-01-27 15:04:16.422339,111,False,Tablet
W0003328,U00134,M00191,2025-12-28 15:04:16.422341,74,True,Tablet
W0003329,U00269,M00086,2026-01-21 15:04:16.422343,82,True,TV
W0003330,U00884,M00277,2025-09-05 15:04:16.422345,95,True,Mobile
W0003331,U00698,M00040,2025-11-27 15:04:16.422347,66,False,Tablet
W0003332,U00272,M00215,2025-10-22 15:04:16.422349,116,True,Mobile
W0003333,U00412,M00053,2026-03-20 15:04:16.422352,116,True,Mobile
W0003334,U00056,M00187,2025-06-21 15:04:16.422354,101,True,Laptop
W0003335,U00945,M00201,2026-01-31 15:04:16.422356,157,True,Laptop
W0003336,U00826,M00091,2025-09-01 15:04:16.422358,96,False,TV
W0003337,U00422,M00099,2026-05-04 15:04:16.422360,128,True,Mobile
W0003338,U00016,M00149,2025-10-11 15:04:16.422362,110,False,TV
W0003339,U00216,M00233,2026-03-18 15:04:16.422364,57,True,Mobile
W0003340,U00025,M00268,2025-09-28 15:04:16.422367,106,True,Tablet
W0003341,U00979,M00210,2025-12-25 15:04:16.422370,127,False,Laptop
W0003342,U00964,M00239,2025-07-15 15:04:16.422372,124,True,Laptop
W0003343,U00742,M00278,2025-11-24 15:04:16.422374,82,False,Tablet
W0003344,U00105,M00151,2025-06-24 15:04:16.422376,128,True,Mobile
W0003345,U00132,M00259,2025-12-08 15:04:16.422378,131,True,Tablet
W0003346,U00503,M00241,2025-11-17 15:04:16.422380,116,True,Mobile
W0003347,U00942,M00170,2026-05-03 15:04:16.422382,117,False,TV
W0003348,U00525,M00240,2026-03-27 15:04:16.422384,156,True,Mobile
W0003349,U00435,M00082,2026-04-26 15:04:16.422386,163,True,Laptop
W0003350,U00228,M00040,2025-06-12 15:04:16.422388,110,True,Laptop
W0003351,U00882,M00128,2025-12-26 15:04:16.422390,63,True,Mobile
W0003352,U00382,M00205,2026-03-21 15:04:16.422394,41,False,Tablet
W0003353,U00714,M00038,2026-04-30 15:04:16.422396,39,False,Laptop
W0003354,U00191,M00122,2026-04-21 15:04:16.422398,145,True,Tablet
W0003355,U00688,M00180,2026-01-11 15:04:16.422400,10,False,Mobile
W0003356,U00126,M00297,2025-06-29 15:04:16.422402,81,True,Mobile
W0003357,U00442,M00189,2026-02-12 15:04:16.422405,54,True,Mobile
W0003358,U00059,M00073,2025-10-29 15:04:16.422406,153,True,Mobile
W0003359,U00381,M00059,2025-12-20 15:04:16.422408,148,True,Mobile
W0003360,U00664,M00248,2026-01-10 15:04:16.422452,49,False,TV
W0003361,U00453,M00249,2026-04-15 15:04:16.422458,96,False,TV
W0003362,U00758,M00292,2025-05-19 15:04:16.422460,87,False,TV
W0003363,U00454,M00166,2025-11-28 15:04:16.422463,172,False,TV
W0003364,U00196,M00016,2025-08-09 15:04:16.422465,87,False,Laptop
W0003365,U00831,M00214,2025-06-25 15:04:16.422469,120,False,Laptop
W0003366,U00088,M00007,2025-10-08 15:04:16.422471,120,False,Laptop
W0003367,U00030,M00284,2025-10-14 15:04:16.422473,62,True,Laptop
W0003368,U00199,M00138,2025-10-31 15:04:16.422476,96,False,Mobile
W0003369,U00551,M00040,2025-08-03 15:04:16.422478,137,True,Tablet
W0003370,U00421,M00131,2025-06-15 15:04:16.422480,103,True,TV
W0003371,U00800,M00238,2025-05-11 15:04:16.422482,90,True,Tablet
W0003372,U00040,M00191,2026-04-02 15:04:16.422484,13,False,Laptop
W0003373,U00884,M00099,2025-07-06 15:04:16.422486,173,True,TV
W0003374,U00454,M00127,2025-07-09 15:04:16.422488,169,False,TV
W0003375,U00686,M00064,2025-09-02 15:04:16.422489,141,True,Laptop
W0003376,U00060,M00192,2025-06-30 15:04:16.422491,40,False,Tablet
W0003377,U00100,M00063,2026-01-25 15:04:16.422493,96,False,Tablet
W0003378,U00540,M00135,2026-04-29 15:04:16.422496,103,False,Mobile
W0003379,U00904,M00137,2025-06-21 15:04:16.422499,29,False,TV
W0003380,U00380,M00048,2025-06-21 15:04:16.422501,47,True,Mobile
W0003381,U00205,M00088,2026-04-04 15:04:16.422503,105,False,Mobile
W0003382,U00913,M00293,2026-01-10 15:04:16.422505,133,False,TV
W0003383,U00398,M00125,2026-05-08 15:04:16.422507,104,True,Mobile
W0003384,U00596,M00005,2026-01-21 15:04:16.422508,73,False,TV
W0003385,U00534,M00129,2025-12-19 15:04:16.422510,63,True,Laptop
W0003386,U00860,M00046,2025-09-15 15:04:16.422512,171,False,TV
W0003387,U00408,M00094,2026-05-04 15:04:16.422514,47,False,Tablet
W0003388,U00852,M00104,2025-11-21 15:04:16.422517,153,False,Tablet
W0003389,U00128,M00142,2026-04-16 15:04:16.422519,180,True,Tablet
W0003390,U00602,M00177,2026-03-10 15:04:16.422521,176,True,Tablet
W0003391,U00676,M00290,2026-03-06 15:04:16.422523,124,True,TV
W0003392,U00017,M00207,2025-06-24 15:04:16.422525,20,False,Mobile
W0003393,U00581,M00032,2026-01-09 15:04:16.422527,47,False,TV
W0003394,U00961,M00184,2026-05-02 15:04:16.422529,160,False,Tablet
W0003395,U00219,M00195,2025-12-22 15:04:16.422532,14,True,Mobile
W0003396,U00512,M00083,2026-04-21 15:04:16.422534,175,True,Laptop
W0003397,U00308,M00158,2025-11-25 15:04:16.422537,21,True,TV
W0003398,U00953,M00149,2025-11-26 15:04:16.422539,5,False,Laptop
W0003399,U00034,M00129,2025-06-16 15:04:16.422546,111,False,Tablet
W0003400,U00673,M00090,2025-05-19 15:04:16.422549,119,True,Tablet
W0003401,U00881,M00046,2025-10-27 15:04:16.422551,161,False,Laptop
W0003402,U00299,M00235,2025-07-04 15:04:16.422553,158,False,Tablet
W0003403,U00336,M00197,2025-07-11 15:04:16.422555,173,True,Tablet
W0003404,U00519,M00029,2025-07-01 15:04:16.422557,154,True,Laptop
W0003405,U00277,M00002,2025-12-14 15:04:16.422559,89,False,Mobile
W0003406,U00138,M00273,2025-07-29 15:04:16.422561,22,False,Tablet
W0003407,U00969,M00113,2025-06-19 15:04:16.422563,102,False,Mobile
W0003408,U00833,M00110,2026-03-09 15:04:16.422565,114,False,Mobile
W0003409,U00346,M00011,2025-12-12 15:04:16.422567,16,True,TV
W0003410,U00631,M00123,2025-06-04 15:04:16.422570,67,False,Tablet
W0003411,U00756,M00129,2025-10-29 15:04:16.422572,65,False,TV
W0003412,U00656,M00252,2025-09-17 15:04:16.422574,19,True,Laptop
W0003413,U00874,M00148,2025-05-19 15:04:16.422576,16,True,TV
W0003414,U00654,M00045,2026-03-15 15:04:16.422577,114,True,Laptop
W0003415,U00165,M00177,2026-01-02 15:04:16.422579,120,False,Mobile
W0003416,U00422,M00112,2025-12-29 15:04:16.422581,24,True,Laptop
W0003417,U00492,M00292,2025-11-24 15:04:16.422583,157,True,TV
W0003418,U00683,M00219,2026-03-06 15:04:16.422586,131,True,TV
W0003419,U00860,M00006,2025-11-30 15:04:16.422589,128,False,Mobile
W0003420,U00434,M00006,2025-10-04 15:04:16.422591,152,False,TV
W0003421,U00731,M00270,2025-09-19 15:04:16.422593,59,False,TV
W0003422,U00778,M00028,2026-02-06 15:04:16.422595,65,False,Tablet
W0003423,U00093,M00249,2025-11-19 15:04:16.422597,46,False,Mobile
W0003424,U00064,M00032,2026-01-17 15:04:16.422599,60,True,Mobile
W0003425,U00858,M00299,2026-04-08 15:04:16.422601,163,True,Mobile
W0003426,U00182,M00235,2025-08-25 15:04:16.422603,73,False,Laptop
W0003427,U00308,M00030,2026-03-09 15:04:16.422605,60,True,Laptop
W0003428,U00366,M00080,2025-08-04 15:04:16.422607,152,False,Mobile
W0003429,U00218,M00008,2025-06-08 15:04:16.422611,53,True,Laptop
W0003430,U00360,M00176,2025-09-21 15:04:16.422613,146,False,Laptop
W0003431,U00162,M00187,2026-04-18 15:04:16.422615,26,False,Laptop
W0003432,U00241,M00165,2025-09-26 15:04:16.422616,97,True,TV
W0003433,U00368,M00145,2025-05-21 15:04:16.422618,44,True,TV
W0003434,U00782,M00066,2025-07-01 15:04:16.422620,73,True,Tablet
W0003435,U00606,M00103,2025-06-18 15:04:16.422622,89,True,TV
W0003436,U00165,M00088,2025-06-08 15:04:16.422624,42,True,Laptop
W0003437,U00555,M00288,2025-10-15 15:04:16.422628,54,False,TV
W0003438,U00974,M00186,2025-09-10 15:04:16.422631,97,False,Tablet
W0003439,U00904,M00151,2025-11-09 15:04:16.422633,154,False,TV
W0003440,U00987,M00272,2026-04-25 15:04:16.422635,122,False,Laptop
W0003441,U00116,M00010,2025-08-23 15:04:16.422637,167,True,Laptop
W0003442,U00275,M00166,2026-04-04 15:04:16.422639,26,True,Tablet
W0003443,U00109,M00188,2026-01-04 15:04:16.422641,11,False,TV
W0003444,U00768,M00122,2025-09-30 15:04:16.422643,174,True,Tablet
W0003445,U00436,M00050,2026-02-14 15:04:16.422645,151,True,Mobile
W0003446,U00927,M00069,2025-09-29 15:04:16.422647,158,True,Tablet
W0003447,U00001,M00222,2025-06-21 15:04:16.422649,133,False,TV
W0003448,U00818,M00145,2026-04-04 15:04:16.422650,92,False,TV
W0003449,U00100,M00167,2026-05-05 15:04:16.422652,22,True,Tablet
W0003450,U00769,M00172,2025-06-28 15:04:16.422654,88,True,Laptop
W0003451,U00255,M00078,2026-03-11 15:04:16.422656,26,False,Mobile
W0003452,U00007,M00298,2025-11-04 15:04:16.422658,97,True,Mobile
W0003453,U00546,M00126,2025-09-30 15:04:16.422660,87,False,Mobile
W0003454,U00180,M00061,2026-01-28 15:04:16.422662,154,False,Tablet
W0003455,U00581,M00155,2025-05-10 15:04:16.422664,22,False,TV
W0003456,U00102,M00163,2025-12-19 15:04:16.422666,144,True,Mobile
W0003457,U00967,M00198,2026-02-10 15:04:16.422670,127,False,Mobile
W0003458,U00535,M00073,2025-07-29 15:04:16.422672,151,True,TV
W0003459,U00506,M00078,2026-04-18 15:04:16.422674,95,True,Laptop
W0003460,U00954,M00281,2025-10-31 15:04:16.422676,90,True,Mobile
W0003461,U00148,M00070,2026-03-31 15:04:16.422679,49,False,Mobile
W0003462,U00160,M00148,2025-08-31 15:04:16.422681,89,True,Tablet
W0003463,U00963,M00081,2026-02-01 15:04:16.422683,16,False,TV
W0003464,U00645,M00115,2025-12-09 15:04:16.422686,107,False,Tablet
W0003465,U00912,M00221,2026-03-31 15:04:16.422688,94,True,Laptop
W0003466,U00204,M00174,2026-03-26 15:04:16.422690,14,True,TV
W0003467,U00931,M00139,2026-02-28 15:04:16.422692,25,False,Tablet
W0003468,U00418,M00062,2025-11-29 15:04:16.422694,81,True,Laptop
W0003469,U00369,M00111,2025-05-30 15:04:16.422696,115,True,Mobile
W0003470,U00933,M00140,2025-07-02 15:04:16.422698,44,False,TV
W0003471,U00695,M00130,2026-01-16 15:04:16.422700,97,False,Laptop
W0003472,U00843,M00251,2026-02-15 15:04:16.422702,118,True,Laptop
W0003473,U00271,M00182,2026-01-25 15:04:16.422704,43,False,TV
W0003474,U00533,M00064,2025-12-07 15:04:16.422706,171,True,Tablet
W0003475,U00323,M00280,2025-07-09 15:04:16.422708,114,False,Laptop
W0003476,U00647,M00119,2026-01-15 15:04:16.422710,37,True,Tablet
W0003477,U00048,M00204,2026-01-06 15:04:16.422713,118,True,Tablet
W0003478,U00134,M00203,2025-09-10 15:04:16.422716,80,True,Tablet
W0003479,U00633,M00080,2025-10-09 15:04:16.422718,16,True,Mobile
W0003480,U00295,M00289,2025-12-14 15:04:16.422720,13,True,TV
W0003481,U00679,M00062,2025-06-30 15:04:16.422722,33,True,Laptop
W0003482,U00317,M00061,2025-10-27 15:04:16.422724,19,True,Mobile
W0003483,U00452,M00232,2025-07-19 15:04:16.422726,33,True,Tablet
W0003484,U00421,M00145,2025-06-24 15:04:16.422728,79,False,TV
W0003485,U00580,M00096,2026-04-22 15:04:16.422730,104,True,Tablet
W0003486,U00110,M00298,2025-07-07 15:04:16.422732,62,False,Tablet
W0003487,U00532,M00239,2025-08-16 15:04:16.422734,173,False,Tablet
W0003488,U00945,M00247,2026-01-25 15:04:16.422736,30,True,Laptop
W0003489,U00958,M00011,2026-03-06 15:04:16.422738,9,True,Laptop
W0003490,U00525,M00031,2025-06-10 15:04:16.422740,155,True,Laptop
W0003491,U00168,M00260,2026-03-03 15:04:16.422742,46,True,Laptop
W0003492,U00915,M00152,2025-09-14 15:04:16.422744,87,False,Laptop
W0003493,U00832,M00165,2025-09-16 15:04:16.422747,99,False,Laptop
W0003494,U00606,M00242,2025-09-03 15:04:16.422749,44,True,TV
W0003495,U00508,M00282,2025-07-17 15:04:16.422751,70,False,TV
W0003496,U00397,M00296,2026-02-13 15:04:16.422755,36,True,TV
W0003497,U00238,M00032,2026-01-10 15:04:16.422757,63,False,Tablet
W0003498,U00417,M00289,2026-03-09 15:04:16.422759,89,False,Tablet
W0003499,U00054,M00259,2026-04-23 15:04:16.422761,145,True,Laptop
W0003500,U00498,M00106,2025-05-11 15:04:16.422763,135,True,Laptop
W0003501,U00174,M00123,2025-05-24 15:04:16.422765,122,True,TV
W0003502,U00591,M00171,2025-11-29 15:04:16.422767,53,False,Mobile
W0003503,U00367,M00126,2025-09-06 15:04:16.422769,85,True,Tablet
W0003504,U00849,M00167,2025-06-26 15:04:16.422771,104,False,Laptop
W0003505,U00308,M00203,2026-02-17 15:04:16.422773,109,False,Tablet
W0003506,U00658,M00124,2026-03-02 15:04:16.422775,91,True,Tablet
W0003507,U00713,M00055,2026-01-23 15:04:16.422777,97,True,Tablet
W0003508,U00421,M00129,2025-07-06 15:04:16.422780,73,False,Mobile
W0003509,U00276,M00010,2025-07-03 15:04:16.422782,27,False,Tablet
W0003510,U00793,M00007,2025-08-01 15:04:16.422784,107,False,Laptop
W0003511,U00897,M00064,2026-04-08 15:04:16.422786,134,False,Tablet
W0003512,U00291,M00188,2026-02-07 15:04:16.422788,142,False,TV
W0003513,U00072,M00206,2025-11-08 15:04:16.422790,170,True,Tablet
W0003514,U00441,M00207,2026-03-21 15:04:16.422792,32,True,Tablet
W0003515,U00122,M00237,2026-03-16 15:04:16.422794,154,False,Laptop
W0003516,U00295,M00200,2025-09-08 15:04:16.422797,41,True,Laptop
W0003517,U00562,M00135,2025-11-25 15:04:16.422799,119,False,Mobile
W0003518,U00092,M00180,2026-04-10 15:04:16.422801,43,True,Tablet
W0003519,U00976,M00197,2025-05-30 15:04:16.422803,139,False,TV
W0003520,U00012,M00261,2025-10-12 15:04:16.422806,42,False,TV
W0003521,U00112,M00228,2026-03-20 15:04:16.422808,128,False,Tablet
W0003522,U00089,M00119,2025-10-17 15:04:16.422811,87,True,TV
W0003523,U00522,M00062,2025-10-20 15:04:16.422813,23,True,Laptop
W0003524,U00822,M00234,2025-08-31 15:04:16.422842,17,True,Mobile
W0003525,U00844,M00095,2025-07-15 15:04:16.422847,41,False,Tablet
W0003526,U00635,M00057,2026-04-03 15:04:16.422849,66,True,Laptop
W0003527,U00528,M00117,2026-04-25 15:04:16.422852,168,True,Laptop
W0003528,U00676,M00098,2026-05-04 15:04:16.422854,12,False,Tablet
W0003529,U00589,M00194,2025-06-30 15:04:16.422856,35,True,TV
W0003530,U00660,M00017,2026-02-14 15:04:16.422858,72,False,Tablet
W0003531,U00764,M00057,2025-10-30 15:04:16.422860,67,True,Laptop
W0003532,U00224,M00196,2025-07-27 15:04:16.422862,30,True,TV
W0003533,U00224,M00103,2025-06-10 15:04:16.422864,35,False,Laptop
W0003534,U00092,M00140,2026-01-18 15:04:16.422866,79,True,TV
W0003535,U00203,M00096,2025-09-16 15:04:16.422869,78,True,TV
W0003536,U00980,M00237,2025-07-02 15:04:16.422871,107,False,Mobile
W0003537,U00869,M00221,2025-09-22 15:04:16.422873,82,True,TV
W0003538,U00504,M00293,2025-09-01 15:04:16.422875,18,True,TV
W0003539,U00437,M00057,2025-09-06 15:04:16.422878,151,False,Laptop
W0003540,U00255,M00021,2025-05-23 15:04:16.422879,156,True,Laptop
W0003541,U00108,M00253,2026-02-23 15:04:16.422881,70,False,Tablet
W0003542,U00069,M00186,2025-05-26 15:04:16.422883,40,False,Tablet
W0003543,U00725,M00033,2025-10-04 15:04:16.422885,53,False,TV
W0003544,U00544,M00051,2026-03-11 15:04:16.422887,170,True,Laptop
W0003545,U00024,M00166,2025-12-19 15:04:16.422889,20,False,TV
W0003546,U00183,M00101,2026-03-23 15:04:16.422891,104,True,Tablet
W0003547,U00709,M00167,2025-09-26 15:04:16.422893,7,True,Laptop
W0003548,U00279,M00248,2025-09-26 15:04:16.422895,114,False,Mobile
W0003549,U00974,M00067,2026-03-28 15:04:16.422897,70,True,Laptop
W0003550,U00308,M00191,2025-11-14 15:04:16.422899,106,False,Tablet
W0003551,U00099,M00164,2025-07-09 15:04:16.422901,179,True,Laptop
W0003552,U00752,M00228,2026-04-23 15:04:16.422903,165,False,Laptop
W0003553,U00908,M00288,2025-07-03 15:04:16.422905,146,False,Laptop
W0003554,U00610,M00244,2025-05-24 15:04:16.422907,70,True,TV
W0003555,U00251,M00179,2025-11-09 15:04:16.422910,83,False,Tablet
W0003556,U00294,M00193,2025-08-07 15:04:16.422913,73,True,TV
W0003557,U00342,M00040,2025-11-27 15:04:16.422916,68,True,Tablet
W0003558,U00503,M00025,2026-02-21 15:04:16.422918,134,True,Laptop
W0003559,U00193,M00124,2026-05-06 15:04:16.422919,150,False,Laptop
W0003560,U00606,M00221,2025-08-24 15:04:16.422922,32,False,Tablet
W0003561,U00746,M00128,2026-03-03 15:04:16.422923,33,False,Mobile
W0003562,U00513,M00215,2025-06-03 15:04:16.422925,67,False,Mobile
W0003563,U00740,M00058,2025-12-20 15:04:16.422927,84,False,TV
W0003564,U00565,M00251,2025-06-21 15:04:16.422929,43,True,Mobile
W0003565,U00308,M00034,2025-12-08 15:04:16.422931,164,False,Mobile
W0003566,U00084,M00203,2025-09-18 15:04:16.422933,44,False,Mobile
W0003567,U00092,M00094,2025-12-12 15:04:16.422935,8,True,TV
W0003568,U00824,M00013,2026-04-19 15:04:16.422937,33,True,Mobile
W0003569,U00199,M00199,2025-06-05 15:04:16.422939,101,True,Tablet
W0003570,U00648,M00188,2026-03-31 15:04:16.422941,97,True,Tablet
W0003571,U00648,M00103,2025-08-21 15:04:16.422943,51,True,TV
W0003572,U00409,M00268,2026-03-12 15:04:16.422945,33,True,Laptop
W0003573,U00942,M00300,2025-08-19 15:04:16.422947,151,False,Laptop
W0003574,U00453,M00020,2026-01-01 15:04:16.422952,81,True,TV
W0003575,U00064,M00107,2025-06-24 15:04:16.422954,94,True,Tablet
W0003576,U00101,M00127,2025-06-20 15:04:16.422956,18,True,Mobile
W0003577,U00533,M00298,2026-02-11 15:04:16.422958,20,False,Laptop
W0003578,U00758,M00056,2026-03-14 15:04:16.422961,140,False,TV
W0003579,U00602,M00200,2026-02-17 15:04:16.422963,145,False,Mobile
W0003580,U00253,M00295,2025-07-12 15:04:16.422965,163,False,TV
W0003581,U00507,M00189,2026-02-10 15:04:16.422967,172,False,Laptop
W0003582,U00466,M00051,2026-05-05 15:04:16.422969,108,True,Laptop
W0003583,U00118,M00130,2025-06-05 15:04:16.422971,146,True,Mobile
W0003584,U00381,M00100,2026-05-04 15:04:16.422973,123,False,TV
W0003585,U00151,M00216,2025-12-12 15:04:16.422974,135,True,Mobile
W0003586,U00097,M00177,2025-10-06 15:04:16.422976,127,True,Mobile
W0003587,U00960,M00015,2025-06-03 15:04:16.422978,108,False,TV
W0003588,U00136,M00216,2025-08-23 15:04:16.422982,142,True,Laptop
W0003589,U00765,M00227,2025-09-26 15:04:16.422984,5,False,Mobile
W0003590,U00327,M00020,2026-03-01 15:04:16.422986,173,True,Tablet
W0003591,U00393,M00068,2025-09-23 15:04:16.422988,166,True,Tablet
W0003592,U00981,M00151,2026-01-26 15:04:16.422990,97,True,TV
W0003593,U00250,M00068,2026-04-29 15:04:16.422992,88,False,TV
W0003594,U00374,M00260,2025-08-19 15:04:16.422995,64,False,TV
W0003595,U00723,M00252,2025-10-09 15:04:16.422998,9,False,Tablet
W0003596,U00601,M00045,2025-07-15 15:04:16.422999,164,True,Mobile
W0003597,U00539,M00238,2026-04-20 15:04:16.423002,150,True,Mobile
W0003598,U00392,M00080,2025-10-25 15:04:16.423003,60,False,Tablet
W0003599,U00200,M00050,2025-11-29 15:04:16.423005,119,False,Tablet
W0003600,U00447,M00058,2025-10-10 15:04:16.423007,50,True,Tablet
W0003601,U00019,M00242,2026-04-26 15:04:16.423009,151,False,Laptop
W0003602,U00529,M00265,2025-08-10 15:04:16.423011,114,False,Tablet
W0003603,U00111,M00171,2025-08-30 15:04:16.423013,131,False,TV
W0003604,U00902,M00264,2025-06-17 15:04:16.423015,126,True,Mobile
W0003605,U00451,M00173,2025-06-30 15:04:16.423018,27,False,Tablet
W0003606,U00716,M00148,2025-11-29 15:04:16.423019,145,True,Laptop
W0003607,U00490,M00219,2025-08-21 15:04:16.423021,23,False,Tablet
W0003608,U00346,M00038,2025-09-12 15:04:16.423025,82,True,Mobile
W0003609,U00183,M00142,2025-05-26 15:04:16.423027,176,True,Tablet
W0003610,U00564,M00039,2025-07-21 15:04:16.423029,174,False,Tablet
W0003611,U00865,M00020,2025-10-29 15:04:16.423031,115,True,Laptop
W0003612,U00563,M00030,2025-05-15 15:04:16.423033,16,True,Tablet
W0003613,U00964,M00054,2025-07-07 15:04:16.423038,8,True,Mobile
W0003614,U00793,M00286,2025-12-26 15:04:16.423040,143,False,Tablet
W0003615,U00953,M00292,2025-05-19 15:04:16.423042,128,False,Tablet
W0003616,U00802,M00077,2025-12-04 15:04:16.423044,111,False,Laptop
W0003617,U00532,M00294,2025-07-17 15:04:16.423046,99,True,Tablet
W0003618,U00634,M00115,2025-08-20 15:04:16.423048,152,False,TV
W0003619,U00683,M00068,2025-08-09 15:04:16.423050,158,True,Laptop
W0003620,U00371,M00257,2026-03-11 15:04:16.423054,68,False,TV
W0003621,U00480,M00116,2026-04-14 15:04:16.423056,13,True,Tablet
W0003622,U00105,M00131,2025-06-13 15:04:16.423058,34,True,Laptop
W0003623,U00858,M00048,2025-11-18 15:04:16.423060,147,False,Mobile
W0003624,U00714,M00211,2026-04-27 15:04:16.423062,177,False,Laptop
W0003625,U00022,M00218,2025-11-26 15:04:16.423064,8,True,TV
W0003626,U00008,M00061,2025-06-15 15:04:16.423066,15,False,Tablet
W0003627,U00380,M00039,2026-01-30 15:04:16.423068,120,True,Tablet
W0003628,U00148,M00075,2026-05-09 15:04:16.423071,100,False,TV
W0003629,U00291,M00027,2025-11-30 15:04:16.423073,14,True,Tablet
W0003630,U00457,M00147,2025-08-23 15:04:16.423075,112,False,Mobile
W0003631,U00369,M00227,2025-10-03 15:04:16.423077,124,True,TV
W0003632,U00968,M00046,2026-02-01 15:04:16.423079,42,False,Tablet
W0003633,U00273,M00155,2025-06-30 15:04:16.423082,42,True,Mobile
W0003634,U00636,M00220,2025-12-17 15:04:16.423084,52,False,TV
W0003635,U00833,M00282,2026-02-10 15:04:16.423086,21,False,Laptop
W0003636,U00955,M00203,2026-01-13 15:04:16.423088,61,False,Laptop
W0003637,U00356,M00015,2025-10-27 15:04:16.423090,31,True,TV
W0003638,U00147,M00147,2025-12-23 15:04:16.423092,74,False,Tablet
W0003639,U00145,M00296,2026-03-16 15:04:16.423094,156,False,Laptop
W0003640,U00858,M00279,2025-12-06 15:04:16.423096,94,True,Tablet
W0003641,U00878,M00067,2025-06-08 15:04:16.423098,107,False,Tablet
W0003642,U00109,M00053,2025-12-05 15:04:16.423100,75,False,Mobile
W0003643,U00674,M00054,2025-05-22 15:04:16.423103,147,True,Tablet
W0003644,U00545,M00172,2025-11-24 15:04:16.423104,106,False,Laptop
W0003645,U00109,M00053,2025-06-22 15:04:16.423106,116,True,TV
W0003646,U00917,M00222,2025-05-24 15:04:16.423108,5,False,TV
W0003647,U00986,M00250,2026-01-26 15:04:16.423110,111,True,Tablet
W0003648,U00829,M00188,2026-01-25 15:04:16.423113,40,True,TV
W0003649,U00173,M00124,2026-03-14 15:04:16.423115,24,False,Mobile
W0003650,U00613,M00167,2026-03-04 15:04:16.423117,135,True,TV
W0003651,U00302,M00008,2025-11-14 15:04:16.423119,154,True,Mobile
W0003652,U00143,M00247,2025-07-05 15:04:16.423123,44,True,Mobile
W0003653,U00009,M00162,2025-05-30 15:04:16.423125,123,False,TV
W0003654,U00227,M00183,2025-07-23 15:04:16.423128,94,False,Laptop
W0003655,U00469,M00243,2026-03-11 15:04:16.423130,169,True,TV
W0003656,U00403,M00024,2026-05-06 15:04:16.423132,112,True,Mobile
W0003657,U00511,M00114,2025-08-09 15:04:16.423134,96,True,TV
W0003658,U00441,M00019,2026-03-25 15:04:16.423136,43,True,Mobile
W0003659,U00583,M00094,2025-09-12 15:04:16.423138,22,True,Mobile
W0003660,U00192,M00088,2026-03-31 15:04:16.423140,6,True,Laptop
W0003661,U00193,M00241,2025-09-24 15:04:16.423142,43,False,TV
W0003662,U00101,M00197,2025-09-07 15:04:16.423145,66,False,Tablet
W0003663,U00415,M00025,2026-03-16 15:04:16.423146,85,True,Mobile
W0003664,U00041,M00218,2025-11-09 15:04:16.423149,91,False,TV
W0003665,U00067,M00090,2025-05-30 15:04:16.423151,139,True,TV
W0003666,U00562,M00110,2025-09-22 15:04:16.423153,141,True,Mobile
W0003667,U00419,M00292,2025-08-11 15:04:16.423155,11,True,TV
W0003668,U00766,M00015,2025-11-01 15:04:16.423157,102,True,Laptop
W0003669,U00474,M00063,2026-03-10 15:04:16.423159,103,False,Tablet
W0003670,U00950,M00081,2026-01-19 15:04:16.423161,150,True,Tablet
W0003671,U00895,M00006,2025-05-24 15:04:16.423163,58,True,Tablet
W0003672,U00731,M00254,2026-02-13 15:04:16.423166,32,False,Mobile
W0003673,U00643,M00187,2026-03-12 15:04:16.423168,12,False,TV
W0003674,U00369,M00277,2026-04-30 15:04:16.423170,54,True,Tablet
W0003675,U00286,M00208,2025-10-26 15:04:16.423172,162,True,Laptop
W0003676,U00718,M00172,2026-04-26 15:04:16.423174,95,True,Tablet
W0003677,U00992,M00015,2026-01-08 15:04:16.423176,23,False,Tablet
W0003678,U00671,M00288,2026-04-02 15:04:16.423178,19,False,TV
W0003679,U00168,M00019,2026-03-11 15:04:16.423180,39,True,Laptop
W0003680,U00250,M00193,2025-07-28 15:04:16.423182,41,False,Tablet
W0003681,U00319,M00207,2025-12-25 15:04:16.423184,153,False,Mobile
W0003682,U00721,M00009,2025-08-18 15:04:16.423186,174,True,TV
W0003683,U00504,M00191,2026-03-31 15:04:16.423188,135,True,TV
W0003684,U00538,M00265,2026-01-01 15:04:16.423191,173,False,TV
W0003685,U00133,M00008,2026-03-31 15:04:16.423193,118,False,TV
W0003686,U00551,M00275,2026-05-03 15:04:16.423195,166,True,Mobile
W0003687,U00969,M00198,2026-04-22 15:04:16.423197,84,True,Mobile
W0003688,U00184,M00296,2025-11-27 15:04:16.423199,45,False,Mobile
W0003689,U00108,M00055,2025-12-27 15:04:16.423201,176,False,TV
W0003690,U00169,M00117,2026-01-03 15:04:16.423203,131,True,Mobile
W0003691,U00189,M00263,2025-11-22 15:04:16.423206,33,False,Mobile
W0003692,U00685,M00056,2026-02-11 15:04:16.423235,128,False,Laptop
W0003693,U00564,M00164,2025-11-10 15:04:16.423239,167,True,TV
W0003694,U00805,M00105,2025-07-20 15:04:16.423241,52,True,TV
W0003695,U00170,M00041,2026-03-04 15:04:16.423244,83,True,TV
W0003696,U00141,M00049,2025-12-20 15:04:16.423246,44,False,TV
W0003697,U00811,M00065,2025-08-22 15:04:16.423248,120,True,TV
W0003698,U00834,M00059,2025-11-04 15:04:16.423250,28,True,Tablet
W0003699,U00173,M00159,2025-09-12 15:04:16.423252,28,False,Mobile
W0003700,U00156,M00064,2026-05-04 15:04:16.423254,180,False,Laptop
W0003701,U00417,M00015,2025-08-31 15:04:16.423256,75,True,Laptop
W0003702,U00436,M00066,2025-09-08 15:04:16.423258,100,False,Laptop
W0003703,U00937,M00040,2026-04-06 15:04:16.423260,66,False,Mobile
W0003704,U00781,M00257,2026-01-03 15:04:16.423262,167,True,Mobile
W0003705,U00752,M00004,2025-05-16 15:04:16.423264,103,True,Tablet
W0003706,U00589,M00224,2026-02-07 15:04:16.423266,14,True,Tablet
W0003707,U00462,M00139,2026-03-23 15:04:16.423268,106,True,TV
W0003708,U00599,M00244,2025-09-10 15:04:16.423270,80,False,Mobile
W0003709,U00814,M00279,2026-03-26 15:04:16.423272,62,False,Tablet
W0003710,U00287,M00030,2025-09-15 15:04:16.423274,80,True,Mobile
W0003711,U00300,M00200,2025-05-10 15:04:16.423278,112,False,TV
W0003712,U00666,M00248,2025-05-18 15:04:16.423280,62,False,TV
W0003713,U00187,M00120,2026-04-21 15:04:16.423282,80,True,Laptop
W0003714,U00572,M00191,2025-06-25 15:04:16.423284,159,False,Tablet
W0003715,U00403,M00237,2025-05-29 15:04:16.423286,141,False,Mobile
W0003716,U00798,M00119,2025-08-22 15:04:16.423289,176,False,TV
W0003717,U00278,M00239,2025-06-16 15:04:16.423292,53,True,Laptop
W0003718,U00777,M00141,2025-10-05 15:04:16.423294,115,True,Laptop
W0003719,U00429,M00242,2026-01-31 15:04:16.423296,31,True,TV
W0003720,U00354,M00259,2025-06-08 15:04:16.423298,64,False,Laptop
W0003721,U00641,M00136,2026-02-15 15:04:16.423300,65,False,Mobile
W0003722,U00391,M00143,2025-08-25 15:04:16.423302,5,False,Tablet
W0003723,U00514,M00226,2025-06-19 15:04:16.423304,178,True,Tablet
W0003724,U00201,M00074,2025-06-25 15:04:16.423306,160,True,TV
W0003725,U00384,M00025,2025-12-29 15:04:16.423308,99,True,TV
W0003726,U00729,M00216,2026-02-12 15:04:16.423310,65,True,Laptop
W0003727,U00698,M00035,2025-05-12 15:04:16.423312,69,True,TV
W0003728,U00101,M00299,2026-03-04 15:04:16.423314,176,False,Tablet
W0003729,U00113,M00035,2026-01-11 15:04:16.423316,36,False,Mobile
W0003730,U00163,M00019,2025-07-11 15:04:16.423319,98,False,Tablet
W0003731,U00567,M00021,2025-06-09 15:04:16.423322,6,False,Mobile
W0003732,U00856,M00284,2025-07-26 15:04:16.423324,7,False,Laptop
W0003733,U00082,M00106,2025-09-30 15:04:16.423326,174,True,TV
W0003734,U00048,M00159,2025-10-07 15:04:16.423328,169,True,Tablet
W0003735,U00688,M00117,2025-07-17 15:04:16.423330,100,False,Mobile
W0003736,U00940,M00113,2026-01-11 15:04:16.423332,118,True,Tablet
W0003737,U00232,M00261,2025-07-17 15:04:16.423334,60,True,Mobile
W0003738,U00124,M00202,2025-09-28 15:04:16.423336,168,True,Tablet
W0003739,U00220,M00226,2025-11-02 15:04:16.423338,62,True,Laptop
W0003740,U00733,M00292,2026-01-18 15:04:16.423340,43,True,Laptop
W0003741,U00883,M00241,2025-07-05 15:04:16.423342,132,False,Mobile
W0003742,U00122,M00142,2026-01-05 15:04:16.423344,87,False,TV
W0003743,U00969,M00032,2025-05-25 15:04:16.423346,162,True,TV
W0003744,U00236,M00006,2025-05-16 15:04:16.423348,168,False,Tablet
W0003745,U00178,M00074,2025-05-18 15:04:16.423350,114,False,Tablet
W0003746,U00320,M00271,2025-12-13 15:04:16.423352,88,False,Tablet
W0003747,U00675,M00122,2025-12-16 15:04:16.423354,6,True,Laptop
W0003748,U00074,M00190,2026-05-05 15:04:16.423357,35,False,Laptop
W0003749,U00359,M00204,2025-06-06 15:04:16.423359,125,False,Laptop
W0003750,U00544,M00177,2025-05-10 15:04:16.423362,94,True,TV
W0003751,U00309,M00209,2025-05-25 15:04:16.423364,10,True,TV
W0003752,U00792,M00097,2026-04-01 15:04:16.423366,125,True,Tablet
W0003753,U00976,M00300,2025-09-04 15:04:16.423368,74,True,Mobile
W0003754,U00704,M00025,2025-05-27 15:04:16.423370,57,False,TV
W0003755,U00088,M00235,2025-11-17 15:04:16.423372,31,False,Laptop
W0003756,U00607,M00150,2025-05-11 15:04:16.423374,106,False,Tablet
W0003757,U00011,M00202,2026-01-27 15:04:16.423377,170,False,Laptop
W0003758,U00813,M00294,2025-07-26 15:04:16.423379,161,True,Laptop
W0003759,U00501,M00227,2026-02-25 15:04:16.423381,13,False,TV
W0003760,U00575,M00105,2025-09-25 15:04:16.423383,37,False,TV
W0003761,U00164,M00060,2025-06-19 15:04:16.423385,142,False,Tablet
W0003762,U00259,M00023,2026-03-15 15:04:16.423387,19,False,Mobile
W0003763,U00054,M00084,2025-05-16 15:04:16.423389,133,True,Laptop
W0003764,U00633,M00130,2025-10-18 15:04:16.423391,130,True,Laptop
W0003765,U00487,M00092,2025-05-09 15:04:16.423393,23,False,Laptop
W0003766,U00667,M00057,2025-09-02 15:04:16.423395,6,False,Laptop
W0003767,U00009,M00234,2026-04-14 15:04:16.423397,81,True,Tablet
W0003768,U00277,M00014,2026-04-02 15:04:16.423400,177,False,TV
W0003769,U00711,M00098,2026-01-29 15:04:16.423402,130,False,Laptop
W0003770,U00050,M00264,2025-09-18 15:04:16.423405,131,False,Laptop
W0003771,U00008,M00174,2025-11-19 15:04:16.423407,59,True,TV
W0003772,U00436,M00088,2026-04-25 15:04:16.423409,73,False,Laptop
W0003773,U00114,M00164,2026-03-01 15:04:16.423411,107,False,Tablet
W0003774,U00474,M00237,2026-03-06 15:04:16.423413,17,True,Tablet
W0003775,U00902,M00167,2026-05-06 15:04:16.423414,58,False,Mobile
W0003776,U00302,M00127,2026-02-22 15:04:16.423416,175,False,Mobile
W0003777,U00302,M00246,2025-06-15 15:04:16.423421,155,True,Tablet
W0003778,U00045,M00239,2025-10-21 15:04:16.423423,42,False,Mobile
W0003779,U00557,M00042,2026-02-07 15:04:16.423426,165,True,Tablet
W0003780,U00319,M00164,2025-08-16 15:04:16.423428,168,True,TV
W0003781,U00894,M00161,2025-09-24 15:04:16.423430,18,True,Mobile
W0003782,U00542,M00001,2025-09-27 15:04:16.423432,126,True,TV
W0003783,U00990,M00171,2025-05-18 15:04:16.423434,135,True,TV
W0003784,U00324,M00220,2025-10-07 15:04:16.423436,13,True,Mobile
W0003785,U00680,M00218,2026-01-18 15:04:16.423438,100,True,Tablet
W0003786,U00983,M00164,2026-04-25 15:04:16.423439,121,False,Laptop
W0003787,U00433,M00067,2025-10-22 15:04:16.423441,23,True,Mobile
W0003788,U00712,M00032,2025-11-25 15:04:16.423444,153,False,Tablet
W0003789,U00444,M00196,2025-05-29 15:04:16.423447,164,True,TV
W0003790,U00364,M00287,2026-04-16 15:04:16.423449,49,True,Laptop
W0003791,U00777,M00136,2025-09-26 15:04:16.423451,88,False,TV
W0003792,U00205,M00168,2025-11-16 15:04:16.423453,141,True,Laptop
W0003793,U00934,M00147,2026-01-31 15:04:16.423455,170,True,Laptop
W0003794,U00176,M00291,2025-12-28 15:04:16.423457,10,False,Laptop
W0003795,U00527,M00190,2025-08-19 15:04:16.423459,130,True,TV
W0003796,U00989,M00272,2026-02-03 15:04:16.423461,164,True,Laptop
W0003797,U00687,M00170,2025-11-21 15:04:16.423463,32,False,TV
W0003798,U00628,M00045,2025-08-11 15:04:16.423465,120,True,Mobile
W0003799,U00635,M00022,2025-07-06 15:04:16.423467,57,False,TV
W0003800,U00497,M00080,2026-03-05 15:04:16.423469,58,True,Laptop
W0003801,U00220,M00041,2025-11-21 15:04:16.423471,83,False,TV
W0003802,U00081,M00055,2025-08-16 15:04:16.423473,115,False,Laptop
W0003803,U00172,M00148,2025-11-19 15:04:16.423475,69,False,Laptop
W0003804,U00290,M00190,2025-07-23 15:04:16.423477,92,True,Mobile
W0003805,U00463,M00027,2025-11-12 15:04:16.423479,96,False,Tablet
W0003806,U00661,M00122,2025-09-19 15:04:16.423481,169,False,Mobile
W0003807,U00557,M00130,2025-10-29 15:04:16.423483,179,True,Tablet
W0003808,U00536,M00074,2025-12-11 15:04:16.423486,128,True,Laptop
W0003809,U00391,M00082,2025-07-27 15:04:16.423489,160,False,Tablet
W0003810,U00920,M00125,2025-11-15 15:04:16.423491,158,True,TV
W0003811,U00694,M00102,2025-10-27 15:04:16.423494,14,False,Tablet
W0003812,U00792,M00040,2025-07-17 15:04:16.423496,26,False,Mobile
W0003813,U00195,M00177,2025-06-02 15:04:16.423498,98,False,Mobile
W0003814,U00011,M00058,2026-05-08 15:04:16.423500,146,True,Laptop
W0003815,U00091,M00222,2025-10-31 15:04:16.423502,161,True,Laptop
W0003816,U00431,M00095,2026-04-12 15:04:16.423504,125,True,Tablet
W0003817,U00246,M00090,2025-05-23 15:04:16.423506,110,False,Tablet
W0003818,U00156,M00227,2026-02-25 15:04:16.423508,87,True,Laptop
W0003819,U00796,M00140,2025-09-27 15:04:16.423510,34,True,Mobile
W0003820,U00068,M00053,2025-05-23 15:04:16.423512,90,True,Tablet
W0003821,U00335,M00016,2025-12-11 15:04:16.423514,156,False,Tablet
W0003822,U00322,M00146,2025-07-31 15:04:16.423516,83,True,TV
W0003823,U00266,M00203,2025-08-22 15:04:16.423518,101,True,TV
W0003824,U00167,M00081,2025-12-06 15:04:16.423520,50,False,Tablet
W0003825,U00442,M00109,2025-09-15 15:04:16.423522,150,True,Laptop
W0003826,U00740,M00297,2025-07-01 15:04:16.423524,68,False,Laptop
W0003827,U00492,M00267,2025-08-25 15:04:16.423526,26,True,Mobile
W0003828,U00948,M00147,2025-12-07 15:04:16.423529,81,False,Mobile
W0003829,U00989,M00033,2026-02-28 15:04:16.423531,87,False,Tablet
W0003830,U00330,M00185,2026-01-08 15:04:16.423533,63,True,TV
W0003831,U00606,M00088,2025-08-26 15:04:16.423535,63,True,Laptop
W0003832,U00244,M00042,2026-02-11 15:04:16.423537,162,True,Mobile
W0003833,U00388,M00256,2025-11-20 15:04:16.423539,117,False,TV
W0003834,U00140,M00292,2026-01-05 15:04:16.423540,155,True,TV
W0003835,U00392,M00019,2025-07-20 15:04:16.423543,161,False,Tablet
W0003836,U00659,M00208,2026-04-28 15:04:16.423544,73,False,TV
W0003837,U00144,M00092,2026-02-07 15:04:16.423547,74,False,Mobile
W0003838,U00930,M00018,2025-07-25 15:04:16.423549,180,True,Laptop
W0003839,U00225,M00278,2025-12-20 15:04:16.423551,47,True,Mobile
W0003840,U00310,M00049,2025-10-05 15:04:16.423553,51,False,Mobile
W0003841,U00483,M00064,2026-04-13 15:04:16.423555,128,True,Laptop
W0003842,U00812,M00122,2026-03-11 15:04:16.423556,46,True,TV
W0003843,U00395,M00107,2025-12-24 15:04:16.423572,52,True,TV
W0003844,U00343,M00047,2026-03-12 15:04:16.423577,10,False,Mobile
W0003845,U00673,M00015,2025-09-10 15:04:16.423579,145,False,TV
W0003846,U00367,M00264,2025-11-10 15:04:16.423581,160,True,Laptop
W0003847,U00677,M00182,2025-11-20 15:04:16.423584,120,True,Laptop
W0003848,U00036,M00273,2025-06-11 15:04:16.423587,88,False,TV
W0003849,U00539,M00260,2026-02-12 15:04:16.423589,125,False,Tablet
W0003850,U00942,M00104,2025-08-31 15:04:16.423591,64,False,TV
W0003851,U00501,M00297,2025-10-01 15:04:16.423593,137,False,Laptop
W0003852,U00642,M00034,2025-06-08 15:04:16.423595,170,True,Mobile
W0003853,U00440,M00112,2025-07-02 15:04:16.423597,164,True,Tablet
W0003854,U00993,M00181,2025-05-17 15:04:16.423600,23,True,Mobile
W0003855,U00037,M00096,2025-08-19 15:04:16.423602,137,True,Laptop
W0003856,U00868,M00208,2025-09-08 15:04:16.423604,178,True,TV
W0003857,U00264,M00034,2025-05-18 15:04:16.423606,66,False,Mobile
W0003858,U00880,M00250,2025-05-11 15:04:16.423608,49,False,TV
W0003859,U00042,M00285,2025-11-11 15:04:16.423610,44,True,Mobile
W0003860,U00857,M00115,2025-11-08 15:04:16.423611,142,False,Mobile
W0003861,U00415,M00243,2025-08-29 15:04:16.423614,89,False,Mobile
W0003862,U00566,M00007,2026-04-28 15:04:16.423617,15,False,Mobile
W0003863,U00570,M00130,2026-02-20 15:04:16.423619,111,False,Tablet
W0003864,U00984,M00204,2025-06-23 15:04:16.423621,147,False,Tablet
W0003865,U00548,M00107,2025-12-05 15:04:16.423623,72,True,Tablet
W0003866,U00620,M00070,2025-06-01 15:04:16.423625,102,True,Tablet
W0003867,U00505,M00163,2026-01-29 15:04:16.423649,33,True,TV
W0003868,U00434,M00165,2025-06-09 15:04:16.423655,9,True,Mobile
W0003869,U00112,M00093,2025-05-11 15:04:16.423658,38,True,Tablet
W0003870,U00131,M00097,2025-07-07 15:04:16.423661,171,False,Tablet
W0003871,U00487,M00267,2026-04-10 15:04:16.423663,135,True,Tablet
W0003872,U00726,M00110,2025-06-28 15:04:16.423666,87,True,Tablet
W0003873,U00242,M00045,2026-01-24 15:04:16.423668,7,True,TV
W0003874,U00180,M00078,2025-07-21 15:04:16.423670,17,False,Tablet
W0003875,U00590,M00093,2026-05-07 15:04:16.423674,75,False,Mobile
W0003876,U00308,M00083,2025-05-27 15:04:16.423677,108,True,TV
W0003877,U00477,M00255,2025-08-24 15:04:16.423679,164,False,Laptop
W0003878,U00746,M00257,2025-11-07 15:04:16.423681,29,True,Tablet
W0003879,U00695,M00096,2025-07-13 15:04:16.423683,48,True,Laptop
W0003880,U00752,M00133,2025-12-29 15:04:16.423685,14,False,TV
W0003881,U00215,M00236,2025-05-29 15:04:16.423687,12,True,Tablet
W0003882,U00638,M00215,2026-01-21 15:04:16.423689,107,True,Tablet
W0003883,U00775,M00076,2025-11-05 15:04:16.423690,66,False,Tablet
W0003884,U00482,M00263,2025-12-01 15:04:16.423692,173,False,Mobile
W0003885,U00312,M00152,2025-12-20 15:04:16.423694,152,True,Tablet
W0003886,U00816,M00182,2026-03-20 15:04:16.423697,43,True,Laptop
W0003887,U00828,M00175,2025-06-16 15:04:16.423699,127,True,TV
W0003888,U00756,M00269,2025-11-10 15:04:16.423701,24,True,Mobile
W0003889,U00823,M00167,2025-05-24 15:04:16.423703,29,True,TV
W0003890,U00750,M00276,2025-08-01 15:04:16.423705,180,False,TV
W0003891,U00977,M00119,2026-03-21 15:04:16.423707,44,True,TV
W0003892,U00763,M00090,2025-09-29 15:04:16.423709,41,True,Mobile
W0003893,U00077,M00158,2025-07-11 15:04:16.423711,43,True,Mobile
W0003894,U00314,M00025,2025-11-25 15:04:16.423714,95,False,TV
W0003895,U00399,M00143,2025-08-07 15:04:16.423716,92,True,TV
W0003896,U00258,M00148,2025-10-01 15:04:16.423718,102,True,Mobile
W0003897,U00385,M00282,2025-12-14 15:04:16.423720,12,True,TV
W0003898,U00699,M00160,2025-06-18 15:04:16.423722,111,False,Mobile
W0003899,U00116,M00235,2026-04-15 15:04:16.423724,134,True,Mobile
W0003900,U00464,M00272,2025-06-07 15:04:16.423726,109,False,Mobile
W0003901,U00031,M00031,2025-11-14 15:04:16.423728,86,True,TV
W0003902,U00195,M00203,2025-07-20 15:04:16.423730,51,True,TV
W0003903,U00177,M00112,2025-06-27 15:04:16.423732,93,False,Mobile
W0003904,U00143,M00258,2026-03-13 15:04:16.423734,108,True,Tablet
W0003905,U00193,M00143,2025-07-11 15:04:16.423736,6,True,Mobile
W0003906,U00971,M00039,2025-06-22 15:04:16.423739,142,True,TV
W0003907,U00301,M00098,2026-02-28 15:04:16.423742,172,True,Mobile
W0003908,U00298,M00205,2025-07-15 15:04:16.423745,65,False,Laptop
W0003909,U00791,M00293,2025-05-20 15:04:16.423747,83,True,TV
W0003910,U00267,M00160,2026-03-30 15:04:16.423749,47,True,Laptop
W0003911,U00603,M00235,2025-11-16 15:04:16.423751,175,True,Laptop
W0003912,U00654,M00035,2026-02-21 15:04:16.423753,114,False,Laptop
W0003913,U00139,M00088,2025-12-14 15:04:16.423755,11,False,Mobile
W0003914,U00770,M00079,2025-11-05 15:04:16.423757,171,False,Mobile
W0003915,U00060,M00189,2025-08-12 15:04:16.423758,62,True,Laptop
W0003916,U00532,M00147,2026-02-08 15:04:16.423760,42,False,TV
W0003917,U00473,M00102,2026-04-03 15:04:16.423762,172,False,TV
W0003918,U00905,M00086,2026-02-13 15:04:16.423764,97,False,Laptop
W0003919,U00200,M00181,2026-04-08 15:04:16.423766,131,True,TV
W0003920,U00815,M00045,2026-02-05 15:04:16.423768,111,True,TV
W0003921,U00282,M00297,2025-12-04 15:04:16.423770,16,True,Tablet
W0003922,U00308,M00132,2025-06-06 15:04:16.423772,166,False,TV
W0003923,U00177,M00283,2025-06-30 15:04:16.423774,9,False,Tablet
W0003924,U00458,M00231,2026-02-01 15:04:16.423776,94,True,Mobile
W0003925,U00693,M00295,2025-11-24 15:04:16.423779,173,False,Mobile
W0003926,U00118,M00300,2025-07-27 15:04:16.423782,46,True,Tablet
W0003927,U00623,M00299,2025-09-14 15:04:16.423784,155,True,TV
W0003928,U00049,M00025,2026-04-07 15:04:16.423786,119,False,Tablet
W0003929,U00334,M00248,2025-11-28 15:04:16.423788,80,False,Tablet
W0003930,U00201,M00163,2026-01-24 15:04:16.423790,175,True,TV
W0003931,U00937,M00274,2025-08-01 15:04:16.423792,134,False,TV
W0003932,U00608,M00216,2025-09-09 15:04:16.423793,122,False,Laptop
W0003933,U00884,M00193,2025-08-06 15:04:16.423795,112,False,TV
W0003934,U00293,M00209,2026-02-06 15:04:16.423797,176,True,Mobile
W0003935,U00144,M00012,2025-06-20 15:04:16.423799,92,True,Mobile
W0003936,U00808,M00186,2025-05-24 15:04:16.423801,123,False,Mobile
W0003937,U00039,M00035,2025-10-18 15:04:16.423803,28,True,Tablet
W0003938,U00536,M00088,2025-11-24 15:04:16.423805,15,False,TV
W0003939,U00639,M00086,2025-08-12 15:04:16.423809,88,False,Mobile
W0003940,U00288,M00211,2025-08-31 15:04:16.423812,67,False,Mobile
W0003941,U00509,M00069,2025-08-06 15:04:16.423814,60,True,Laptop
W0003942,U00735,M00090,2026-03-21 15:04:16.423815,49,True,Tablet
W0003943,U00655,M00294,2025-08-02 15:04:16.423818,132,True,Mobile
W0003944,U00808,M00050,2026-03-16 15:04:16.423820,129,True,Tablet
W0003945,U00700,M00214,2025-07-26 15:04:16.423823,122,False,TV
W0003946,U00437,M00174,2026-04-17 15:04:16.423825,69,False,Mobile
W0003947,U00266,M00202,2025-06-25 15:04:16.423827,26,False,Tablet
W0003948,U00408,M00193,2025-12-03 15:04:16.423831,80,True,Tablet
W0003949,U00834,M00192,2026-04-01 15:04:16.423833,26,True,Tablet
W0003950,U00661,M00092,2025-10-11 15:04:16.423835,170,True,Laptop
W0003951,U00287,M00145,2025-06-28 15:04:16.423837,62,True,Mobile
W0003952,U00160,M00162,2026-01-14 15:04:16.423839,47,False,Tablet
W0003953,U00304,M00033,2026-01-16 15:04:16.423841,39,False,Tablet
W0003954,U00867,M00030,2025-12-24 15:04:16.423843,14,True,Tablet
W0003955,U00008,M00074,2025-08-29 15:04:16.423845,10,False,TV
W0003956,U00076,M00027,2025-08-18 15:04:16.423847,152,True,Tablet
W0003957,U00906,M00048,2025-10-01 15:04:16.423849,87,False,TV
W0003958,U00299,M00109,2025-06-01 15:04:16.423851,172,False,Mobile
W0003959,U00743,M00206,2025-09-04 15:04:16.423853,43,False,Mobile
W0003960,U00530,M00037,2026-02-21 15:04:16.423855,48,True,TV
W0003961,U00822,M00046,2025-08-05 15:04:16.423857,167,False,Tablet
W0003962,U00435,M00131,2026-02-02 15:04:16.423859,179,False,Tablet
W0003963,U00794,M00257,2026-03-07 15:04:16.423861,178,False,TV
W0003964,U00744,M00048,2026-05-05 15:04:16.423864,109,True,Mobile
W0003965,U00254,M00041,2026-03-03 15:04:16.423867,94,False,TV
W0003966,U00446,M00091,2025-10-29 15:04:16.423869,157,True,TV
W0003967,U00781,M00103,2025-09-29 15:04:16.423871,29,False,Tablet
W0003968,U00115,M00271,2025-09-26 15:04:16.423873,34,False,Tablet
W0003969,U00958,M00039,2025-08-12 15:04:16.423875,48,False,TV
W0003970,U00463,M00108,2025-09-07 15:04:16.423877,85,True,TV
W0003971,U00293,M00107,2025-10-28 15:04:16.423880,23,True,Tablet
W0003972,U00255,M00024,2025-06-26 15:04:16.423882,36,True,Laptop
W0003973,U00591,M00250,2026-03-27 15:04:16.423884,84,False,TV
W0003974,U00300,M00079,2026-01-01 15:04:16.423886,33,True,TV
W0003975,U00894,M00207,2025-07-15 15:04:16.423888,14,True,Laptop
W0003976,U00060,M00205,2025-11-07 15:04:16.423890,148,True,Tablet
W0003977,U00082,M00241,2025-09-30 15:04:16.423892,11,True,TV
W0003978,U00455,M00111,2025-11-28 15:04:16.423894,156,False,TV
W0003979,U00985,M00176,2026-01-16 15:04:16.423896,143,False,Laptop
W0003980,U00308,M00066,2026-01-24 15:04:16.423898,120,True,Tablet
W0003981,U00949,M00075,2025-06-25 15:04:16.423900,139,True,Tablet
W0003982,U00189,M00129,2026-02-26 15:04:16.423902,53,False,Mobile
W0003983,U00960,M00131,2026-01-07 15:04:16.423903,90,True,TV
W0003984,U00250,M00115,2025-10-08 15:04:16.423906,158,False,Laptop
W0003985,U00596,M00245,2025-07-01 15:04:16.423908,6,True,Laptop
W0003986,U00964,M00216,2025-09-11 15:04:16.423910,176,True,Tablet
W0003987,U00278,M00093,2025-05-23 15:04:16.423912,118,True,Tablet
W0003988,U00673,M00212,2026-01-04 15:04:16.423914,50,False,Laptop
W0003989,U00826,M00268,2026-04-18 15:04:16.423916,163,True,Tablet
W0003990,U00750,M00179,2025-10-26 15:04:16.423918,123,False,Mobile
W0003991,U00074,M00201,2025-10-26 15:04:16.423920,80,False,Tablet
W0003992,U00988,M00179,2025-09-24 15:04:16.423922,178,True,TV
W0003993,U00182,M00090,2026-02-12 15:04:16.423924,44,False,Mobile
W0003994,U00568,M00213,2025-11-16 15:04:16.423926,63,True,Tablet
W0003995,U00662,M00023,2025-05-16 15:04:16.423928,8,True,TV
W0003996,U00440,M00274,2026-03-08 15:04:16.423930,159,True,Tablet
W0003997,U00443,M00245,2026-01-11 15:04:16.423932,11,False,TV
W0003998,U00744,M00287,2025-09-26 15:04:16.423934,177,False,TV
W0003999,U00176,M00300,2025-09-04 15:04:16.423936,44,False,TV
W0004000,U00460,M00239,2025-09-13 15:04:16.423938,150,False,Mobile
W0004001,U00478,M00276,2026-02-27 15:04:16.423940,99,True,TV
W0004002,U00790,M00175,2025-08-24 15:04:16.423942,110,False,TV
W0004003,U00541,M00221,2026-04-21 15:04:16.423947,51,False,Mobile
W0004004,U00918,M00030,2025-07-06 15:04:16.423949,92,True,TV
W0004005,U00690,M00155,2025-07-18 15:04:16.423951,156,False,Laptop
W0004006,U00947,M00139,2025-11-20 15:04:16.423953,113,False,Laptop
W0004007,U00143,M00093,2026-04-21 15:04:16.423955,38,False,Mobile
W0004008,U00091,M00092,2025-09-04 15:04:16.423957,49,True,Tablet
W0004009,U00853,M00215,2026-04-06 15:04:16.423959,129,True,TV
W0004010,U00985,M00176,2026-02-19 15:04:16.423961,79,False,Laptop
W0004011,U00468,M00231,2025-05-31 15:04:16.423963,174,False,TV
W0004012,U00329,M00109,2026-01-20 15:04:16.423965,12,True,Tablet
W0004013,U00825,M00255,2025-07-21 15:04:16.423967,55,True,Laptop
W0004014,U00872,M00197,2025-06-16 15:04:16.423969,70,False,Mobile
W0004015,U00767,M00106,2026-02-08 15:04:16.423971,140,False,TV
W0004016,U00408,M00157,2025-11-18 15:04:16.423973,115,True,Laptop
W0004017,U00837,M00140,2026-01-22 15:04:16.423975,99,True,Mobile
W0004018,U00661,M00151,2025-11-21 15:04:16.423977,110,False,TV
W0004019,U00746,M00188,2025-08-26 15:04:16.423980,107,False,Mobile
W0004020,U00205,M00276,2025-11-01 15:04:16.423982,125,True,TV
W0004021,U00008,M00045,2025-09-29 15:04:16.423984,80,True,Tablet
W0004022,U00951,M00032,2025-05-14 15:04:16.423985,66,False,Tablet
W0004023,U00205,M00263,2025-08-19 15:04:16.424015,141,False,Laptop
W0004024,U00783,M00177,2025-10-15 15:04:16.424017,150,False,Laptop
W0004025,U00472,M00211,2025-05-12 15:04:16.424019,22,True,TV
W0004026,U00470,M00173,2025-07-10 15:04:16.424021,173,False,Laptop
W0004027,U00390,M00181,2025-09-27 15:04:16.424023,101,False,Mobile
W0004028,U00219,M00078,2026-04-18 15:04:16.424025,97,True,TV
W0004029,U00280,M00053,2026-01-19 15:04:16.424027,119,False,Tablet
W0004030,U00517,M00116,2025-12-31 15:04:16.424029,83,True,TV
W0004031,U00927,M00256,2025-11-04 15:04:16.424031,105,False,Mobile
W0004032,U00886,M00221,2025-07-28 15:04:16.424034,108,True,TV
W0004033,U00695,M00069,2025-11-05 15:04:16.424036,15,False,Tablet
W0004034,U00006,M00142,2025-12-23 15:04:16.424064,157,False,TV
W0004035,U00376,M00060,2026-01-17 15:04:16.424070,99,True,Laptop
W0004036,U00136,M00030,2026-05-08 15:04:16.424072,22,True,Tablet
W0004037,U00451,M00164,2025-08-15 15:04:16.424075,168,True,Mobile
W0004038,U00942,M00050,2026-02-18 15:04:16.424077,18,False,TV
W0004039,U00265,M00100,2026-05-07 15:04:16.424079,48,True,Laptop
W0004040,U00907,M00154,2026-03-04 15:04:16.424081,98,True,Laptop
W0004041,U00794,M00139,2025-05-10 15:04:16.424083,27,False,Laptop
W0004042,U00252,M00135,2026-04-04 15:04:16.424087,166,False,TV
W0004043,U00182,M00092,2025-10-10 15:04:16.424089,17,True,Mobile
W0004044,U00573,M00030,2026-04-25 15:04:16.424091,132,False,TV
W0004045,U00231,M00244,2025-07-18 15:04:16.424093,146,False,TV
W0004046,U00500,M00233,2025-07-30 15:04:16.424096,97,False,Laptop
W0004047,U00461,M00175,2026-04-26 15:04:16.424098,58,True,Tablet
W0004048,U00447,M00280,2026-02-23 15:04:16.424100,68,False,Mobile
W0004049,U00327,M00123,2025-07-22 15:04:16.424102,67,True,Laptop
W0004050,U00465,M00193,2025-05-30 15:04:16.424104,171,True,Mobile
W0004051,U00279,M00050,2025-06-28 15:04:16.424106,159,False,TV
W0004052,U00087,M00198,2026-01-13 15:04:16.424108,14,False,Mobile
W0004053,U00973,M00126,2025-11-30 15:04:16.424110,123,True,Mobile
W0004054,U00034,M00260,2025-10-06 15:04:16.424112,106,False,Mobile
W0004055,U00254,M00053,2026-02-16 15:04:16.424114,10,True,Mobile
W0004056,U00510,M00083,2026-01-26 15:04:16.424116,15,False,Mobile
W0004057,U00089,M00239,2025-12-10 15:04:16.424118,20,True,Laptop
W0004058,U00688,M00137,2026-02-08 15:04:16.424120,158,False,Laptop
W0004059,U00071,M00001,2025-08-05 15:04:16.424122,161,True,Laptop
W0004060,U00416,M00072,2025-10-02 15:04:16.424124,46,True,Mobile
W0004061,U00318,M00189,2025-05-24 15:04:16.424126,30,True,Laptop
W0004062,U00087,M00235,2025-06-08 15:04:16.424129,80,False,TV
W0004063,U00231,M00132,2026-02-26 15:04:16.424132,87,True,Mobile
W0004064,U00680,M00060,2025-09-02 15:04:16.424134,138,False,Tablet
W0004065,U00797,M00086,2025-11-05 15:04:16.424136,101,False,Laptop
W0004066,U00363,M00085,2026-03-13 15:04:16.424169,123,False,Mobile
W0004067,U00324,M00231,2026-04-04 15:04:16.424174,71,True,Tablet
W0004068,U00379,M00127,2026-04-02 15:04:16.424176,31,True,Tablet
W0004069,U00587,M00124,2025-11-29 15:04:16.424178,140,False,TV
W0004070,U00882,M00250,2025-05-25 15:04:16.424181,88,False,TV
W0004071,U00486,M00036,2025-10-11 15:04:16.424183,167,True,TV
W0004072,U00632,M00218,2025-06-23 15:04:16.424185,110,False,Laptop
W0004073,U00705,M00176,2026-03-10 15:04:16.424187,146,False,Tablet
W0004074,U00717,M00129,2026-03-27 15:04:16.424190,27,False,TV
W0004075,U00746,M00069,2025-12-26 15:04:16.424191,58,False,Tablet
W0004076,U00205,M00193,2025-09-09 15:04:16.424193,52,True,TV
W0004077,U00477,M00192,2025-10-28 15:04:16.424195,45,True,Tablet
W0004078,U00463,M00001,2025-09-01 15:04:16.424197,143,True,Laptop
W0004079,U00367,M00012,2025-08-31 15:04:16.424199,112,False,Laptop
W0004080,U00677,M00214,2025-05-21 15:04:16.424201,149,True,Tablet
W0004081,U00608,M00006,2025-06-25 15:04:16.424205,106,False,Mobile
W0004082,U00019,M00266,2026-01-23 15:04:16.424207,161,False,Mobile
W0004083,U00820,M00296,2025-05-09 15:04:16.424209,30,True,TV
W0004084,U00962,M00080,2026-02-11 15:04:16.424211,96,True,TV
W0004085,U00744,M00053,2026-01-07 15:04:16.424213,19,True,Tablet
W0004086,U00592,M00153,2026-01-03 15:04:16.424215,14,False,Laptop
W0004087,U00077,M00115,2025-05-16 15:04:16.424217,45,True,TV
W0004088,U00425,M00020,2025-09-15 15:04:16.424219,153,True,Tablet
W0004089,U00737,M00140,2025-11-01 15:04:16.424221,82,False,TV
W0004090,U00010,M00233,2026-03-21 15:04:16.424224,77,True,Tablet
W0004091,U00053,M00132,2025-10-14 15:04:16.424226,64,False,TV
W0004092,U00703,M00141,2026-01-27 15:04:16.424229,19,False,Laptop
W0004093,U00289,M00055,2026-02-16 15:04:16.424231,120,True,Tablet
W0004094,U00012,M00122,2025-12-24 15:04:16.424233,119,True,Laptop
W0004095,U00335,M00128,2025-09-04 15:04:16.424235,27,False,Tablet
W0004096,U00661,M00066,2025-12-13 15:04:16.424237,21,True,Laptop
W0004097,U00656,M00121,2026-05-08 15:04:16.424239,173,True,Mobile
W0004098,U00300,M00041,2025-07-28 15:04:16.424243,19,False,Laptop
W0004099,U00765,M00241,2025-10-26 15:04:16.424245,59,True,Laptop
W0004100,U00936,M00275,2026-01-20 15:04:16.424247,76,True,TV
W0004101,U00261,M00300,2025-08-28 15:04:16.424251,66,True,Tablet
W0004102,U00106,M00157,2025-10-27 15:04:16.424253,152,False,Laptop
W0004103,U00642,M00092,2025-08-24 15:04:16.424255,23,True,Tablet
W0004104,U00835,M00258,2026-02-07 15:04:16.424257,169,False,Tablet
W0004105,U00992,M00125,2025-12-22 15:04:16.424259,103,True,Mobile
W0004106,U00557,M00076,2026-01-20 15:04:16.424261,85,True,Laptop
W0004107,U00988,M00208,2025-09-24 15:04:16.424263,76,False,Laptop
W0004108,U00387,M00168,2025-05-31 15:04:16.424265,27,False,Mobile
W0004109,U00009,M00021,2025-09-19 15:04:16.424267,164,False,Tablet
W0004110,U00707,M00150,2026-03-09 15:04:16.424269,129,True,Tablet
W0004111,U00805,M00151,2026-04-30 15:04:16.424271,50,False,TV
W0004112,U00634,M00037,2026-01-09 15:04:16.424273,43,True,Tablet
W0004113,U00641,M00240,2025-07-25 15:04:16.424275,160,True,Laptop
W0004114,U00064,M00231,2025-05-25 15:04:16.424277,161,False,Laptop
W0004115,U00842,M00215,2026-03-16 15:04:16.424279,118,True,TV
W0004116,U00685,M00266,2025-08-23 15:04:16.424282,34,True,TV
W0004117,U00778,M00026,2026-01-26 15:04:16.424285,161,False,Mobile
W0004118,U00871,M00187,2025-11-12 15:04:16.424287,177,True,Mobile
W0004119,U00976,M00176,2026-03-10 15:04:16.424289,65,True,Tablet
W0004120,U00200,M00247,2025-08-07 15:04:16.424292,119,False,TV
W0004121,U00640,M00097,2025-10-18 15:04:16.424294,84,False,Mobile
W0004122,U00264,M00158,2025-07-14 15:04:16.424296,25,True,Mobile
W0004123,U00388,M00013,2026-04-17 15:04:16.424298,143,True,Laptop
W0004124,U00426,M00062,2025-07-04 15:04:16.424301,133,True,Laptop
W0004125,U00400,M00214,2026-03-10 15:04:16.424303,171,True,Tablet
W0004126,U00540,M00096,2025-11-05 15:04:16.424305,141,True,Tablet
W0004127,U00749,M00021,2025-07-23 15:04:16.424307,51,False,Tablet
W0004128,U00738,M00152,2025-09-17 15:04:16.424309,107,True,Mobile
W0004129,U00192,M00285,2025-07-22 15:04:16.424311,16,True,Tablet
W0004130,U00310,M00160,2025-11-02 15:04:16.424315,63,True,Tablet
W0004131,U00823,M00056,2026-01-29 15:04:16.424317,62,True,Mobile
W0004132,U00679,M00182,2026-04-16 15:04:16.424320,138,True,Tablet
W0004133,U00491,M00209,2025-06-27 15:04:16.424322,89,True,TV
W0004134,U00578,M00231,2025-11-13 15:04:16.424324,169,True,Laptop
W0004135,U00620,M00099,2025-07-01 15:04:16.424326,56,False,TV
W0004136,U00535,M00278,2025-06-16 15:04:16.424328,60,False,Mobile
W0004137,U00700,M00290,2025-07-20 15:04:16.424330,62,False,TV
W0004138,U00155,M00040,2025-10-27 15:04:16.424332,46,False,Laptop
W0004139,U00105,M00157,2026-02-21 15:04:16.424334,41,True,Tablet
W0004140,U00539,M00204,2025-12-04 15:04:16.424337,39,True,Laptop
W0004141,U00720,M00012,2026-01-13 15:04:16.424339,168,True,Laptop
W0004142,U00800,M00055,2025-05-16 15:04:16.424342,24,True,Tablet
W0004143,U00438,M00092,2026-02-04 15:04:16.424344,169,True,Tablet
W0004144,U00503,M00152,2025-12-27 15:04:16.424346,95,False,Tablet
W0004145,U00034,M00015,2025-09-04 15:04:16.424347,23,True,Mobile
W0004146,U00158,M00283,2025-07-02 15:04:16.424349,124,True,Laptop
W0004147,U00075,M00180,2025-09-15 15:04:16.424351,76,False,TV
W0004148,U00506,M00193,2026-03-07 15:04:16.424354,153,False,Mobile
W0004149,U00380,M00252,2026-01-03 15:04:16.424356,38,False,TV
W0004150,U00614,M00001,2025-05-10 15:04:16.424357,103,False,Laptop
W0004151,U00855,M00271,2026-01-13 15:04:16.424360,180,False,TV
W0004152,U00428,M00197,2025-10-27 15:04:16.424362,33,False,Tablet
W0004153,U00957,M00045,2026-03-09 15:04:16.424364,54,False,Laptop
W0004154,U00325,M00194,2026-01-14 15:04:16.424366,140,False,Laptop
W0004155,U00964,M00075,2026-01-28 15:04:16.424368,136,False,Laptop
W0004156,U00295,M00077,2025-07-25 15:04:16.424370,51,True,Tablet
W0004157,U00352,M00219,2025-08-05 15:04:16.424372,145,True,Laptop
W0004158,U00746,M00245,2025-12-05 15:04:16.424374,24,False,Laptop
W0004159,U00733,M00026,2025-12-03 15:04:16.424377,7,False,TV
W0004160,U00608,M00052,2025-05-26 15:04:16.424380,50,True,Mobile
W0004161,U00082,M00076,2025-12-06 15:04:16.424382,155,False,TV
W0004162,U00057,M00040,2025-11-17 15:04:16.424385,76,False,Tablet
W0004163,U00417,M00044,2025-12-05 15:04:16.424387,35,False,Laptop
W0004164,U00015,M00022,2025-06-27 15:04:16.424389,154,True,Mobile
W0004165,U00760,M00050,2025-08-24 15:04:16.424391,147,True,Mobile
W0004166,U00255,M00109,2025-07-29 15:04:16.424393,34,False,TV
W0004167,U00487,M00216,2026-03-25 15:04:16.424396,112,True,Tablet
W0004168,U00992,M00149,2025-08-26 15:04:16.424399,135,False,Tablet
W0004169,U00099,M00250,2025-08-19 15:04:16.424402,97,False,Mobile
W0004170,U00106,M00084,2025-06-17 15:04:16.424405,123,False,Mobile
W0004171,U00871,M00140,2025-06-29 15:04:16.424408,135,True,TV
W0004172,U00796,M00095,2025-09-29 15:04:16.424410,11,False,Tablet
W0004173,U00887,M00037,2025-08-26 15:04:16.424412,66,True,Tablet
W0004174,U00590,M00153,2026-01-05 15:04:16.424414,142,True,Laptop
W0004175,U00143,M00238,2025-07-13 15:04:16.424416,119,True,TV
W0004176,U00196,M00175,2025-07-07 15:04:16.424418,158,False,TV
W0004177,U00132,M00084,2025-10-08 15:04:16.424420,28,False,TV
W0004178,U00244,M00221,2026-02-13 15:04:16.424423,42,False,Laptop
W0004179,U00676,M00263,2026-04-26 15:04:16.424426,127,False,Mobile
W0004180,U00020,M00127,2025-12-27 15:04:16.424428,107,True,TV
W0004181,U00071,M00081,2025-05-29 15:04:16.424430,84,True,Mobile
W0004182,U00973,M00164,2025-09-21 15:04:16.424432,165,True,TV
W0004183,U00551,M00115,2026-02-10 15:04:16.424434,177,True,Laptop
W0004184,U00579,M00019,2026-02-25 15:04:16.424436,97,True,TV
W0004185,U00280,M00273,2026-03-15 15:04:16.424438,73,True,Laptop
W0004186,U00705,M00201,2025-09-10 15:04:16.424440,78,False,Tablet
W0004187,U00519,M00078,2025-12-13 15:04:16.424442,28,True,TV
W0004188,U00925,M00271,2026-01-10 15:04:16.424444,121,False,Laptop
W0004189,U00951,M00066,2025-11-02 15:04:16.424446,19,True,Tablet
W0004190,U00839,M00195,2025-09-08 15:04:16.424448,136,True,TV
W0004191,U00213,M00280,2026-02-23 15:04:16.424450,75,True,Laptop
W0004192,U00835,M00153,2025-11-30 15:04:16.424452,53,False,TV
W0004193,U00411,M00299,2025-06-12 15:04:16.424454,124,False,TV
W0004194,U00889,M00026,2026-03-15 15:04:16.424458,20,False,TV
W0004195,U00044,M00235,2026-04-26 15:04:16.424460,57,True,TV
W0004196,U00054,M00191,2026-02-02 15:04:16.424462,37,False,TV
W0004197,U00384,M00098,2025-12-23 15:04:16.424464,168,False,Tablet
W0004198,U00611,M00046,2025-12-18 15:04:16.424467,32,False,Mobile
W0004199,U00058,M00131,2026-01-06 15:04:16.424469,65,True,Laptop
W0004200,U00481,M00262,2025-11-22 15:04:16.424471,72,True,TV
W0004201,U00958,M00009,2025-11-15 15:04:16.424473,127,True,Laptop
W0004202,U00723,M00079,2025-06-08 15:04:16.424501,145,False,Laptop
W0004203,U00761,M00157,2026-04-19 15:04:16.424506,105,True,Tablet
W0004204,U00960,M00019,2025-10-07 15:04:16.424509,90,True,Laptop
W0004205,U00668,M00134,2026-01-29 15:04:16.424511,129,True,Laptop
W0004206,U00031,M00079,2026-01-07 15:04:16.424513,52,True,Mobile
W0004207,U00617,M00160,2025-09-25 15:04:16.424515,30,False,TV
W0004208,U00819,M00058,2025-06-22 15:04:16.424517,93,True,Mobile
W0004209,U00545,M00241,2025-08-30 15:04:16.424520,178,True,TV
W0004210,U00629,M00075,2025-06-22 15:04:16.424522,48,True,Laptop
W0004211,U00195,M00243,2025-10-14 15:04:16.424524,168,False,Mobile
W0004212,U00106,M00087,2025-07-01 15:04:16.424526,107,False,TV
W0004213,U00814,M00024,2025-10-10 15:04:16.424528,121,False,Tablet
W0004214,U00431,M00253,2025-08-09 15:04:16.424530,128,True,TV
W0004215,U00128,M00055,2025-08-06 15:04:16.424532,117,True,Laptop
W0004216,U00846,M00217,2025-11-11 15:04:16.424533,108,False,Tablet
W0004217,U00130,M00014,2025-07-01 15:04:16.424535,73,True,TV
W0004218,U00366,M00279,2026-02-19 15:04:16.424539,12,True,Mobile
W0004219,U00598,M00248,2026-01-02 15:04:16.424541,176,False,Laptop
W0004220,U00156,M00144,2025-05-11 15:04:16.424543,150,False,Laptop
W0004221,U00766,M00116,2025-08-22 15:04:16.424546,164,True,Laptop
W0004222,U00383,M00270,2025-07-16 15:04:16.424548,138,False,Tablet
W0004223,U00320,M00078,2025-06-18 15:04:16.424550,163,True,Laptop
W0004224,U00331,M00052,2025-12-19 15:04:16.424552,93,True,Tablet
W0004225,U00503,M00090,2026-02-18 15:04:16.424554,14,True,Mobile
W0004226,U00326,M00151,2025-07-23 15:04:16.424557,180,False,TV
W0004227,U00346,M00273,2025-11-21 15:04:16.424559,15,False,Mobile
W0004228,U00828,M00006,2025-09-13 15:04:16.424561,70,False,Tablet
W0004229,U00066,M00078,2025-11-19 15:04:16.424563,179,False,Laptop
W0004230,U00073,M00167,2025-11-07 15:04:16.424565,60,False,TV
W0004231,U00150,M00064,2025-09-08 15:04:16.424567,17,False,Laptop
W0004232,U00790,M00055,2025-07-22 15:04:16.424569,77,True,TV
W0004233,U00453,M00055,2025-09-15 15:04:16.424571,9,False,Tablet
W0004234,U00169,M00024,2026-01-10 15:04:16.424573,94,False,Laptop
W0004235,U00584,M00168,2025-06-14 15:04:16.424575,126,True,Laptop
W0004236,U00677,M00253,2026-04-14 15:04:16.424577,83,False,Laptop
W0004237,U00530,M00241,2026-03-19 15:04:16.424580,42,False,Tablet
W0004238,U00285,M00177,2025-09-27 15:04:16.424583,43,True,Mobile
W0004239,U00776,M00252,2025-11-20 15:04:16.424584,42,False,TV
W0004240,U00243,M00076,2025-06-20 15:04:16.424586,106,False,Tablet
W0004241,U00187,M00100,2025-06-20 15:04:16.424588,87,True,Mobile
W0004242,U00627,M00030,2025-08-08 15:04:16.424590,136,False,TV
W0004243,U00843,M00143,2025-08-18 15:04:16.424592,50,True,Mobile
W0004244,U00410,M00151,2026-01-08 15:04:16.424594,77,True,Laptop
W0004245,U00111,M00182,2025-08-30 15:04:16.424596,52,True,TV
W0004246,U00121,M00239,2026-01-27 15:04:16.424598,21,True,Mobile
W0004247,U00023,M00239,2025-06-07 15:04:16.424600,174,False,Tablet
W0004248,U00916,M00044,2025-10-08 15:04:16.424602,49,True,Tablet
W0004249,U00486,M00119,2025-11-29 15:04:16.424604,151,False,Tablet
W0004250,U00393,M00227,2025-12-07 15:04:16.424606,83,False,Tablet
W0004251,U00340,M00125,2025-09-10 15:04:16.424608,153,False,Tablet
W0004252,U00624,M00002,2026-01-28 15:04:16.424610,25,True,Mobile
W0004253,U00646,M00228,2025-05-27 15:04:16.424612,30,False,TV
W0004254,U00078,M00133,2025-05-14 15:04:16.424614,41,False,Mobile
W0004255,U00797,M00108,2025-12-24 15:04:16.424616,97,False,Tablet
W0004256,U00517,M00008,2025-12-28 15:04:16.424618,46,False,TV
W0004257,U00074,M00016,2026-04-23 15:04:16.424622,29,True,Tablet
W0004258,U00369,M00126,2025-05-16 15:04:16.424626,118,False,Mobile
W0004259,U00700,M00196,2025-08-25 15:04:16.424628,83,True,Laptop
W0004260,U00498,M00178,2026-03-23 15:04:16.424630,47,False,Laptop
W0004261,U00326,M00158,2025-10-30 15:04:16.424632,59,False,Mobile
W0004262,U00880,M00242,2026-04-06 15:04:16.424634,48,True,TV
W0004263,U00621,M00096,2025-05-31 15:04:16.424636,82,False,Mobile
W0004264,U00959,M00210,2026-04-17 15:04:16.424638,157,True,Mobile
W0004265,U00397,M00242,2026-01-22 15:04:16.424640,123,False,Tablet
W0004266,U00607,M00113,2026-03-08 15:04:16.424642,62,False,TV
W0004267,U00558,M00178,2025-10-12 15:04:16.424644,136,True,Mobile
W0004268,U00133,M00138,2026-03-22 15:04:16.424646,109,False,TV
W0004269,U00322,M00289,2025-11-28 15:04:16.424648,77,True,Laptop
W0004270,U00403,M00196,2025-10-28 15:04:16.424650,154,False,Laptop
W0004271,U00762,M00027,2025-11-27 15:04:16.424652,55,True,Tablet
W0004272,U00053,M00164,2025-11-15 15:04:16.424654,138,False,TV
W0004273,U00769,M00206,2025-08-28 15:04:16.424656,88,False,TV
W0004274,U00583,M00138,2026-02-07 15:04:16.424659,178,False,TV
W0004275,U00007,M00214,2026-01-21 15:04:16.424661,163,False,Laptop
W0004276,U00874,M00115,2025-11-30 15:04:16.424664,178,False,Laptop
W0004277,U00251,M00170,2026-04-25 15:04:16.424666,43,True,Tablet
W0004278,U00082,M00170,2025-10-15 15:04:16.424668,108,True,TV
W0004279,U00137,M00162,2025-06-09 15:04:16.424670,95,False,Mobile
W0004280,U00327,M00037,2025-07-27 15:04:16.424672,104,False,Mobile
W0004281,U00378,M00131,2026-05-05 15:04:16.424675,13,True,TV
W0004282,U00644,M00262,2025-07-16 15:04:16.424676,128,False,Laptop
W0004283,U00293,M00111,2025-12-14 15:04:16.424678,89,False,Tablet
W0004284,U00467,M00048,2025-06-29 15:04:16.424680,132,False,Mobile
W0004285,U00665,M00135,2025-11-02 15:04:16.424683,67,False,Tablet
W0004286,U00597,M00276,2025-07-21 15:04:16.424685,36,False,Tablet
W0004287,U00222,M00086,2025-12-03 15:04:16.424687,35,True,Laptop
W0004288,U00783,M00230,2025-08-24 15:04:16.424690,155,True,TV
W0004289,U00882,M00080,2026-02-10 15:04:16.424693,125,True,Laptop
W0004290,U00253,M00251,2025-05-31 15:04:16.424695,32,False,Tablet
W0004291,U00995,M00203,2026-01-12 15:04:16.424697,120,False,Mobile
W0004292,U00439,M00149,2026-01-18 15:04:16.424699,109,False,TV
W0004293,U00369,M00171,2026-03-27 15:04:16.424701,168,False,Mobile
W0004294,U00092,M00206,2026-04-21 15:04:16.424703,81,True,TV
W0004295,U00422,M00251,2025-05-31 15:04:16.424705,46,False,Laptop
W0004296,U00365,M00261,2026-03-10 15:04:16.424708,163,True,Mobile
W0004297,U00066,M00019,2025-10-20 15:04:16.424710,147,False,Laptop
W0004298,U00532,M00269,2026-01-23 15:04:16.424712,21,False,Laptop
W0004299,U00648,M00092,2025-12-29 15:04:16.424714,159,True,TV
W0004300,U00211,M00299,2025-12-15 15:04:16.424717,141,True,TV
W0004301,U00559,M00142,2025-05-18 15:04:16.424719,124,False,Mobile
W0004302,U00734,M00182,2026-01-02 15:04:16.424721,26,True,TV
W0004303,U00973,M00117,2025-12-04 15:04:16.424723,94,True,Laptop
W0004304,U00055,M00285,2025-08-06 15:04:16.424725,85,True,Tablet
W0004305,U00575,M00219,2026-04-25 15:04:16.424727,22,True,TV
W0004306,U00372,M00002,2025-09-04 15:04:16.424729,99,True,TV
W0004307,U00593,M00176,2025-07-03 15:04:16.424731,79,False,Mobile
W0004308,U00053,M00087,2025-06-20 15:04:16.424732,170,True,Laptop
W0004309,U00158,M00102,2025-08-26 15:04:16.424734,61,False,Mobile
W0004310,U00712,M00108,2025-11-09 15:04:16.424736,101,True,Tablet
W0004311,U00244,M00016,2025-09-24 15:04:16.424738,28,False,Laptop
W0004312,U00456,M00262,2025-08-05 15:04:16.424740,75,False,Laptop
W0004313,U00145,M00074,2025-09-28 15:04:16.424742,111,True,TV
W0004314,U00453,M00063,2025-12-30 15:04:16.424744,11,False,Tablet
W0004315,U00832,M00088,2025-07-12 15:04:16.424747,124,False,Tablet
W0004316,U00459,M00095,2025-10-22 15:04:16.424749,32,True,Mobile
W0004317,U00875,M00270,2025-07-30 15:04:16.424752,120,False,Laptop
W0004318,U00403,M00074,2025-10-29 15:04:16.424754,42,False,Tablet
W0004319,U00683,M00010,2026-03-28 15:04:16.424756,145,True,TV
W0004320,U00249,M00147,2025-11-01 15:04:16.424758,49,True,Laptop
W0004321,U00949,M00200,2025-11-11 15:04:16.424761,154,False,Laptop
W0004322,U00661,M00112,2025-08-10 15:04:16.424763,32,True,Laptop
W0004323,U00635,M00180,2026-02-08 15:04:16.424765,76,True,Mobile
W0004324,U00104,M00241,2025-08-23 15:04:16.424767,29,True,Laptop
W0004325,U00534,M00032,2026-02-04 15:04:16.424769,68,True,Tablet
W0004326,U00071,M00053,2025-12-28 15:04:16.424772,80,True,Laptop
W0004327,U00855,M00240,2025-11-21 15:04:16.424774,89,False,Tablet
W0004328,U00745,M00112,2026-02-21 15:04:16.424775,19,False,Laptop
W0004329,U00866,M00012,2026-01-29 15:04:16.424777,165,True,Laptop
W0004330,U00908,M00081,2026-02-02 15:04:16.424779,45,True,Laptop
W0004331,U00059,M00057,2025-11-02 15:04:16.424781,57,True,Mobile
W0004332,U00071,M00056,2025-11-04 15:04:16.424783,125,False,Tablet
W0004333,U00443,M00270,2026-02-22 15:04:16.424785,150,True,Mobile
W0004334,U00824,M00250,2025-11-11 15:04:16.424787,103,False,Tablet
W0004335,U00548,M00169,2026-05-07 15:04:16.424790,111,False,Tablet
W0004336,U00772,M00294,2025-09-21 15:04:16.424792,6,True,Tablet
W0004337,U00173,M00109,2026-04-25 15:04:16.424794,34,True,Mobile
W0004338,U00068,M00234,2025-10-17 15:04:16.424796,179,True,Mobile
W0004339,U00212,M00292,2025-06-02 15:04:16.424798,42,False,Tablet
W0004340,U00700,M00164,2025-06-17 15:04:16.424800,102,False,Mobile
W0004341,U00247,M00092,2026-02-10 15:04:16.424802,32,True,TV
W0004342,U00188,M00162,2025-10-12 15:04:16.424804,102,True,Laptop
W0004343,U00051,M00170,2025-09-11 15:04:16.424806,79,False,Tablet
W0004344,U00202,M00174,2026-02-14 15:04:16.424808,11,True,Mobile
W0004345,U00922,M00182,2026-01-13 15:04:16.424810,6,False,Mobile
W0004346,U00487,M00272,2025-11-29 15:04:16.424812,17,True,Laptop
W0004347,U00851,M00257,2026-04-01 15:04:16.424814,165,True,Mobile
W0004348,U00834,M00134,2025-12-24 15:04:16.424816,103,False,Mobile
W0004349,U00732,M00170,2025-12-16 15:04:16.424818,68,False,Tablet
W0004350,U00386,M00169,2026-01-05 15:04:16.424820,163,True,Laptop
W0004351,U00517,M00262,2026-04-25 15:04:16.424822,71,False,Laptop
W0004352,U00595,M00202,2025-07-28 15:04:16.424824,136,False,Tablet
W0004353,U00043,M00214,2025-09-07 15:04:16.424828,114,False,Mobile
W0004354,U00881,M00108,2025-12-08 15:04:16.424831,58,False,TV
W0004355,U00600,M00266,2025-12-26 15:04:16.424833,160,True,TV
W0004356,U00508,M00245,2025-10-19 15:04:16.424835,170,True,Laptop
W0004357,U00369,M00157,2025-11-04 15:04:16.424837,12,False,TV
W0004358,U00189,M00144,2026-03-21 15:04:16.424839,72,True,Laptop
W0004359,U00684,M00217,2025-12-08 15:04:16.424841,172,False,Laptop
W0004360,U00807,M00239,2025-12-24 15:04:16.424843,63,True,Mobile
W0004361,U00354,M00001,2026-04-02 15:04:16.424845,102,False,TV
W0004362,U00812,M00193,2026-02-10 15:04:16.424847,43,False,Tablet
W0004363,U00533,M00209,2025-12-24 15:04:16.424849,165,False,Laptop
W0004364,U00797,M00128,2025-12-07 15:04:16.424851,173,True,TV
W0004365,U00809,M00004,2025-06-07 15:04:16.424853,100,False,TV
W0004366,U00377,M00296,2026-03-09 15:04:16.424855,25,False,TV
W0004367,U00384,M00035,2025-10-06 15:04:16.424857,64,False,Tablet
W0004368,U00738,M00255,2025-08-27 15:04:16.424859,46,False,Tablet
W0004369,U00051,M00175,2025-06-05 15:04:16.424861,98,False,TV
W0004370,U00524,M00262,2025-07-30 15:04:16.424862,117,False,Tablet
W0004371,U00048,M00159,2025-09-12 15:04:16.424864,116,True,TV
W0004372,U00238,M00222,2025-09-20 15:04:16.424868,92,True,TV
W0004373,U00940,M00237,2025-06-22 15:04:16.424870,30,True,Laptop
W0004374,U00483,M00129,2025-11-22 15:04:16.424896,11,False,Tablet
W0004375,U00523,M00038,2026-01-05 15:04:16.424903,99,True,Mobile
W0004376,U00751,M00090,2025-08-28 15:04:16.424905,70,True,Mobile
W0004377,U00344,M00118,2025-05-29 15:04:16.424908,125,False,Tablet
W0004378,U00209,M00298,2025-09-10 15:04:16.424910,27,False,TV
W0004379,U00283,M00184,2026-04-09 15:04:16.424913,100,False,TV
W0004380,U00570,M00223,2025-05-12 15:04:16.424915,119,False,Mobile
W0004381,U00315,M00211,2026-03-03 15:04:16.424917,62,False,TV
W0004382,U00537,M00235,2026-03-25 15:04:16.424919,113,True,Laptop
W0004383,U00994,M00214,2026-04-26 15:04:16.424921,121,False,TV
W0004384,U00182,M00174,2025-12-30 15:04:16.424923,47,True,TV
W0004385,U00624,M00243,2025-05-29 15:04:16.424927,69,False,Tablet
W0004386,U00689,M00151,2025-08-17 15:04:16.424929,32,True,Laptop
W0004387,U00123,M00132,2025-09-12 15:04:16.424931,142,True,TV
W0004388,U00060,M00076,2026-02-21 15:04:16.424933,143,True,Laptop
W0004389,U00469,M00004,2025-11-07 15:04:16.424935,127,True,Laptop
W0004390,U00669,M00083,2025-06-20 15:04:16.424937,44,False,Tablet
W0004391,U00601,M00145,2025-10-21 15:04:16.424939,162,False,Mobile
W0004392,U00251,M00233,2025-11-18 15:04:16.424941,109,False,Laptop
W0004393,U00861,M00208,2026-02-23 15:04:16.424944,30,False,Tablet
W0004394,U00794,M00061,2026-02-08 15:04:16.424946,60,True,TV
W0004395,U00474,M00198,2025-09-19 15:04:16.424948,28,True,TV
W0004396,U00040,M00052,2025-12-27 15:04:16.424950,102,False,Laptop
W0004397,U00682,M00001,2026-02-23 15:04:16.424952,136,True,Laptop
W0004398,U00126,M00286,2025-09-18 15:04:16.424954,45,True,Laptop
W0004399,U00661,M00030,2025-12-25 15:04:16.424956,163,False,Laptop
W0004400,U00821,M00156,2025-09-03 15:04:16.424958,107,False,Tablet
W0004401,U00661,M00043,2026-02-01 15:04:16.424960,76,True,Tablet
W0004402,U00587,M00112,2025-06-15 15:04:16.424962,117,False,Mobile
W0004403,U00462,M00261,2025-05-10 15:04:16.424964,96,True,TV
W0004404,U00302,M00129,2026-04-03 15:04:16.424966,161,True,Tablet
W0004405,U00604,M00170,2025-05-15 15:04:16.424968,136,True,Tablet
W0004406,U00181,M00296,2025-07-04 15:04:16.424970,14,False,Tablet
W0004407,U00558,M00103,2026-02-25 15:04:16.424972,17,False,TV
W0004408,U00980,M00183,2025-12-09 15:04:16.424974,162,False,Laptop
W0004409,U00376,M00204,2025-05-22 15:04:16.424976,38,True,Laptop
W0004410,U00513,M00066,2026-01-10 15:04:16.424978,40,True,Laptop
W0004411,U00645,M00007,2025-09-04 15:04:16.424980,39,True,Tablet
W0004412,U00510,M00201,2025-09-22 15:04:16.424982,159,True,TV
W0004413,U00721,M00015,2025-12-30 15:04:16.424986,175,True,Laptop
W0004414,U00640,M00084,2025-06-18 15:04:16.424988,64,True,Tablet
W0004415,U00147,M00184,2025-09-28 15:04:16.424991,47,False,Mobile
W0004416,U00168,M00192,2026-04-26 15:04:16.424993,5,True,Tablet
W0004417,U00446,M00066,2025-12-18 15:04:16.424996,129,True,TV
W0004418,U00144,M00154,2025-11-03 15:04:16.424998,142,False,Mobile
W0004419,U00180,M00195,2025-09-04 15:04:16.425000,179,False,Mobile
W0004420,U00459,M00023,2026-04-30 15:04:16.425002,110,False,Laptop
W0004421,U00194,M00217,2025-11-10 15:04:16.425004,176,False,Laptop
W0004422,U00576,M00126,2026-03-28 15:04:16.425006,153,True,Laptop
W0004423,U00264,M00171,2025-12-22 15:04:16.425008,109,True,Mobile
W0004424,U00150,M00202,2025-09-04 15:04:16.425010,47,True,Tablet
W0004425,U00701,M00055,2025-07-12 15:04:16.425012,18,False,Tablet
W0004426,U00786,M00191,2026-02-23 15:04:16.425014,91,False,Laptop
W0004427,U00725,M00048,2026-01-20 15:04:16.425016,169,False,Tablet
W0004428,U00799,M00090,2025-07-24 15:04:16.425018,51,True,TV
W0004429,U00960,M00228,2025-08-30 15:04:16.425020,147,False,TV
W0004430,U00485,M00146,2025-05-30 15:04:16.425022,62,False,Tablet
W0004431,U00717,M00084,2025-12-13 15:04:16.425024,158,True,TV
W0004432,U00847,M00216,2026-04-28 15:04:16.425027,77,False,Tablet
W0004433,U00767,M00234,2025-06-27 15:04:16.425030,120,True,Laptop
W0004434,U00665,M00180,2025-06-15 15:04:16.425031,16,False,TV
W0004435,U00431,M00097,2025-07-02 15:04:16.425033,29,False,Laptop
W0004436,U00102,M00104,2026-04-09 15:04:16.425036,54,True,Mobile
W0004437,U00055,M00290,2026-03-17 15:04:16.425037,128,True,Tablet
W0004438,U00840,M00253,2025-07-10 15:04:16.425039,25,False,Tablet
W0004439,U00245,M00280,2025-07-26 15:04:16.425041,32,False,Mobile
W0004440,U00504,M00074,2025-09-04 15:04:16.425043,34,True,Laptop
W0004441,U00399,M00075,2025-11-05 15:04:16.425045,112,True,Laptop
W0004442,U00478,M00163,2025-07-16 15:04:16.425047,178,False,TV
W0004443,U00705,M00252,2026-01-09 15:04:16.425049,27,True,Laptop
W0004444,U00610,M00042,2025-10-20 15:04:16.425051,54,True,TV
W0004445,U00868,M00082,2025-12-21 15:04:16.425053,118,False,Laptop
W0004446,U00452,M00037,2025-10-18 15:04:16.425055,60,False,Mobile
W0004447,U00934,M00196,2026-04-29 15:04:16.425057,61,False,Tablet
W0004448,U00668,M00178,2025-10-26 15:04:16.425059,159,True,Laptop
W0004449,U00088,M00063,2026-01-16 15:04:16.425062,56,True,Mobile
W0004450,U00064,M00137,2025-11-16 15:04:16.425064,75,True,Mobile
W0004451,U00873,M00199,2025-11-25 15:04:16.425066,156,True,Laptop
W0004452,U00980,M00158,2025-12-09 15:04:16.425069,88,False,Mobile
W0004453,U00948,M00065,2026-03-09 15:04:16.425071,28,False,Tablet
W0004454,U00018,M00001,2026-01-05 15:04:16.425073,157,False,Tablet
W0004455,U00768,M00246,2025-10-28 15:04:16.425075,11,False,Tablet
W0004456,U00990,M00275,2026-04-10 15:04:16.425077,88,False,Mobile
W0004457,U00774,M00145,2025-06-22 15:04:16.425080,38,True,Laptop
W0004458,U00319,M00214,2026-03-17 15:04:16.425083,66,True,Mobile
W0004459,U00874,M00202,2025-12-22 15:04:16.425085,118,False,Mobile
W0004460,U00030,M00115,2025-09-12 15:04:16.425087,14,False,TV
W0004461,U00214,M00228,2025-08-06 15:04:16.425089,100,True,Tablet
W0004462,U00947,M00171,2025-12-29 15:04:16.425091,114,False,Laptop
W0004463,U00067,M00282,2025-06-26 15:04:16.425093,118,False,TV
W0004464,U00120,M00117,2025-09-20 15:04:16.425095,19,True,Mobile
W0004465,U00869,M00255,2025-07-25 15:04:16.425097,89,True,Laptop
W0004466,U00271,M00182,2026-05-08 15:04:16.425099,158,True,Mobile
W0004467,U00257,M00276,2026-02-11 15:04:16.425101,30,False,Tablet
W0004468,U00879,M00164,2025-09-04 15:04:16.425103,105,True,Tablet
W0004469,U00159,M00108,2025-06-18 15:04:16.425105,15,True,Laptop
W0004470,U00720,M00192,2025-09-22 15:04:16.425107,140,True,Mobile
W0004471,U00846,M00251,2026-02-21 15:04:16.425110,151,True,Laptop
W0004472,U00008,M00153,2026-02-03 15:04:16.425112,26,False,Tablet
W0004473,U00199,M00037,2025-05-28 15:04:16.425114,88,True,Mobile
W0004474,U00318,M00078,2025-05-22 15:04:16.425116,84,False,Laptop
W0004475,U00895,M00276,2025-06-09 15:04:16.425118,20,False,Mobile
W0004476,U00474,M00258,2025-12-12 15:04:16.425120,123,False,Tablet
W0004477,U00282,M00003,2025-05-16 15:04:16.425122,79,False,Tablet
W0004478,U00373,M00087,2025-08-06 15:04:16.425124,43,True,Laptop
W0004479,U00562,M00172,2025-07-21 15:04:16.425126,172,False,Mobile
W0004480,U00995,M00172,2026-03-26 15:04:16.425128,41,True,Laptop
W0004481,U00827,M00023,2025-12-08 15:04:16.425132,37,False,Mobile
W0004482,U00471,M00162,2025-06-29 15:04:16.425134,121,True,TV
W0004483,U00543,M00257,2025-10-25 15:04:16.425136,80,False,Mobile
W0004484,U00577,M00286,2026-04-02 15:04:16.425138,118,False,Laptop
W0004485,U00001,M00214,2026-04-22 15:04:16.425140,164,False,Laptop
W0004486,U00978,M00086,2025-11-23 15:04:16.425142,10,False,Laptop
W0004487,U00659,M00023,2025-08-21 15:04:16.425144,75,False,TV
W0004488,U00937,M00055,2025-09-01 15:04:16.425146,180,True,Tablet
W0004489,U00171,M00130,2025-06-29 15:04:16.425148,102,True,Tablet
W0004490,U00247,M00001,2025-08-31 15:04:16.425150,75,True,TV
W0004491,U00821,M00213,2025-09-09 15:04:16.425172,18,False,TV
W0004492,U00255,M00270,2025-09-10 15:04:16.425176,40,True,Mobile
W0004493,U00900,M00058,2026-05-01 15:04:16.425178,119,True,Laptop
W0004494,U00762,M00139,2026-01-18 15:04:16.425180,147,False,Tablet
W0004495,U00690,M00184,2026-02-17 15:04:16.425182,6,False,Laptop
W0004496,U00685,M00040,2025-06-18 15:04:16.425184,67,True,Mobile
W0004497,U00553,M00187,2026-02-27 15:04:16.425186,46,True,Laptop
W0004498,U00557,M00279,2025-06-22 15:04:16.425188,123,False,Tablet
W0004499,U00088,M00269,2025-07-05 15:04:16.425190,13,True,Laptop
W0004500,U00776,M00071,2025-11-13 15:04:16.425192,86,True,TV
W0004501,U00293,M00130,2025-05-30 15:04:16.425194,6,True,Mobile
W0004502,U00042,M00242,2025-08-25 15:04:16.425196,101,False,Tablet
W0004503,U00822,M00108,2026-03-24 15:04:16.425198,116,False,Laptop
W0004504,U00255,M00099,2026-05-08 15:04:16.425199,177,True,TV
W0004505,U00074,M00235,2025-11-25 15:04:16.425201,70,False,Mobile
W0004506,U00555,M00047,2025-07-15 15:04:16.425203,85,True,TV
W0004507,U00469,M00020,2025-08-28 15:04:16.425205,39,False,Tablet
W0004508,U00473,M00039,2026-05-03 15:04:16.425207,59,False,TV
W0004509,U00167,M00276,2025-12-14 15:04:16.425209,111,False,TV
W0004510,U00101,M00194,2025-11-11 15:04:16.425212,26,False,Laptop
W0004511,U00721,M00034,2025-09-23 15:04:16.425215,145,True,Tablet
W0004512,U00876,M00119,2025-06-04 15:04:16.425217,156,True,Laptop
W0004513,U00519,M00293,2025-07-06 15:04:16.425220,144,True,Tablet
W0004514,U00330,M00233,2026-05-02 15:04:16.425223,26,False,Tablet
W0004515,U00795,M00021,2025-05-15 15:04:16.425225,171,True,Mobile
W0004516,U00336,M00146,2026-02-17 15:04:16.425227,66,True,Tablet
W0004517,U00067,M00011,2025-06-21 15:04:16.425229,33,True,Tablet
W0004518,U00136,M00020,2025-05-31 15:04:16.425231,110,False,Mobile
W0004519,U00750,M00183,2025-05-27 15:04:16.425233,54,False,Mobile
W0004520,U00564,M00178,2026-04-13 15:04:16.425235,67,True,Mobile
W0004521,U00582,M00271,2025-06-18 15:04:16.425237,139,True,Laptop
W0004522,U00465,M00048,2026-04-01 15:04:16.425239,19,False,Tablet
W0004523,U00928,M00082,2026-02-13 15:04:16.425241,133,True,Tablet
W0004524,U00722,M00037,2025-11-10 15:04:16.425243,141,False,Tablet
W0004525,U00331,M00159,2026-01-10 15:04:16.425245,73,False,TV
W0004526,U00727,M00238,2026-04-23 15:04:16.425247,98,False,Laptop
W0004527,U00996,M00126,2025-09-08 15:04:16.425249,160,False,Laptop
W0004528,U00006,M00100,2025-10-23 15:04:16.425251,120,True,Mobile
W0004529,U00800,M00201,2026-05-09 15:04:16.425253,157,True,TV
W0004530,U00866,M00267,2026-03-18 15:04:16.425257,167,True,Laptop
W0004531,U00146,M00108,2025-06-24 15:04:16.425259,6,False,Laptop
W0004532,U00981,M00086,2025-12-17 15:04:16.425261,122,True,Mobile
W0004533,U00223,M00076,2026-02-15 15:04:16.425263,18,True,Tablet
W0004534,U00055,M00300,2025-11-08 15:04:16.425265,104,False,Laptop
W0004535,U00960,M00282,2026-03-16 15:04:16.425267,75,True,TV
W0004536,U00540,M00185,2025-10-26 15:04:16.425269,96,True,TV
W0004537,U00384,M00074,2025-07-17 15:04:16.425271,180,True,Tablet
W0004538,U00879,M00261,2025-09-01 15:04:16.425273,85,True,TV
W0004539,U00690,M00275,2025-12-30 15:04:16.425275,43,False,Tablet
W0004540,U00955,M00026,2026-02-16 15:04:16.425277,127,True,TV
W0004541,U00954,M00298,2026-04-26 15:04:16.425278,23,True,Laptop
W0004542,U00823,M00272,2025-06-16 15:04:16.425282,39,False,Tablet
W0004543,U00851,M00215,2025-06-01 15:04:16.425284,174,True,Laptop
W0004544,U00748,M00057,2025-07-12 15:04:16.425310,13,False,Laptop
W0004545,U00195,M00267,2025-12-14 15:04:16.425315,58,True,Mobile
W0004546,U00709,M00276,2025-06-29 15:04:16.425318,31,True,TV
W0004547,U00144,M00036,2025-09-19 15:04:16.425321,59,True,Laptop
W0004548,U00024,M00012,2026-02-08 15:04:16.425323,180,True,Laptop
W0004549,U00092,M00284,2026-01-26 15:04:16.425326,112,False,TV
W0004550,U00551,M00192,2025-10-23 15:04:16.425329,79,False,Mobile
W0004551,U00569,M00300,2025-11-16 15:04:16.425331,46,False,Tablet
W0004552,U00580,M00246,2025-07-31 15:04:16.425333,161,True,Mobile
W0004553,U00137,M00053,2026-04-10 15:04:16.425335,88,True,Laptop
W0004554,U00016,M00193,2026-04-29 15:04:16.425337,49,False,Laptop
W0004555,U00229,M00191,2025-10-28 15:04:16.425339,170,False,Tablet
W0004556,U00765,M00034,2025-10-06 15:04:16.425341,124,True,Mobile
W0004557,U00780,M00270,2026-04-10 15:04:16.425343,20,False,Mobile
W0004558,U00928,M00041,2025-11-05 15:04:16.425345,11,True,Tablet
W0004559,U00508,M00297,2025-05-23 15:04:16.425346,46,False,Laptop
W0004560,U00189,M00050,2025-10-28 15:04:16.425348,180,False,Mobile
W0004561,U00884,M00217,2026-03-24 15:04:16.425350,166,False,Laptop
W0004562,U00610,M00292,2025-06-25 15:04:16.425352,152,False,Mobile
W0004563,U00799,M00129,2025-05-09 15:04:16.425354,143,False,TV
W0004564,U00901,M00255,2025-11-08 15:04:16.425356,129,True,TV
W0004565,U00587,M00231,2026-03-09 15:04:16.425358,88,False,Laptop
W0004566,U00644,M00060,2025-05-28 15:04:16.425360,165,False,Mobile
W0004567,U00449,M00256,2026-02-15 15:04:16.425362,16,True,Tablet
W0004568,U00411,M00180,2025-07-12 15:04:16.425364,81,False,Laptop
W0004569,U00363,M00191,2025-05-16 15:04:16.425367,66,True,Laptop
W0004570,U00519,M00123,2025-10-16 15:04:16.425370,25,False,Laptop
W0004571,U00558,M00024,2026-03-14 15:04:16.425372,149,True,TV
W0004572,U00498,M00056,2025-09-14 15:04:16.425374,179,True,Tablet
W0004573,U00238,M00276,2025-11-20 15:04:16.425376,148,False,Mobile
W0004574,U00716,M00129,2026-03-08 15:04:16.425378,105,True,Tablet
W0004575,U00272,M00080,2025-07-24 15:04:16.425380,102,False,Tablet
W0004576,U00840,M00100,2025-06-14 15:04:16.425383,170,False,Laptop
W0004577,U00075,M00225,2026-05-09 15:04:16.425385,94,True,Tablet
W0004578,U00372,M00273,2025-10-13 15:04:16.425388,56,False,Mobile
W0004579,U00688,M00052,2025-06-26 15:04:16.425389,75,False,Tablet
W0004580,U00241,M00253,2026-03-25 15:04:16.425392,80,True,Laptop
W0004581,U00212,M00005,2026-02-19 15:04:16.425393,171,True,Laptop
W0004582,U00517,M00223,2026-02-09 15:04:16.425396,163,False,Tablet
W0004583,U00310,M00277,2026-05-01 15:04:16.425397,101,False,Tablet
W0004584,U00941,M00136,2025-09-17 15:04:16.425400,69,False,Mobile
W0004585,U00450,M00060,2025-06-10 15:04:16.425402,50,False,Tablet
W0004586,U00229,M00045,2025-10-03 15:04:16.425404,99,True,Tablet
W0004587,U00923,M00196,2025-09-06 15:04:16.425406,90,False,Laptop
W0004588,U00766,M00024,2025-05-09 15:04:16.425409,110,True,Mobile
W0004589,U00378,M00233,2025-10-04 15:04:16.425411,106,True,Tablet
W0004590,U00352,M00071,2025-07-26 15:04:16.425413,49,False,Laptop
W0004591,U00685,M00122,2025-11-06 15:04:16.425415,121,False,Laptop
W0004592,U00075,M00156,2025-10-02 15:04:16.425417,76,False,TV
W0004593,U00198,M00270,2025-11-09 15:04:16.425419,150,True,Mobile
W0004594,U00848,M00042,2026-02-16 15:04:16.425421,114,False,Mobile
W0004595,U00838,M00228,2026-01-09 15:04:16.425423,32,True,Tablet
W0004596,U00276,M00013,2026-01-14 15:04:16.425425,144,False,Laptop
W0004597,U00233,M00155,2026-04-01 15:04:16.425427,63,True,TV
W0004598,U00457,M00294,2026-04-26 15:04:16.425429,172,True,Mobile
W0004599,U00089,M00289,2025-08-29 15:04:16.425431,24,True,Tablet
W0004600,U00830,M00023,2026-03-24 15:04:16.425433,176,False,TV
W0004601,U00673,M00188,2025-09-29 15:04:16.425435,89,False,Laptop
W0004602,U00143,M00298,2026-04-09 15:04:16.425437,156,False,TV
W0004603,U00500,M00061,2026-03-12 15:04:16.425439,12,False,Mobile
W0004604,U00562,M00063,2026-04-04 15:04:16.425442,180,True,Tablet
W0004605,U00747,M00088,2025-10-06 15:04:16.425444,143,True,Mobile
W0004606,U00120,M00102,2025-08-11 15:04:16.425445,160,True,TV
W0004607,U00133,M00072,2025-06-11 15:04:16.425447,164,False,Mobile
W0004608,U00830,M00009,2026-02-06 15:04:16.425452,17,False,TV
W0004609,U00313,M00084,2026-03-23 15:04:16.425454,167,True,TV
W0004610,U00178,M00220,2025-07-26 15:04:16.425456,95,False,Mobile
W0004611,U00822,M00252,2025-11-24 15:04:16.425458,128,True,Laptop
W0004612,U00090,M00081,2026-04-24 15:04:16.425460,27,False,Tablet
W0004613,U00162,M00106,2025-12-27 15:04:16.425462,51,True,Laptop
W0004614,U00634,M00290,2026-04-07 15:04:16.425464,60,False,Laptop
W0004615,U00276,M00087,2025-08-23 15:04:16.425466,49,True,Mobile
W0004616,U00149,M00100,2025-10-11 15:04:16.425469,81,True,Mobile
W0004617,U00017,M00187,2025-05-24 15:04:16.425471,30,False,Mobile
W0004618,U00126,M00131,2025-06-30 15:04:16.425473,43,False,TV
W0004619,U00747,M00004,2025-10-22 15:04:16.425475,176,False,Tablet
W0004620,U00696,M00018,2026-04-15 15:04:16.425477,137,True,Tablet
W0004621,U00054,M00298,2025-06-21 15:04:16.425479,106,True,Mobile
W0004622,U00494,M00223,2025-08-29 15:04:16.425481,130,True,TV
W0004623,U00238,M00004,2025-11-12 15:04:16.425483,70,False,Mobile
W0004624,U00973,M00094,2026-03-13 15:04:16.425485,95,True,Laptop
W0004625,U00341,M00015,2025-11-09 15:04:16.425487,44,True,Mobile
W0004626,U00906,M00131,2026-04-20 15:04:16.425489,7,True,Mobile
W0004627,U00757,M00052,2025-09-23 15:04:16.425492,31,False,TV
W0004628,U00155,M00105,2025-05-30 15:04:16.425496,104,False,Mobile
W0004629,U00973,M00170,2025-08-24 15:04:16.425498,76,False,Tablet
W0004630,U00390,M00032,2026-01-09 15:04:16.425500,86,True,Mobile
W0004631,U00341,M00015,2026-04-08 15:04:16.425502,93,True,TV
W0004632,U00498,M00132,2026-02-22 15:04:16.425517,87,True,Mobile
W0004633,U00352,M00004,2025-08-04 15:04:16.425521,73,False,Laptop
W0004634,U00749,M00075,2025-09-29 15:04:16.425524,40,False,Mobile
W0004635,U00420,M00271,2025-10-01 15:04:16.425526,93,False,Tablet
W0004636,U00268,M00061,2026-02-24 15:04:16.425528,17,True,Laptop
W0004637,U00754,M00243,2025-11-23 15:04:16.425530,28,False,Tablet
W0004638,U00803,M00272,2026-04-03 15:04:16.425532,79,False,Laptop
W0004639,U00342,M00289,2025-12-13 15:04:16.425534,124,False,TV
W0004640,U00609,M00086,2025-08-24 15:04:16.425538,97,False,TV
W0004641,U00317,M00281,2026-02-26 15:04:16.425540,80,False,Tablet
W0004642,U00697,M00067,2025-12-05 15:04:16.425542,34,True,Mobile
W0004643,U00818,M00255,2025-08-14 15:04:16.425544,173,True,Mobile
W0004644,U00805,M00058,2025-12-22 15:04:16.425547,87,True,Mobile
W0004645,U00444,M00146,2026-03-12 15:04:16.425549,132,False,TV
W0004646,U00193,M00201,2025-11-13 15:04:16.425551,135,True,Mobile
W0004647,U00035,M00062,2025-10-06 15:04:16.425555,148,False,Mobile
W0004648,U00692,M00185,2026-04-06 15:04:16.425557,58,True,Laptop
W0004649,U00859,M00298,2026-03-10 15:04:16.425559,47,True,TV
W0004650,U00318,M00160,2025-08-14 15:04:16.425561,73,False,TV
W0004651,U00307,M00115,2025-05-12 15:04:16.425563,157,False,Laptop
W0004652,U00179,M00269,2025-05-20 15:04:16.425575,174,True,Tablet
W0004653,U00267,M00220,2025-11-21 15:04:16.425581,143,True,Mobile
W0004654,U00426,M00055,2026-01-24 15:04:16.425585,40,False,Tablet
W0004655,U00850,M00130,2026-01-18 15:04:16.425588,164,True,Tablet
W0004656,U00263,M00291,2026-04-05 15:04:16.425590,158,True,TV
W0004657,U00520,M00192,2025-06-19 15:04:16.425592,15,False,TV
W0004658,U00329,M00153,2025-12-14 15:04:16.425594,84,False,TV
W0004659,U00081,M00156,2026-02-09 15:04:16.425596,140,True,TV
W0004660,U00243,M00133,2026-03-07 15:04:16.425598,108,False,Laptop
W0004661,U00427,M00151,2025-07-15 15:04:16.425600,28,False,TV
W0004662,U00477,M00090,2026-04-17 15:04:16.425602,42,True,Mobile
W0004663,U00773,M00171,2026-04-15 15:04:16.425604,28,False,Mobile
W0004664,U00635,M00024,2026-04-28 15:04:16.425606,120,True,Laptop
W0004665,U00623,M00103,2025-11-30 15:04:16.425608,100,False,TV
W0004666,U00655,M00260,2026-01-15 15:04:16.425611,137,False,Mobile
W0004667,U00223,M00264,2025-09-04 15:04:16.425614,27,True,Mobile
W0004668,U00939,M00104,2025-12-17 15:04:16.425616,171,False,Mobile
W0004669,U00635,M00073,2025-12-12 15:04:16.425618,141,False,Tablet
W0004670,U00391,M00199,2025-07-23 15:04:16.425620,106,True,Mobile
W0004671,U00602,M00029,2026-04-01 15:04:16.425622,64,True,TV
W0004672,U00939,M00107,2025-07-08 15:04:16.425625,112,True,Laptop
W0004673,U00737,M00207,2025-11-08 15:04:16.425627,113,True,Mobile
W0004674,U00468,M00153,2025-09-25 15:04:16.425629,144,True,TV
W0004675,U00239,M00081,2026-01-30 15:04:16.425631,78,True,Tablet
W0004676,U00482,M00209,2025-09-19 15:04:16.425634,71,False,Mobile
W0004677,U00343,M00174,2025-12-12 15:04:16.425635,82,False,Mobile
W0004678,U00365,M00093,2026-03-01 15:04:16.425637,134,True,Laptop
W0004679,U00152,M00217,2025-06-09 15:04:16.425639,130,True,Laptop
W0004680,U00225,M00130,2025-06-25 15:04:16.425641,76,False,Tablet
W0004681,U00097,M00151,2025-06-07 15:04:16.425644,27,False,Mobile
W0004682,U00251,M00204,2026-02-03 15:04:16.425646,154,False,Tablet
W0004683,U00892,M00208,2025-05-30 15:04:16.425648,91,False,Mobile
W0004684,U00445,M00265,2026-04-08 15:04:16.425650,160,False,Mobile
W0004685,U00967,M00084,2026-02-18 15:04:16.425652,102,True,Laptop
W0004686,U00209,M00189,2025-06-07 15:04:16.425655,121,False,TV
W0004687,U00581,M00092,2026-02-15 15:04:16.425657,27,True,Mobile
W0004688,U00886,M00042,2025-06-07 15:04:16.425659,14,True,Tablet
W0004689,U00884,M00065,2025-10-02 15:04:16.425662,132,False,Mobile
W0004690,U00241,M00224,2025-05-22 15:04:16.425663,65,True,Tablet
W0004691,U00631,M00004,2025-07-12 15:04:16.425665,52,False,TV
W0004692,U00803,M00037,2026-04-27 15:04:16.425667,30,True,Tablet
W0004693,U00681,M00234,2026-02-09 15:04:16.425669,157,True,Tablet
W0004694,U00824,M00208,2025-08-16 15:04:16.425671,168,False,Laptop
W0004695,U00014,M00082,2025-11-24 15:04:16.425673,167,False,TV
W0004696,U00453,M00121,2025-07-14 15:04:16.425675,54,False,Tablet
W0004697,U00841,M00022,2025-06-17 15:04:16.425677,103,True,Tablet
W0004698,U00719,M00075,2025-06-12 15:04:16.425679,99,False,Laptop
W0004699,U00887,M00182,2026-05-04 15:04:16.425681,10,True,Mobile
W0004700,U00985,M00150,2025-11-23 15:04:16.425683,76,False,Tablet
W0004701,U00880,M00023,2025-07-10 15:04:16.425685,27,False,Laptop
W0004702,U00544,M00062,2026-03-11 15:04:16.425687,136,False,Tablet
W0004703,U00480,M00134,2026-02-18 15:04:16.425689,105,True,Laptop
W0004704,U00627,M00260,2025-06-02 15:04:16.425693,87,False,TV
W0004705,U00690,M00182,2025-11-13 15:04:16.425696,179,True,Mobile
W0004706,U00421,M00079,2026-01-26 15:04:16.425698,177,False,Mobile
W0004707,U00969,M00064,2026-03-16 15:04:16.425700,10,False,Tablet
W0004708,U00826,M00191,2026-03-07 15:04:16.425702,7,True,TV
W0004709,U00500,M00238,2025-12-23 15:04:16.425704,135,True,Tablet
W0004710,U00573,M00221,2026-02-21 15:04:16.425706,71,True,Mobile
W0004711,U00246,M00216,2026-03-06 15:04:16.425708,33,False,Tablet
W0004712,U00040,M00037,2025-09-07 15:04:16.425736,175,True,Mobile
W0004713,U00898,M00062,2025-08-21 15:04:16.425739,48,True,Tablet
W0004714,U00446,M00244,2025-08-30 15:04:16.425743,115,True,Laptop
W0004715,U00441,M00238,2026-02-27 15:04:16.425745,16,True,Mobile
W0004716,U00210,M00080,2025-12-17 15:04:16.425747,48,True,TV
W0004717,U00756,M00264,2025-05-29 15:04:16.425749,116,True,TV
W0004718,U00899,M00192,2025-08-12 15:04:16.425752,164,True,TV
W0004719,U00304,M00206,2025-06-28 15:04:16.425754,5,False,Tablet
W0004720,U00849,M00277,2025-10-18 15:04:16.425756,21,True,Tablet
W0004721,U00692,M00283,2026-04-23 15:04:16.425758,165,False,Tablet
W0004722,U00678,M00157,2025-11-23 15:04:16.425760,26,False,TV
W0004723,U00483,M00113,2025-09-20 15:04:16.425761,169,False,Mobile
W0004724,U00765,M00258,2026-03-10 15:04:16.425763,124,False,Mobile
W0004725,U00589,M00232,2026-01-27 15:04:16.425768,50,True,Laptop
W0004726,U00163,M00180,2025-08-29 15:04:16.425770,96,False,Tablet
W0004727,U00064,M00001,2025-08-05 15:04:16.425772,171,False,Tablet
W0004728,U00707,M00009,2025-09-04 15:04:16.425774,35,False,TV
W0004729,U00377,M00254,2025-07-12 15:04:16.425776,144,True,Tablet
W0004730,U00697,M00163,2025-06-13 15:04:16.425778,95,True,Tablet
W0004731,U00094,M00294,2025-09-17 15:04:16.425780,93,False,TV
W0004732,U00323,M00055,2025-08-04 15:04:16.425783,167,False,Tablet
W0004733,U00286,M00268,2026-03-26 15:04:16.425785,122,False,Tablet
W0004734,U00924,M00194,2025-09-08 15:04:16.425787,34,True,TV
W0004735,U00933,M00070,2026-01-31 15:04:16.425789,107,True,Mobile
W0004736,U00563,M00070,2026-02-13 15:04:16.425793,67,True,TV
W0004737,U00916,M00076,2026-03-05 15:04:16.425796,110,True,Tablet
W0004738,U00854,M00204,2025-08-06 15:04:16.425798,177,True,Tablet
W0004739,U00102,M00171,2026-01-02 15:04:16.425801,23,False,Mobile
W0004740,U00404,M00035,2025-10-17 15:04:16.425802,87,True,Mobile
W0004741,U00527,M00064,2026-03-03 15:04:16.425805,80,True,TV
W0004742,U00537,M00242,2026-02-05 15:04:16.425807,79,True,TV
W0004743,U00656,M00039,2025-12-20 15:04:16.425809,76,False,TV
W0004744,U00953,M00248,2025-07-08 15:04:16.425813,139,False,TV
W0004745,U00186,M00220,2026-04-08 15:04:16.425815,7,True,Tablet
W0004746,U00840,M00058,2025-08-26 15:04:16.425817,52,True,Mobile
W0004747,U00879,M00186,2025-06-19 15:04:16.425819,101,True,Mobile
W0004748,U00607,M00237,2025-05-25 15:04:16.425821,109,True,Tablet
W0004749,U00169,M00159,2025-11-05 15:04:16.425823,58,False,Tablet
W0004750,U00812,M00030,2025-12-09 15:04:16.425825,51,True,Tablet
W0004751,U00533,M00166,2026-02-23 15:04:16.425827,6,False,Laptop
W0004752,U00201,M00215,2026-02-14 15:04:16.425829,177,False,Laptop
W0004753,U00599,M00120,2025-09-07 15:04:16.425831,31,False,Tablet
W0004754,U00429,M00011,2025-12-29 15:04:16.425833,93,False,Laptop
W0004755,U00287,M00242,2025-09-24 15:04:16.425835,8,True,Mobile
W0004756,U00968,M00063,2025-12-23 15:04:16.425837,68,True,Laptop
W0004757,U00259,M00098,2026-01-29 15:04:16.425839,58,False,Mobile
W0004758,U00859,M00079,2025-09-22 15:04:16.425841,85,True,TV
W0004759,U00396,M00189,2025-07-22 15:04:16.425843,24,False,Laptop
W0004760,U00942,M00059,2025-08-02 15:04:16.425845,29,False,Mobile
W0004761,U00832,M00258,2025-11-17 15:04:16.425847,176,False,Laptop
W0004762,U00116,M00157,2026-02-18 15:04:16.425849,84,True,TV
W0004763,U00808,M00293,2026-05-03 15:04:16.425851,62,False,Tablet
W0004764,U00311,M00085,2025-08-07 15:04:16.425854,76,True,Mobile
W0004765,U00759,M00135,2025-05-14 15:04:16.425856,128,False,TV
W0004766,U00435,M00190,2025-10-21 15:04:16.425858,116,True,Laptop
W0004767,U00323,M00171,2026-01-16 15:04:16.425861,38,True,Tablet
W0004768,U00982,M00062,2026-03-28 15:04:16.425864,12,False,Laptop
W0004769,U00086,M00026,2025-05-25 15:04:16.425866,127,True,Tablet
W0004770,U00306,M00071,2025-08-17 15:04:16.425868,124,False,Mobile
W0004771,U00479,M00294,2025-07-19 15:04:16.425870,95,True,Tablet
W0004772,U00671,M00170,2026-03-20 15:04:16.425872,79,True,Tablet
W0004773,U00179,M00058,2026-02-22 15:04:16.425874,98,False,TV
W0004774,U00120,M00199,2025-12-10 15:04:16.425876,18,True,Tablet
W0004775,U00663,M00038,2025-11-21 15:04:16.425878,6,True,Laptop
W0004776,U00275,M00231,2025-12-19 15:04:16.425880,162,True,Mobile
W0004777,U00506,M00194,2026-04-08 15:04:16.425882,122,True,Mobile
W0004778,U00188,M00090,2025-10-16 15:04:16.425884,144,False,Mobile
W0004779,U00424,M00287,2025-09-24 15:04:16.425886,151,True,TV
W0004780,U00304,M00158,2025-06-03 15:04:16.425889,11,True,Tablet
W0004781,U00485,M00103,2026-03-20 15:04:16.425891,140,True,Tablet
W0004782,U00256,M00010,2026-03-12 15:04:16.425892,21,False,Tablet
W0004783,U00702,M00244,2026-03-17 15:04:16.425895,113,True,Mobile
W0004784,U00961,M00173,2026-02-23 15:04:16.425898,15,False,Mobile
W0004785,U00102,M00162,2025-07-15 15:04:16.425900,102,True,Tablet
W0004786,U00120,M00165,2025-05-14 15:04:16.425902,66,False,Mobile
W0004787,U00712,M00257,2026-05-07 15:04:16.425904,86,False,Mobile
W0004788,U00785,M00234,2026-01-14 15:04:16.425906,117,False,TV
W0004789,U00042,M00156,2025-09-24 15:04:16.425908,6,True,TV
W0004790,U00075,M00022,2026-02-28 15:04:16.425911,159,True,TV
W0004791,U00968,M00057,2025-11-04 15:04:16.425912,139,True,TV
W0004792,U00814,M00258,2026-04-03 15:04:16.425914,47,True,TV
W0004793,U00163,M00082,2026-04-08 15:04:16.425916,51,True,TV
W0004794,U00729,M00182,2026-02-08 15:04:16.425918,154,False,TV
W0004795,U00924,M00240,2026-03-20 15:04:16.425920,7,True,Mobile
W0004796,U00302,M00280,2026-04-11 15:04:16.425922,15,False,Tablet
W0004797,U00951,M00190,2026-04-14 15:04:16.425926,143,True,Laptop
W0004798,U00182,M00244,2026-03-25 15:04:16.425928,97,False,Tablet
W0004799,U00423,M00167,2026-04-29 15:04:16.425931,106,True,Laptop
W0004800,U00706,M00173,2026-04-28 15:04:16.425933,41,False,Mobile
W0004801,U00793,M00186,2025-11-27 15:04:16.425935,65,False,Tablet
W0004802,U00234,M00136,2025-12-14 15:04:16.425937,123,False,Tablet
W0004803,U00552,M00256,2025-05-11 15:04:16.425940,70,True,Laptop
W0004804,U00868,M00060,2026-03-23 15:04:16.425943,60,False,Mobile
W0004805,U00994,M00080,2025-05-22 15:04:16.425945,27,True,Mobile
W0004806,U00677,M00153,2026-01-22 15:04:16.425947,56,False,Mobile
W0004807,U00273,M00069,2025-09-08 15:04:16.425949,30,True,Mobile
W0004808,U00023,M00142,2025-10-12 15:04:16.425951,32,False,Mobile
W0004809,U00255,M00156,2025-09-20 15:04:16.425953,22,False,TV
W0004810,U00250,M00057,2026-04-24 15:04:16.425955,6,False,Tablet
W0004811,U00156,M00229,2025-09-30 15:04:16.425957,145,False,Mobile
W0004812,U00609,M00049,2025-08-26 15:04:16.425959,98,True,Laptop
W0004813,U00083,M00299,2025-10-24 15:04:16.425961,59,False,Laptop
W0004814,U00618,M00061,2026-03-28 15:04:16.425963,110,False,Tablet
W0004815,U00802,M00166,2025-12-08 15:04:16.425965,11,True,Mobile
W0004816,U00170,M00105,2025-11-21 15:04:16.425968,113,False,Laptop
W0004817,U00449,M00235,2025-08-07 15:04:16.425969,94,False,Laptop
W0004818,U00052,M00211,2026-01-03 15:04:16.425971,10,False,TV
W0004819,U00484,M00142,2025-11-06 15:04:16.425974,88,False,TV
W0004820,U00448,M00256,2026-02-24 15:04:16.425975,162,False,Laptop
W0004821,U00556,M00278,2025-09-03 15:04:16.425977,106,False,TV
W0004822,U00140,M00169,2025-09-13 15:04:16.425981,16,True,TV
W0004823,U00897,M00300,2025-11-22 15:04:16.425983,56,True,Mobile
W0004824,U00762,M00149,2026-01-04 15:04:16.425985,111,False,Laptop
W0004825,U00365,M00020,2025-08-26 15:04:16.425987,64,False,Laptop
W0004826,U00543,M00198,2026-05-08 15:04:16.425989,169,True,TV
W0004827,U00465,M00075,2025-09-09 15:04:16.425992,71,False,Laptop
W0004828,U00252,M00246,2026-03-21 15:04:16.425994,19,True,Mobile
W0004829,U00173,M00004,2026-01-25 15:04:16.425996,158,False,Tablet
W0004830,U00471,M00185,2025-08-17 15:04:16.425998,70,False,TV
W0004831,U00194,M00226,2025-06-09 15:04:16.426001,49,False,Tablet
W0004832,U00976,M00176,2026-04-25 15:04:16.426003,147,False,Laptop
W0004833,U00596,M00258,2025-10-14 15:04:16.426005,26,False,Tablet
W0004834,U00066,M00097,2025-11-14 15:04:16.426007,57,True,TV
W0004835,U00690,M00010,2025-11-24 15:04:16.426009,117,False,Tablet
W0004836,U00309,M00252,2026-04-05 15:04:16.426011,56,False,Laptop
W0004837,U00778,M00138,2025-05-20 15:04:16.426013,130,True,Tablet
W0004838,U00830,M00039,2025-05-17 15:04:16.426015,53,True,TV
W0004839,U00317,M00251,2025-07-31 15:04:16.426017,65,True,TV
W0004840,U00177,M00104,2026-02-28 15:04:16.426019,10,True,Mobile
W0004841,U00376,M00282,2025-10-03 15:04:16.426021,45,True,Laptop
W0004842,U00462,M00191,2025-08-17 15:04:16.426025,117,True,Tablet
W0004843,U00799,M00297,2025-06-28 15:04:16.426027,33,True,Laptop
W0004844,U00530,M00294,2026-04-02 15:04:16.426030,5,True,Mobile
W0004845,U00509,M00292,2025-11-24 15:04:16.426032,120,True,Tablet
W0004846,U00755,M00231,2025-09-05 15:04:16.426034,66,False,Laptop
W0004847,U00511,M00065,2025-11-18 15:04:16.426035,176,True,Mobile
W0004848,U00474,M00120,2026-01-07 15:04:16.426037,169,False,Laptop
W0004849,U00990,M00300,2025-12-21 15:04:16.426039,116,True,Tablet
W0004850,U00048,M00262,2025-11-27 15:04:16.426041,125,True,Mobile
W0004851,U00791,M00250,2025-07-20 15:04:16.426043,172,False,Laptop
W0004852,U00320,M00199,2025-05-20 15:04:16.426045,13,True,TV
W0004853,U00804,M00265,2026-02-17 15:04:16.426047,173,True,Laptop
W0004854,U00748,M00275,2026-03-19 15:04:16.426049,77,True,Tablet
W0004855,U00445,M00125,2025-08-12 15:04:16.426051,55,True,TV
W0004856,U00125,M00199,2026-01-04 15:04:16.426053,86,True,Tablet
W0004857,U00263,M00205,2025-06-10 15:04:16.426055,62,False,Laptop
W0004858,U00517,M00275,2025-09-14 15:04:16.426057,30,True,Tablet
W0004859,U00905,M00229,2026-02-16 15:04:16.426059,155,False,TV
W0004860,U00159,M00202,2026-01-23 15:04:16.426061,58,True,TV
W0004861,U00824,M00129,2025-12-13 15:04:16.426064,123,False,TV
W0004862,U00932,M00188,2026-01-21 15:04:16.426066,113,False,TV
W0004863,U00247,M00144,2025-09-15 15:04:16.426069,68,False,Mobile
W0004864,U00137,M00096,2026-04-23 15:04:16.426072,169,True,Tablet
W0004865,U00632,M00066,2025-12-05 15:04:16.426074,118,True,TV
W0004866,U00644,M00180,2025-12-13 15:04:16.426075,74,True,Mobile
W0004867,U00432,M00107,2025-06-27 15:04:16.426078,113,False,Laptop
W0004868,U00163,M00272,2025-09-10 15:04:16.426079,47,True,Laptop
W0004869,U00040,M00127,2026-01-20 15:04:16.426081,87,True,Mobile
W0004870,U00644,M00058,2026-03-31 15:04:16.426083,171,False,Mobile
W0004871,U00191,M00167,2025-10-03 15:04:16.426085,11,True,Tablet
W0004872,U00096,M00267,2026-04-02 15:04:16.426087,93,True,Laptop
W0004873,U00316,M00071,2025-07-10 15:04:16.426089,97,True,Laptop
W0004874,U00883,M00168,2026-03-06 15:04:16.426091,33,True,Tablet
W0004875,U00935,M00006,2025-11-22 15:04:16.426093,41,False,Tablet
W0004876,U00862,M00133,2026-01-20 15:04:16.426095,24,True,TV
W0004877,U00142,M00117,2026-01-03 15:04:16.426097,108,False,Mobile
W0004878,U00346,M00257,2026-02-24 15:04:16.426099,31,False,Laptop
W0004879,U00653,M00103,2025-11-07 15:04:16.426101,18,True,Laptop
W0004880,U00259,M00296,2026-02-07 15:04:16.426103,115,True,Laptop
W0004881,U00989,M00168,2025-09-07 15:04:16.426106,79,False,Tablet
W0004882,U00025,M00083,2025-12-19 15:04:16.426147,137,True,TV
W0004883,U00184,M00270,2026-03-05 15:04:16.426151,26,True,Tablet
W0004884,U00049,M00139,2025-06-05 15:04:16.426154,124,False,Tablet
W0004885,U00181,M00226,2025-06-14 15:04:16.426156,121,True,Tablet
W0004886,U00443,M00177,2025-09-22 15:04:16.426158,45,True,Tablet
W0004887,U00923,M00170,2025-12-24 15:04:16.426160,105,True,Mobile
W0004888,U00325,M00097,2026-04-14 15:04:16.426162,74,True,Tablet
W0004889,U00164,M00222,2025-12-31 15:04:16.426165,62,False,Mobile
W0004890,U00335,M00217,2025-10-30 15:04:16.426168,61,True,Laptop
W0004891,U00353,M00298,2025-05-20 15:04:16.426172,170,False,Tablet
W0004892,U00439,M00005,2025-10-25 15:04:16.426175,9,True,Tablet
W0004893,U00485,M00247,2025-08-28 15:04:16.426178,88,False,Mobile
W0004894,U00789,M00232,2026-02-28 15:04:16.426181,38,True,Laptop
W0004895,U00650,M00197,2026-02-18 15:04:16.426185,38,True,Tablet
W0004896,U00036,M00201,2025-07-19 15:04:16.426188,159,True,Mobile
W0004897,U00144,M00210,2025-11-19 15:04:16.426190,151,True,TV
W0004898,U00616,M00038,2025-12-03 15:04:16.426192,103,True,Laptop
W0004899,U00471,M00263,2025-12-19 15:04:16.426194,123,False,TV
W0004900,U00788,M00140,2026-03-28 15:04:16.426197,24,False,TV
W0004901,U00495,M00190,2026-03-19 15:04:16.426200,81,True,TV
W0004902,U00727,M00110,2025-07-20 15:04:16.426202,21,False,Mobile
W0004903,U00402,M00118,2025-06-18 15:04:16.426204,118,True,Laptop
W0004904,U00322,M00229,2025-06-03 15:04:16.426206,175,True,Laptop
W0004905,U00297,M00208,2025-10-15 15:04:16.426208,97,True,TV
W0004906,U00019,M00215,2025-09-06 15:04:16.426210,163,False,Laptop
W0004907,U00802,M00231,2025-06-24 15:04:16.426212,80,True,Laptop
W0004908,U00465,M00126,2026-02-26 15:04:16.426214,28,False,Mobile
W0004909,U00558,M00043,2025-11-14 15:04:16.426216,91,True,Mobile
W0004910,U00240,M00170,2025-07-08 15:04:16.426218,45,False,Tablet
W0004911,U00754,M00266,2025-05-31 15:04:16.426220,147,False,Mobile
W0004912,U00869,M00089,2026-04-14 15:04:16.426222,171,True,Tablet
W0004913,U00354,M00099,2026-01-04 15:04:16.426224,152,True,Laptop
W0004914,U00926,M00025,2026-04-29 15:04:16.426226,23,False,Laptop
W0004915,U00959,M00266,2025-11-26 15:04:16.426228,47,False,Mobile
W0004916,U00374,M00050,2025-05-17 15:04:16.426230,24,False,Laptop
W0004917,U00185,M00159,2025-05-13 15:04:16.426232,133,True,TV
W0004918,U00518,M00258,2025-10-04 15:04:16.426234,165,False,Laptop
W0004919,U00602,M00158,2025-05-31 15:04:16.426235,87,False,Tablet
W0004920,U00221,M00102,2026-02-16 15:04:16.426238,107,False,Laptop
W0004921,U00580,M00233,2025-06-14 15:04:16.426241,101,True,TV
W0004922,U00154,M00018,2026-03-25 15:04:16.426243,97,True,Mobile
W0004923,U00969,M00256,2026-02-20 15:04:16.426245,156,True,Mobile
W0004924,U00518,M00058,2026-01-30 15:04:16.426247,134,False,Mobile
W0004925,U00661,M00295,2025-09-04 15:04:16.426249,145,True,Mobile
W0004926,U00424,M00265,2025-11-21 15:04:16.426251,164,True,Tablet
W0004927,U00315,M00276,2025-12-08 15:04:16.426254,128,False,TV
W0004928,U00289,M00157,2025-12-19 15:04:16.426256,165,True,Laptop
W0004929,U00367,M00067,2025-05-29 15:04:16.426259,106,True,Laptop
W0004930,U00987,M00185,2025-05-21 15:04:16.426261,162,False,Mobile
W0004931,U00967,M00246,2025-11-17 15:04:16.426263,31,False,Mobile
W0004932,U00033,M00163,2025-05-15 15:04:16.426265,73,False,Tablet
W0004933,U00531,M00300,2026-05-05 15:04:16.426267,57,False,TV
W0004934,U00228,M00223,2025-05-18 15:04:16.426269,153,True,Tablet
W0004935,U00145,M00172,2025-10-20 15:04:16.426271,135,True,Tablet
W0004936,U00062,M00091,2025-07-08 15:04:16.426273,141,True,Mobile
W0004937,U00678,M00298,2025-11-19 15:04:16.426275,168,True,Mobile
W0004938,U00997,M00239,2025-07-24 15:04:16.426277,105,True,Tablet
W0004939,U00095,M00224,2025-06-15 15:04:16.426281,119,False,Mobile
W0004940,U00944,M00109,2025-11-17 15:04:16.426283,115,False,Tablet
W0004941,U00477,M00126,2025-11-01 15:04:16.426285,37,False,TV
W0004942,U00650,M00053,2026-02-17 15:04:16.426287,64,False,Laptop
W0004943,U00018,M00066,2026-05-06 15:04:16.426289,120,False,Mobile
W0004944,U00618,M00129,2025-09-24 15:04:16.426291,40,True,TV
W0004945,U00187,M00175,2025-09-19 15:04:16.426293,40,True,Tablet
W0004946,U00002,M00277,2025-09-18 15:04:16.426295,8,False,Laptop
W0004947,U00532,M00225,2025-08-10 15:04:16.426297,160,True,Mobile
W0004948,U00198,M00084,2025-08-14 15:04:16.426301,145,True,Laptop
W0004949,U00099,M00244,2026-03-11 15:04:16.426304,110,False,TV
W0004950,U00580,M00114,2025-07-25 15:04:16.426306,82,True,TV
W0004951,U00908,M00281,2025-06-23 15:04:16.426310,98,False,Mobile
W0004952,U00112,M00081,2025-05-15 15:04:16.426313,57,True,Tablet
W0004953,U00639,M00058,2026-02-28 15:04:16.426317,135,True,TV
W0004954,U00572,M00268,2025-07-03 15:04:16.426319,92,True,TV
W0004955,U00461,M00097,2025-08-10 15:04:16.426321,156,True,Laptop
W0004956,U00852,M00086,2026-04-15 15:04:16.426323,76,False,Mobile
W0004957,U00002,M00124,2025-12-27 15:04:16.426325,30,False,TV
W0004958,U00640,M00295,2025-11-23 15:04:16.426327,23,True,TV
W0004959,U00517,M00190,2026-04-10 15:04:16.426331,131,True,Mobile
W0004960,U00247,M00146,2025-08-17 15:04:16.426334,46,False,Mobile
W0004961,U00270,M00174,2025-11-04 15:04:16.426336,138,False,Tablet
W0004962,U00923,M00068,2025-11-26 15:04:16.426338,65,False,TV
W0004963,U00992,M00186,2025-08-01 15:04:16.426339,15,False,TV
W0004964,U00402,M00207,2026-04-16 15:04:16.426341,136,True,Laptop
W0004965,U00404,M00030,2025-10-28 15:04:16.426343,7,True,Mobile
W0004966,U00899,M00274,2025-09-02 15:04:16.426345,26,False,Tablet
W0004967,U00694,M00038,2026-04-30 15:04:16.426347,80,False,Laptop
W0004968,U00705,M00177,2025-10-28 15:04:16.426351,74,True,TV
W0004969,U00046,M00066,2026-02-25 15:04:16.426353,142,False,Tablet
W0004970,U00520,M00115,2025-08-08 15:04:16.426355,21,True,Mobile
W0004971,U00993,M00139,2026-03-21 15:04:16.426357,11,True,Laptop
W0004972,U00706,M00017,2025-11-26 15:04:16.426359,6,False,TV
W0004973,U00250,M00079,2025-05-23 15:04:16.426361,91,False,TV
W0004974,U00941,M00201,2025-10-24 15:04:16.426364,178,False,Laptop
W0004975,U00148,M00208,2025-07-28 15:04:16.426366,98,True,Tablet
W0004976,U00565,M00039,2025-06-26 15:04:16.426368,167,False,Tablet
W0004977,U00628,M00223,2025-11-28 15:04:16.426370,143,True,TV
W0004978,U00382,M00109,2026-01-16 15:04:16.426374,102,True,Tablet
W0004979,U00384,M00060,2025-09-05 15:04:16.426376,149,False,Tablet
W0004980,U00425,M00172,2026-04-28 15:04:16.426378,37,True,Mobile
W0004981,U00522,M00231,2025-11-27 15:04:16.426380,175,False,Tablet
W0004982,U00147,M00177,2025-11-11 15:04:16.426382,117,True,Mobile
W0004983,U00984,M00216,2025-09-18 15:04:16.426384,148,True,TV
W0004984,U00616,M00217,2025-09-10 15:04:16.426386,55,False,TV
W0004985,U00956,M00229,2025-10-10 15:04:16.426388,32,True,Tablet
W0004986,U01000,M00180,2025-12-01 15:04:16.426390,60,True,TV
W0004987,U00566,M00028,2026-01-11 15:04:16.426392,162,False,Tablet
W0004988,U00421,M00173,2026-03-20 15:04:16.426394,68,False,Laptop
W0004989,U00399,M00300,2026-01-31 15:04:16.426396,41,False,Mobile
W0004990,U00173,M00021,2025-10-25 15:04:16.426398,99,False,TV
W0004991,U00242,M00117,2025-09-18 15:04:16.426401,78,True,Tablet
W0004992,U00557,M00106,2026-01-03 15:04:16.426403,92,True,Laptop
W0004993,U00350,M00132,2026-01-21 15:04:16.426405,16,True,Tablet
W0004994,U00474,M00062,2025-09-14 15:04:16.426407,32,False,Laptop
W0004995,U00284,M00187,2026-04-22 15:04:16.426409,31,False,TV
W0004996,U00064,M00038,2025-06-08 15:04:16.426411,159,False,Tablet
W0004997,U00515,M00095,2026-01-29 15:04:16.426413,12,False,TV
W0004998,U00631,M00195,2025-09-17 15:04:16.426416,104,False,Mobile
W0004999,U00487,M00034,2026-03-31 15:04:16.426418,143,False,Laptop
W0005000,U00882,M00296,2025-10-14 15:04:16.426420,20,True,Tablet
W0005001,U00205,M00102,2025-09-21 15:04:16.426422,94,True,TV
W0005002,U00539,M00297,2026-03-24 15:04:16.426424,167,False,Tablet
W0005003,U00791,M00044,2025-06-07 15:04:16.426426,76,True,Tablet
W0005004,U00423,M00257,2025-06-15 15:04:16.426428,127,False,Mobile
W0005005,U00645,M00032,2025-12-21 15:04:16.426430,128,False,Mobile
W0005006,U00609,M00148,2025-11-08 15:04:16.426432,37,False,Tablet
W0005007,U00834,M00245,2025-09-23 15:04:16.426434,20,True,Laptop
W0005008,U00934,M00245,2026-04-30 15:04:16.426436,142,False,TV
W0005009,U00057,M00135,2026-02-21 15:04:16.426438,43,True,TV
W0005010,U00581,M00018,2025-12-02 15:04:16.426440,165,False,Tablet
W0005011,U00698,M00275,2026-04-17 15:04:16.426442,47,True,TV
W0005012,U00277,M00166,2026-03-02 15:04:16.426443,154,True,Laptop
W0005013,U00103,M00283,2025-05-16 15:04:16.426445,71,False,Laptop
W0005014,U00533,M00258,2026-03-15 15:04:16.426447,24,False,Mobile
W0005015,U00877,M00011,2025-11-03 15:04:16.426449,14,False,Tablet
W0005016,U00625,M00288,2025-12-31 15:04:16.426452,30,False,Mobile
W0005017,U00712,M00122,2026-04-02 15:04:16.426455,124,True,TV
W0005018,U00481,M00010,2025-06-08 15:04:16.426458,115,True,TV
W0005019,U00806,M00062,2026-01-02 15:04:16.426460,117,False,Tablet
W0005020,U00905,M00299,2026-02-24 15:04:16.426462,16,True,Laptop
W0005021,U00331,M00014,2025-08-26 15:04:16.426464,114,False,Tablet
W0005022,U00497,M00118,2025-10-09 15:04:16.426466,22,True,Tablet
W0005023,U00814,M00056,2025-09-22 15:04:16.426470,174,False,Mobile
W0005024,U00230,M00148,2025-09-14 15:04:16.426472,86,False,Laptop
W0005025,U01000,M00135,2025-09-04 15:04:16.426474,52,False,Mobile
W0005026,U00815,M00002,2025-12-22 15:04:16.426476,159,True,TV
W0005027,U00449,M00191,2026-03-03 15:04:16.426478,42,True,Laptop
W0005028,U00384,M00031,2025-08-27 15:04:16.426480,26,False,Tablet
W0005029,U00454,M00121,2025-07-26 15:04:16.426482,12,True,Tablet
W0005030,U00108,M00157,2025-06-14 15:04:16.426484,145,False,Laptop
W0005031,U00389,M00206,2025-10-15 15:04:16.426486,21,False,Tablet
W0005032,U00453,M00008,2025-10-03 15:04:16.426488,68,True,TV
W0005033,U00664,M00228,2025-07-08 15:04:16.426490,147,True,TV
W0005034,U00187,M00160,2025-07-23 15:04:16.426492,52,True,Laptop
W0005035,U00425,M00202,2026-01-08 15:04:16.426494,23,True,TV
W0005036,U00219,M00134,2025-11-22 15:04:16.426496,78,False,Laptop
W0005037,U00726,M00243,2025-05-25 15:04:16.426500,57,True,Tablet
W0005038,U00655,M00262,2025-12-07 15:04:16.426502,123,True,TV
W0005039,U00467,M00094,2025-06-21 15:04:16.426504,34,False,TV
W0005040,U00147,M00122,2026-03-18 15:04:16.426506,130,False,TV
W0005041,U00525,M00267,2025-07-01 15:04:16.426508,90,False,Mobile
W0005042,U00565,M00102,2025-06-23 15:04:16.426509,34,True,Tablet
W0005043,U00626,M00145,2025-10-13 15:04:16.426511,63,True,Mobile
W0005044,U00389,M00149,2026-04-12 15:04:16.426514,106,False,Laptop
W0005045,U00168,M00097,2025-08-10 15:04:16.426515,167,True,TV
W0005046,U00100,M00038,2025-06-15 15:04:16.426518,140,False,Laptop
W0005047,U00450,M00154,2025-06-19 15:04:16.426520,153,True,TV
W0005048,U00109,M00154,2025-12-14 15:04:16.426521,104,False,TV
W0005049,U00868,M00020,2025-10-16 15:04:16.426524,62,True,Laptop
W0005050,U00843,M00146,2025-12-16 15:04:16.426526,99,True,Mobile
W0005051,U00880,M00100,2025-05-26 15:04:16.426528,115,False,Mobile
W0005052,U00856,M00042,2025-08-15 15:04:16.426532,9,True,Laptop
W0005053,U00820,M00247,2026-01-21 15:04:16.426534,85,True,Laptop
W0005054,U00162,M00004,2025-11-02 15:04:16.426567,48,False,Mobile
W0005055,U00818,M00219,2025-08-29 15:04:16.426573,163,True,Laptop
W0005056,U00395,M00016,2025-07-28 15:04:16.426577,5,True,Tablet
W0005057,U00298,M00068,2025-08-22 15:04:16.426580,23,True,Tablet
W0005058,U00992,M00234,2025-05-24 15:04:16.426583,134,True,Mobile
W0005059,U00576,M00017,2025-05-12 15:04:16.426585,86,True,Laptop
W0005060,U00909,M00269,2025-12-26 15:04:16.426587,140,False,Mobile
W0005061,U00383,M00096,2026-04-13 15:04:16.426589,11,False,Tablet
W0005062,U00836,M00030,2025-11-18 15:04:16.426591,140,False,TV
W0005063,U00445,M00164,2026-04-18 15:04:16.426594,166,False,Mobile
W0005064,U00559,M00180,2025-11-15 15:04:16.426595,69,True,TV
W0005065,U00418,M00189,2025-05-19 15:04:16.426597,39,True,Mobile
W0005066,U00701,M00015,2026-04-07 15:04:16.426600,35,False,Laptop
W0005067,U00249,M00249,2026-05-04 15:04:16.426602,177,True,Mobile
W0005068,U00228,M00048,2025-05-10 15:04:16.426604,46,True,Laptop
W0005069,U00157,M00220,2026-05-06 15:04:16.426605,133,False,Mobile
W0005070,U00271,M00194,2026-02-13 15:04:16.426608,116,True,TV
W0005071,U00730,M00234,2025-07-12 15:04:16.426610,91,False,TV
W0005072,U00953,M00080,2025-12-01 15:04:16.426612,13,True,Laptop
W0005073,U00375,M00231,2025-12-09 15:04:16.426613,163,True,Laptop
W0005074,U00765,M00105,2026-02-16 15:04:16.426615,84,True,Laptop
W0005075,U00347,M00273,2025-06-12 15:04:16.426617,54,True,Tablet
W0005076,U00507,M00273,2025-08-14 15:04:16.426621,161,True,Mobile
W0005077,U00385,M00187,2025-10-03 15:04:16.426623,39,False,Laptop
W0005078,U00707,M00225,2026-01-12 15:04:16.426625,142,False,TV
W0005079,U00496,M00067,2026-03-31 15:04:16.426627,15,True,Tablet
W0005080,U00550,M00183,2025-12-20 15:04:16.426629,119,True,TV
W0005081,U00448,M00298,2025-12-25 15:04:16.426631,45,False,Mobile
W0005082,U00135,M00123,2026-04-14 15:04:16.426633,117,False,Mobile
W0005083,U00395,M00138,2025-09-07 15:04:16.426635,152,True,Mobile
W0005084,U00427,M00268,2025-09-30 15:04:16.426637,120,False,Laptop
W0005085,U00768,M00249,2026-03-10 15:04:16.426639,161,True,Tablet
W0005086,U00318,M00240,2026-04-14 15:04:16.426642,126,False,Mobile
W0005087,U00237,M00100,2025-10-13 15:04:16.426644,14,False,Tablet
W0005088,U00766,M00250,2026-04-20 15:04:16.426646,179,False,TV
W0005089,U00341,M00113,2026-04-25 15:04:16.426648,74,True,TV
W0005090,U00263,M00028,2026-02-02 15:04:16.426650,157,False,Tablet
W0005091,U00155,M00197,2026-03-25 15:04:16.426652,63,False,Laptop
W0005092,U00594,M00009,2026-04-30 15:04:16.426654,115,True,Tablet
W0005093,U00115,M00150,2025-11-07 15:04:16.426656,123,False,TV
W0005094,U00746,M00226,2025-05-23 15:04:16.426658,130,False,Mobile
W0005095,U00376,M00141,2026-02-17 15:04:16.426662,131,False,Laptop
W0005096,U00842,M00187,2026-02-12 15:04:16.426664,73,True,TV
W0005097,U00152,M00202,2025-11-14 15:04:16.426666,138,True,Laptop
W0005098,U00881,M00219,2026-04-10 15:04:16.426668,53,True,Mobile
W0005099,U00757,M00139,2026-03-12 15:04:16.426670,85,False,Laptop
W0005100,U00064,M00179,2025-07-09 15:04:16.426671,139,False,Mobile
W0005101,U00657,M00229,2025-11-11 15:04:16.426674,169,False,Tablet
W0005102,U00629,M00253,2025-07-14 15:04:16.426676,89,False,TV
W0005103,U00401,M00290,2026-01-12 15:04:16.426678,164,True,Tablet
W0005104,U00952,M00230,2025-08-23 15:04:16.426680,50,True,TV
W0005105,U00599,M00086,2026-03-25 15:04:16.426682,44,True,Laptop
W0005106,U00104,M00177,2026-03-17 15:04:16.426684,6,False,Laptop
W0005107,U00885,M00093,2026-04-28 15:04:16.426685,150,False,TV
W0005108,U00495,M00121,2025-05-26 15:04:16.426687,77,False,Tablet
W0005109,U00689,M00052,2025-10-05 15:04:16.426689,118,False,Laptop
W0005110,U00236,M00244,2025-07-26 15:04:16.426691,83,False,Laptop
W0005111,U00690,M00094,2026-02-15 15:04:16.426694,74,True,Tablet
W0005112,U00749,M00199,2026-04-22 15:04:16.426696,143,False,Mobile
W0005113,U00479,M00253,2026-04-03 15:04:16.426698,49,False,Tablet
W0005114,U00430,M00005,2025-07-19 15:04:16.426700,146,False,Tablet
W0005115,U00931,M00146,2025-06-02 15:04:16.426703,90,True,Laptop
W0005116,U00632,M00002,2025-05-19 15:04:16.426705,118,False,TV
W0005117,U00853,M00263,2025-08-13 15:04:16.426707,68,False,Mobile
W0005118,U00740,M00077,2026-03-12 15:04:16.426710,56,False,Tablet
W0005119,U00718,M00283,2025-07-18 15:04:16.426712,108,True,Mobile
W0005120,U00269,M00210,2025-09-07 15:04:16.426714,106,True,Mobile
W0005121,U00080,M00093,2026-03-15 15:04:16.426716,41,True,Tablet
W0005122,U00594,M00235,2025-08-23 15:04:16.426719,127,True,TV
W0005123,U00513,M00226,2025-08-24 15:04:16.426721,87,False,Laptop
W0005124,U00639,M00128,2025-09-16 15:04:16.426723,148,True,Mobile
W0005125,U00460,M00194,2026-01-06 15:04:16.426725,72,True,TV
W0005126,U00146,M00107,2025-11-29 15:04:16.426727,165,True,Mobile
W0005127,U00493,M00186,2026-02-20 15:04:16.426729,71,True,Laptop
W0005128,U00269,M00227,2025-12-07 15:04:16.426731,44,False,TV
W0005129,U00354,M00152,2026-03-13 15:04:16.426733,154,True,Laptop
W0005130,U00143,M00061,2026-01-20 15:04:16.426735,89,True,TV
W0005131,U00333,M00255,2025-12-27 15:04:16.426737,139,False,TV
W0005132,U00173,M00198,2026-03-23 15:04:16.426738,160,False,Laptop
W0005133,U00796,M00209,2026-02-14 15:04:16.426740,12,False,TV
W0005134,U00692,M00054,2025-07-15 15:04:16.426744,33,False,Mobile
W0005135,U00364,M00212,2026-04-29 15:04:16.426746,105,False,Tablet
W0005136,U00739,M00151,2025-08-11 15:04:16.426748,129,False,TV
W0005137,U00187,M00165,2026-04-03 15:04:16.426751,165,False,TV
W0005138,U00393,M00033,2026-01-17 15:04:16.426753,163,True,Mobile
W0005139,U00899,M00254,2025-11-11 15:04:16.426755,108,False,TV
W0005140,U00835,M00249,2025-08-12 15:04:16.426757,92,False,TV
W0005141,U00921,M00144,2025-07-16 15:04:16.426759,86,False,TV
W0005142,U00010,M00029,2025-10-28 15:04:16.426761,169,False,Laptop
W0005143,U00689,M00267,2025-12-12 15:04:16.426763,70,False,TV
W0005144,U00525,M00212,2025-06-01 15:04:16.426765,107,False,Mobile
W0005145,U00172,M00274,2025-05-16 15:04:16.426767,117,False,TV
W0005146,U00841,M00131,2026-02-24 15:04:16.426769,81,True,Tablet
W0005147,U00690,M00145,2026-02-16 15:04:16.426771,180,False,Tablet
W0005148,U00785,M00155,2026-02-03 15:04:16.426773,35,False,Mobile
W0005149,U00377,M00272,2025-10-08 15:04:16.426775,103,False,TV
W0005150,U00783,M00245,2025-09-06 15:04:16.426779,27,False,Laptop
W0005151,U00219,M00110,2026-02-08 15:04:16.426781,95,False,Mobile
W0005152,U00875,M00264,2025-08-06 15:04:16.426783,56,False,Laptop
W0005153,U00178,M00187,2025-06-21 15:04:16.426785,89,True,TV
W0005154,U00516,M00110,2025-10-01 15:04:16.426788,178,False,Laptop
W0005155,U00812,M00100,2025-07-20 15:04:16.426791,163,False,Mobile
W0005156,U00996,M00052,2025-07-18 15:04:16.426793,111,False,Mobile
W0005157,U00799,M00079,2026-02-15 15:04:16.426795,100,True,Mobile
W0005158,U00323,M00094,2026-05-03 15:04:16.426797,160,False,Tablet
W0005159,U00678,M00279,2026-02-10 15:04:16.426799,119,False,Tablet
W0005160,U00766,M00077,2025-08-02 15:04:16.426800,155,False,Mobile
W0005161,U00318,M00037,2025-05-16 15:04:16.426802,81,False,Laptop
W0005162,U00428,M00085,2025-09-09 15:04:16.426805,25,True,Mobile
W0005163,U00111,M00286,2025-07-06 15:04:16.426806,51,False,Laptop
W0005164,U00375,M00034,2026-01-28 15:04:16.426808,43,True,Tablet
W0005165,U00664,M00072,2025-05-11 15:04:16.426810,31,False,Laptop
W0005166,U00395,M00242,2025-10-09 15:04:16.426812,79,False,Tablet
W0005167,U00220,M00202,2025-05-14 15:04:16.426814,80,False,TV
W0005168,U00635,M00255,2026-03-28 15:04:16.426816,88,True,Laptop
W0005169,U00719,M00085,2026-01-21 15:04:16.426818,158,True,TV
W0005170,U00014,M00108,2026-02-21 15:04:16.426820,127,False,Laptop
W0005171,U00444,M00140,2026-01-24 15:04:16.426822,174,False,Mobile
W0005172,U00697,M00254,2026-02-16 15:04:16.426824,50,False,Laptop
W0005173,U00578,M00212,2025-11-22 15:04:16.426827,159,True,TV
W0005174,U00250,M00184,2025-12-18 15:04:16.426829,151,False,Mobile
W0005175,U00685,M00046,2025-07-09 15:04:16.426831,54,False,TV
W0005176,U00629,M00275,2025-06-28 15:04:16.426833,24,True,Laptop
W0005177,U00066,M00015,2025-10-18 15:04:16.426836,61,False,Laptop
W0005178,U00513,M00190,2025-09-02 15:04:16.426838,14,True,Tablet
W0005179,U00337,M00046,2026-02-27 15:04:16.426839,58,True,TV
W0005180,U00974,M00012,2025-10-29 15:04:16.426842,128,False,Mobile
W0005181,U00799,M00213,2025-06-07 15:04:16.426843,34,False,TV
W0005182,U00980,M00099,2026-03-17 15:04:16.426847,62,False,Laptop
W0005183,U00122,M00287,2026-04-11 15:04:16.426849,164,False,Mobile
W0005184,U00549,M00111,2025-09-05 15:04:16.426851,172,True,TV
W0005185,U00532,M00130,2025-08-02 15:04:16.426853,146,True,TV
W0005186,U00960,M00252,2025-08-23 15:04:16.426855,108,True,Mobile
W0005187,U00589,M00261,2026-04-08 15:04:16.426857,156,True,TV
W0005188,U00635,M00245,2025-06-22 15:04:16.426859,123,True,TV
W0005189,U00221,M00119,2025-09-01 15:04:16.426861,108,False,Mobile
W0005190,U00037,M00086,2025-08-01 15:04:16.426863,122,False,Laptop
W0005191,U00764,M00162,2025-09-21 15:04:16.426865,22,False,Mobile
W0005192,U00268,M00102,2026-02-02 15:04:16.426867,95,False,TV
W0005193,U00850,M00043,2025-07-05 15:04:16.426870,56,False,Laptop
W0005194,U00286,M00226,2025-11-11 15:04:16.426872,92,False,Tablet
W0005195,U00370,M00246,2025-12-26 15:04:16.426874,70,False,Laptop
W0005196,U00747,M00293,2026-02-11 15:04:16.426876,93,False,Tablet
W0005197,U00136,M00264,2025-07-27 15:04:16.426878,123,True,Laptop
W0005198,U00889,M00008,2026-02-28 15:04:16.426880,64,False,TV
W0005199,U00855,M00272,2025-12-04 15:04:16.426882,14,True,TV
W0005200,U00833,M00235,2026-03-06 15:04:16.426884,127,False,Laptop
W0005201,U00255,M00241,2025-11-10 15:04:16.426886,18,True,Tablet
W0005202,U00450,M00230,2025-05-28 15:04:16.426888,97,False,Laptop
W0005203,U00802,M00240,2026-03-20 15:04:16.426890,155,True,Tablet
W0005204,U00500,M00085,2025-10-28 15:04:16.426892,14,False,TV
W0005205,U00848,M00009,2026-03-04 15:04:16.426894,12,False,Tablet
W0005206,U00869,M00059,2025-06-02 15:04:16.426896,157,False,Tablet
W0005207,U00438,M00170,2025-11-15 15:04:16.426898,60,False,Mobile
W0005208,U00483,M00128,2025-10-27 15:04:16.426900,55,True,Laptop
W0005209,U00833,M00031,2025-12-19 15:04:16.426901,151,False,TV
W0005210,U00854,M00112,2025-09-24 15:04:16.426903,103,False,Tablet
W0005211,U00594,M00253,2025-10-01 15:04:16.426905,92,False,Laptop
W0005212,U00911,M00106,2025-09-08 15:04:16.426910,84,False,Mobile
W0005213,U00068,M00134,2026-02-13 15:04:16.426912,127,True,TV
W0005214,U00655,M00141,2026-03-25 15:04:16.426915,118,False,Tablet
W0005215,U00629,M00140,2025-05-22 15:04:16.426917,10,False,Laptop
W0005216,U00812,M00293,2026-04-27 15:04:16.426919,119,True,Mobile
W0005217,U00614,M00058,2026-03-05 15:04:16.426921,66,True,Laptop
W0005218,U00312,M00060,2026-03-16 15:04:16.426923,32,True,Mobile
W0005219,U00537,M00218,2025-12-08 15:04:16.426926,16,True,Laptop
W0005220,U00504,M00280,2025-09-04 15:04:16.426927,15,False,Laptop
W0005221,U00321,M00058,2026-03-13 15:04:16.426929,39,False,TV
W0005222,U00388,M00089,2025-07-18 15:04:16.426957,101,False,Tablet
W0005223,U00504,M00246,2025-06-08 15:04:16.426962,20,True,TV
W0005224,U00967,M00094,2025-08-03 15:04:16.426964,13,True,Laptop
W0005225,U00626,M00295,2026-02-21 15:04:16.426966,53,True,TV
W0005226,U00930,M00227,2026-04-04 15:04:16.426968,97,False,Laptop
W0005227,U00589,M00113,2025-06-05 15:04:16.426971,73,False,TV
W0005228,U00960,M00212,2025-11-15 15:04:16.426973,170,False,Laptop
W0005229,U00449,M00281,2025-07-14 15:04:16.426975,142,True,Mobile
W0005230,U00781,M00223,2025-06-08 15:04:16.426978,110,False,TV
W0005231,U00483,M00014,2025-09-19 15:04:16.426980,116,False,Mobile
W0005232,U00589,M00023,2025-06-11 15:04:16.426983,6,True,TV
W0005233,U00027,M00174,2025-06-23 15:04:16.426985,63,False,Tablet
W0005234,U00386,M00207,2026-03-08 15:04:16.426987,172,True,TV
W0005235,U00462,M00038,2026-04-12 15:04:16.426989,15,False,Laptop
W0005236,U00436,M00109,2025-12-15 15:04:16.426991,110,False,Mobile
W0005237,U00594,M00148,2025-12-23 15:04:16.426993,117,True,Laptop
W0005238,U00543,M00127,2025-08-29 15:04:16.426995,68,False,Laptop
W0005239,U00987,M00065,2025-10-10 15:04:16.426997,77,False,Tablet
W0005240,U00927,M00296,2025-12-07 15:04:16.427000,99,False,Mobile
W0005241,U00096,M00063,2025-11-24 15:04:16.427002,38,False,TV
W0005242,U00280,M00006,2026-02-11 15:04:16.427004,164,True,TV
W0005243,U00097,M00104,2025-07-24 15:04:16.427006,24,False,Tablet
W0005244,U00230,M00088,2026-04-01 15:04:16.427008,61,False,TV
W0005245,U00980,M00279,2025-06-17 15:04:16.427010,73,True,Mobile
W0005246,U00448,M00167,2025-12-02 15:04:16.427014,135,False,TV
W0005247,U00548,M00079,2025-11-12 15:04:16.427016,64,True,Laptop
W0005248,U00193,M00026,2025-06-24 15:04:16.427017,155,False,Tablet
W0005249,U00417,M00232,2026-02-11 15:04:16.427020,72,True,Tablet
W0005250,U00937,M00220,2025-11-13 15:04:16.427022,53,False,Tablet
W0005251,U00593,M00082,2026-03-03 15:04:16.427024,173,False,Laptop
W0005252,U00272,M00246,2025-07-11 15:04:16.427026,34,False,Laptop
W0005253,U00749,M00250,2026-02-24 15:04:16.427028,96,False,TV
W0005254,U00738,M00215,2025-10-11 15:04:16.427031,167,False,TV
W0005255,U00762,M00219,2026-01-21 15:04:16.427033,165,True,Mobile
W0005256,U00498,M00266,2025-11-22 15:04:16.427034,98,False,Mobile
W0005257,U00819,M00015,2025-07-29 15:04:16.427036,159,False,Laptop
W0005258,U00969,M00176,2026-03-08 15:04:16.427038,97,True,Mobile
W0005259,U00201,M00009,2026-04-08 15:04:16.427040,109,False,TV
W0005260,U00845,M00068,2025-07-01 15:04:16.427042,136,False,Mobile
W0005261,U00870,M00174,2025-05-27 15:04:16.427045,86,False,Tablet
W0005262,U00018,M00199,2025-08-31 15:04:16.427046,163,False,Tablet
W0005263,U00264,M00154,2025-07-02 15:04:16.427048,86,True,Mobile
W0005264,U00947,M00150,2026-05-02 15:04:16.427050,39,False,Laptop
W0005265,U00219,M00004,2025-10-04 15:04:16.427052,105,False,Mobile
W0005266,U00046,M00133,2025-12-29 15:04:16.427054,175,False,Laptop
W0005267,U00094,M00033,2026-04-15 15:04:16.427056,132,True,Mobile
W0005268,U00139,M00257,2025-10-28 15:04:16.427058,155,False,Mobile
W0005269,U00885,M00007,2025-09-08 15:04:16.427060,125,False,Mobile
W0005270,U00885,M00005,2026-04-10 15:04:16.427062,5,True,Mobile
W0005271,U00795,M00017,2026-04-23 15:04:16.427065,159,False,Mobile
W0005272,U00180,M00251,2025-12-12 15:04:16.427067,62,False,Laptop
W0005273,U00362,M00132,2025-10-22 15:04:16.427069,7,True,TV
W0005274,U00623,M00086,2026-01-21 15:04:16.427071,56,False,TV
W0005275,U00622,M00179,2025-11-01 15:04:16.427073,14,False,Mobile
W0005276,U00214,M00212,2025-12-01 15:04:16.427075,160,False,Laptop
W0005277,U00955,M00177,2025-10-04 15:04:16.427077,125,False,Tablet
W0005278,U00790,M00017,2025-05-13 15:04:16.427081,180,False,Mobile
W0005279,U00173,M00109,2025-06-11 15:04:16.427083,23,True,Tablet
W0005280,U00688,M00128,2026-04-11 15:04:16.427085,24,False,TV
W0005281,U00336,M00220,2025-06-29 15:04:16.427087,126,False,Mobile
W0005282,U00514,M00134,2025-10-16 15:04:16.427089,172,True,Mobile
W0005283,U00810,M00233,2025-07-26 15:04:16.427091,171,False,Laptop
W0005284,U00409,M00188,2026-04-09 15:04:16.427093,144,True,Tablet
W0005285,U00639,M00119,2025-07-15 15:04:16.427095,84,True,Mobile
W0005286,U00529,M00191,2025-10-07 15:04:16.427098,70,True,TV
W0005287,U00836,M00246,2025-12-24 15:04:16.427100,99,False,Tablet
W0005288,U00680,M00102,2026-04-30 15:04:16.427102,61,False,Laptop
W0005289,U00230,M00043,2025-10-09 15:04:16.427103,115,True,TV
W0005290,U00695,M00014,2026-02-15 15:04:16.427106,174,False,Mobile
W0005291,U00596,M00213,2025-10-07 15:04:16.427109,120,True,TV
W0005292,U00693,M00072,2026-01-18 15:04:16.427111,49,False,Mobile
W0005293,U00660,M00199,2026-02-26 15:04:16.427113,21,False,Mobile
W0005294,U00807,M00077,2026-04-07 15:04:16.427115,116,False,TV
W0005295,U00523,M00272,2025-06-20 15:04:16.427117,177,True,Laptop
W0005296,U00720,M00127,2025-09-02 15:04:16.427119,144,True,Mobile
W0005297,U00892,M00150,2026-04-11 15:04:16.427121,38,True,TV
W0005298,U00734,M00161,2026-01-22 15:04:16.427123,103,False,Tablet
W0005299,U00562,M00074,2026-03-02 15:04:16.427125,15,True,Tablet
W0005300,U00566,M00098,2026-04-15 15:04:16.427127,58,True,Tablet
W0005301,U00351,M00296,2026-02-15 15:04:16.427129,97,False,TV
W0005302,U00814,M00242,2025-05-14 15:04:16.427131,162,True,Mobile
W0005303,U00087,M00225,2025-05-26 15:04:16.427133,137,False,TV
W0005304,U00672,M00029,2025-09-14 15:04:16.427135,134,False,TV
W0005305,U00568,M00048,2025-09-27 15:04:16.427136,62,False,Tablet
W0005306,U00396,M00287,2025-11-26 15:04:16.427138,101,False,Tablet
W0005307,U00333,M00181,2025-08-04 15:04:16.427140,8,False,Tablet
W0005308,U00766,M00225,2025-06-30 15:04:16.427144,52,False,TV
W0005309,U00555,M00093,2025-07-25 15:04:16.427147,143,False,Mobile
W0005310,U00272,M00128,2026-01-15 15:04:16.427151,151,False,Laptop
W0005311,U00793,M00134,2026-01-06 15:04:16.427153,73,False,Laptop
W0005312,U00194,M00246,2025-07-04 15:04:16.427155,18,True,TV
W0005313,U00629,M00191,2025-05-21 15:04:16.427157,162,True,Mobile
W0005314,U00714,M00148,2026-04-08 15:04:16.427159,148,True,Tablet
W0005315,U00171,M00193,2026-01-02 15:04:16.427162,72,False,Tablet
W0005316,U00674,M00298,2025-11-23 15:04:16.427164,107,False,Tablet
W0005317,U00599,M00008,2026-02-02 15:04:16.427166,56,False,TV
W0005318,U00166,M00076,2025-08-06 15:04:16.427168,176,True,Tablet
W0005319,U00609,M00050,2025-08-08 15:04:16.427170,176,True,Laptop
W0005320,U00480,M00005,2025-10-18 15:04:16.427172,127,False,TV
W0005321,U00502,M00052,2025-09-08 15:04:16.427174,52,True,Laptop
W0005322,U00673,M00049,2025-09-12 15:04:16.427176,176,True,TV
W0005323,U00243,M00198,2026-03-10 15:04:16.427178,53,False,Mobile
W0005324,U00997,M00075,2025-07-25 15:04:16.427180,6,True,TV
W0005325,U00508,M00057,2025-08-16 15:04:16.427183,29,True,Laptop
W0005326,U00210,M00217,2026-04-20 15:04:16.427185,103,True,TV
W0005327,U00752,M00124,2026-02-14 15:04:16.427187,50,False,TV
W0005328,U00187,M00275,2025-12-11 15:04:16.427189,108,True,Laptop
W0005329,U00939,M00046,2026-04-13 15:04:16.427192,50,True,Laptop
W0005330,U00238,M00294,2026-04-28 15:04:16.427194,75,True,Tablet
W0005331,U00185,M00288,2026-02-20 15:04:16.427196,168,False,Tablet
W0005332,U00001,M00209,2025-10-20 15:04:16.427198,176,True,Mobile
W0005333,U00952,M00237,2025-11-22 15:04:16.427200,88,True,Mobile
W0005334,U00097,M00229,2025-11-25 15:04:16.427201,98,True,Tablet
W0005335,U00405,M00205,2026-03-07 15:04:16.427203,9,True,Mobile
W0005336,U00406,M00247,2025-12-11 15:04:16.427205,70,False,Laptop
W0005337,U00677,M00013,2025-12-16 15:04:16.427207,16,True,Laptop
W0005338,U00801,M00114,2025-09-24 15:04:16.427209,176,False,Laptop
W0005339,U00563,M00240,2025-10-09 15:04:16.427211,112,False,Laptop
W0005340,U00783,M00287,2025-12-31 15:04:16.427213,6,False,Laptop
W0005341,U00979,M00198,2025-09-15 15:04:16.427216,118,False,Tablet
W0005342,U00987,M00096,2026-04-22 15:04:16.427218,30,True,Tablet
W0005343,U00381,M00185,2025-09-28 15:04:16.427220,128,True,Tablet
W0005344,U00576,M00023,2025-06-15 15:04:16.427222,106,False,Laptop
W0005345,U00269,M00292,2026-03-18 15:04:16.427224,103,False,TV
W0005346,U00406,M00262,2025-09-17 15:04:16.427226,122,False,Tablet
W0005347,U00483,M00287,2026-04-06 15:04:16.427228,177,False,Laptop
W0005348,U00237,M00170,2026-04-25 15:04:16.427230,81,False,Tablet
W0005349,U00561,M00255,2026-03-23 15:04:16.427233,76,True,Mobile
W0005350,U00282,M00251,2025-12-30 15:04:16.427235,10,True,TV
W0005351,U00365,M00265,2026-02-17 15:04:16.427237,11,False,TV
W0005352,U00637,M00278,2025-09-23 15:04:16.427239,107,True,TV
W0005353,U00458,M00033,2025-06-28 15:04:16.427241,136,True,TV
W0005354,U00320,M00075,2026-03-13 15:04:16.427243,94,True,TV
W0005355,U00087,M00215,2025-11-14 15:04:16.427245,88,True,TV
W0005356,U00331,M00218,2025-09-29 15:04:16.427247,142,True,Laptop
W0005357,U00934,M00257,2026-04-22 15:04:16.427249,61,True,TV
W0005358,U00938,M00125,2025-06-27 15:04:16.427251,37,False,TV
W0005359,U00057,M00167,2025-09-10 15:04:16.427253,166,True,TV
W0005360,U00081,M00079,2026-04-28 15:04:16.427256,35,True,Laptop
W0005361,U00203,M00237,2025-08-24 15:04:16.427257,89,True,Laptop
W0005362,U00020,M00017,2025-09-16 15:04:16.427259,170,False,Laptop
W0005363,U00856,M00149,2025-08-09 15:04:16.427261,152,True,Tablet
W0005364,U00217,M00104,2026-02-03 15:04:16.427263,6,False,Tablet
W0005365,U00928,M00017,2026-02-01 15:04:16.427265,73,True,Tablet
W0005366,U00910,M00001,2026-01-13 15:04:16.427267,65,True,TV
W0005367,U00882,M00031,2025-12-05 15:04:16.427269,154,False,TV
W0005368,U00664,M00278,2025-09-02 15:04:16.427273,60,True,TV
W0005369,U00423,M00014,2026-01-25 15:04:16.427275,163,True,TV
W0005370,U00772,M00172,2026-01-14 15:04:16.427277,179,True,Mobile
W0005371,U00391,M00155,2025-11-29 15:04:16.427279,31,False,Mobile
W0005372,U00785,M00194,2025-09-16 15:04:16.427281,48,False,Mobile
W0005373,U00572,M00174,2025-10-22 15:04:16.427284,128,False,Laptop
W0005374,U00661,M00292,2025-07-13 15:04:16.427286,158,False,Laptop
W0005375,U00767,M00143,2025-09-21 15:04:16.427288,115,False,Tablet
W0005376,U00462,M00084,2025-11-14 15:04:16.427290,24,True,Mobile
W0005377,U00948,M00116,2026-05-03 15:04:16.427292,8,True,TV
W0005378,U00769,M00282,2025-11-15 15:04:16.427294,60,True,Mobile
W0005379,U00168,M00144,2026-02-11 15:04:16.427296,164,False,Mobile
W0005380,U00676,M00090,2025-07-12 15:04:16.427298,76,True,Tablet
W0005381,U00136,M00170,2025-10-09 15:04:16.427300,133,True,Tablet
W0005382,U00453,M00233,2025-10-24 15:04:16.427302,12,False,TV
W0005383,U00774,M00114,2025-09-08 15:04:16.427304,116,False,TV
W0005384,U00317,M00263,2026-03-11 15:04:16.427306,148,True,Laptop
W0005385,U00806,M00171,2025-12-17 15:04:16.427308,178,True,TV
W0005386,U00042,M00170,2025-08-17 15:04:16.427310,89,True,Mobile
W0005387,U00263,M00158,2026-01-31 15:04:16.427312,14,True,Mobile
W0005388,U00389,M00261,2026-05-03 15:04:16.427315,53,True,Laptop
W0005389,U00019,M00176,2026-04-22 15:04:16.427317,84,False,TV
W0005390,U00276,M00058,2026-04-12 15:04:16.427320,72,False,Laptop
W0005391,U00550,M00274,2025-10-04 15:04:16.427322,158,True,TV
W0005392,U00618,M00119,2025-08-10 15:04:16.427350,174,False,TV
W0005393,U00736,M00269,2026-01-10 15:04:16.427354,66,False,Mobile
W0005394,U00264,M00114,2026-03-03 15:04:16.427357,76,True,Mobile
W0005395,U00715,M00189,2025-07-14 15:04:16.427359,29,False,Mobile
W0005396,U00379,M00164,2026-05-08 15:04:16.427361,67,True,Mobile
W0005397,U00109,M00120,2026-03-04 15:04:16.427363,177,True,TV
W0005398,U00590,M00202,2025-07-23 15:04:16.427365,46,True,Mobile
W0005399,U00248,M00041,2025-06-20 15:04:16.427367,131,False,Tablet
W0005400,U00158,M00149,2026-03-30 15:04:16.427369,14,True,Tablet
W0005401,U00685,M00201,2025-10-28 15:04:16.427371,177,True,Mobile
W0005402,U00059,M00094,2025-10-29 15:04:16.427373,83,True,Laptop
W0005403,U00054,M00296,2025-10-30 15:04:16.427375,156,True,Laptop
W0005404,U00983,M00102,2025-10-09 15:04:16.427377,34,False,Mobile
W0005405,U00957,M00236,2026-01-26 15:04:16.427382,134,True,Mobile
W0005406,U00179,M00178,2025-12-30 15:04:16.427384,136,True,Mobile
W0005407,U00076,M00103,2025-06-12 15:04:16.427387,90,False,Laptop
W0005408,U00743,M00083,2025-08-07 15:04:16.427390,113,True,Laptop
W0005409,U00870,M00119,2025-08-03 15:04:16.427392,51,True,Laptop
W0005410,U00142,M00157,2025-10-28 15:04:16.427394,61,True,Mobile
W0005411,U00700,M00220,2025-05-13 15:04:16.427396,72,False,TV
W0005412,U00192,M00107,2025-11-26 15:04:16.427398,142,False,Tablet
W0005413,U00663,M00229,2026-02-20 15:04:16.427400,178,True,Tablet
W0005414,U00181,M00069,2025-07-24 15:04:16.427402,116,True,TV
W0005415,U00893,M00015,2025-09-03 15:04:16.427404,45,False,Tablet
W0005416,U00549,M00220,2026-03-20 15:04:16.427406,23,False,Tablet
W0005417,U00042,M00024,2025-10-17 15:04:16.427408,90,True,Laptop
W0005418,U00031,M00232,2025-08-21 15:04:16.427410,147,False,Mobile
W0005419,U00081,M00081,2026-01-24 15:04:16.427412,60,False,Laptop
W0005420,U00982,M00136,2025-08-24 15:04:16.427415,171,True,TV
W0005421,U00683,M00243,2025-11-18 15:04:16.427417,140,True,Laptop
W0005422,U00518,M00168,2026-01-30 15:04:16.427419,155,False,TV
W0005423,U00896,M00257,2025-08-06 15:04:16.427421,167,False,TV
W0005424,U00075,M00165,2025-05-20 15:04:16.427423,19,True,Mobile
W0005425,U00820,M00125,2025-10-03 15:04:16.427424,145,True,Laptop
W0005426,U00331,M00284,2025-11-30 15:04:16.427426,76,False,Mobile
W0005427,U00410,M00281,2026-05-04 15:04:16.427430,58,False,Mobile
W0005428,U00414,M00001,2025-06-30 15:04:16.427432,84,False,Mobile
W0005429,U00798,M00279,2025-10-04 15:04:16.427434,96,False,Laptop
W0005430,U00807,M00276,2025-12-06 15:04:16.427436,26,False,Laptop
W0005431,U00963,M00253,2025-05-20 15:04:16.427438,68,False,Tablet
W0005432,U00887,M00211,2025-12-09 15:04:16.427441,148,False,Mobile
W0005433,U00201,M00050,2025-08-26 15:04:16.427443,137,True,Laptop
W0005434,U00409,M00189,2025-10-30 15:04:16.427445,6,False,TV
W0005435,U00222,M00137,2025-12-28 15:04:16.427447,9,False,TV
W0005436,U00382,M00215,2025-10-10 15:04:16.427449,21,True,Tablet
W0005437,U00894,M00183,2025-12-03 15:04:16.427452,13,False,TV
W0005438,U00329,M00170,2025-07-27 15:04:16.427454,26,False,Tablet
W0005439,U00279,M00071,2025-10-24 15:04:16.427456,151,False,Laptop
W0005440,U00905,M00140,2025-08-27 15:04:16.427458,175,False,Mobile
W0005441,U00334,M00169,2026-04-19 15:04:16.427460,119,False,Mobile
W0005442,U00674,M00258,2025-07-01 15:04:16.427462,104,False,Mobile
W0005443,U00606,M00088,2025-06-27 15:04:16.427464,162,True,TV
W0005444,U00466,M00192,2026-03-30 15:04:16.427466,26,False,Laptop
W0005445,U00933,M00277,2025-08-12 15:04:16.427468,133,False,Laptop
W0005446,U00031,M00215,2025-08-25 15:04:16.427471,106,False,Laptop
W0005447,U00868,M00253,2025-07-15 15:04:16.427474,122,True,Mobile
W0005448,U00366,M00214,2025-05-26 15:04:16.427476,98,False,TV
W0005449,U00143,M00032,2025-09-20 15:04:16.427478,130,False,Mobile
W0005450,U00755,M00167,2025-09-05 15:04:16.427480,52,False,TV
W0005451,U00722,M00297,2025-12-25 15:04:16.427482,167,False,Mobile
W0005452,U00852,M00089,2025-05-22 15:04:16.427484,9,False,Mobile
W0005453,U00716,M00076,2025-09-09 15:04:16.427486,91,True,Tablet
W0005454,U00810,M00248,2026-02-21 15:04:16.427488,107,True,Tablet
W0005455,U00638,M00059,2025-10-13 15:04:16.427490,11,False,Tablet
W0005456,U00516,M00006,2026-02-22 15:04:16.427492,149,False,Mobile
W0005457,U00509,M00072,2025-11-02 15:04:16.427494,87,False,TV
W0005458,U00645,M00024,2025-10-24 15:04:16.427496,162,True,TV
W0005459,U00081,M00019,2026-02-08 15:04:16.427498,73,False,Laptop
W0005460,U00954,M00016,2025-12-21 15:04:16.427500,27,True,Laptop
W0005461,U00983,M00240,2025-11-19 15:04:16.427502,149,True,Mobile
W0005462,U00403,M00232,2025-12-12 15:04:16.427504,98,True,Mobile
W0005463,U00390,M00204,2025-08-11 15:04:16.427506,29,False,Laptop
W0005464,U00493,M00193,2025-05-19 15:04:16.427509,161,False,Laptop
W0005465,U00362,M00087,2025-07-14 15:04:16.427511,150,True,Laptop
W0005466,U00881,M00150,2025-07-31 15:04:16.427514,162,False,Laptop
W0005467,U00921,M00088,2025-12-20 15:04:16.427516,125,True,Laptop
W0005468,U00458,M00036,2026-01-13 15:04:16.427518,68,True,Mobile
W0005469,U00720,M00094,2026-02-09 15:04:16.427521,140,True,Laptop
W0005470,U00526,M00153,2025-07-18 15:04:16.427523,22,True,Mobile
W0005471,U00366,M00016,2025-06-16 15:04:16.427525,79,False,TV
W0005472,U00546,M00235,2026-01-30 15:04:16.427528,36,True,TV
W0005473,U00861,M00200,2026-02-01 15:04:16.427530,171,True,TV
W0005474,U00995,M00144,2025-12-02 15:04:16.427532,140,True,Mobile
W0005475,U00657,M00050,2025-12-31 15:04:16.427534,105,True,Tablet
W0005476,U00456,M00102,2026-05-05 15:04:16.427536,148,True,Laptop
W0005477,U00132,M00082,2025-12-28 15:04:16.427539,9,True,Mobile
W0005478,U00357,M00244,2026-01-20 15:04:16.427541,168,False,TV
W0005479,U00768,M00234,2025-07-02 15:04:16.427543,146,True,TV
W0005480,U00810,M00174,2026-01-05 15:04:16.427545,151,False,Tablet
W0005481,U00972,M00213,2026-01-29 15:04:16.427547,129,False,Laptop
W0005482,U00293,M00004,2025-06-01 15:04:16.427549,9,False,Tablet
W0005483,U00672,M00267,2025-05-11 15:04:16.427551,73,False,Mobile
W0005484,U00969,M00122,2025-12-21 15:04:16.427554,155,True,Tablet
W0005485,U00952,M00240,2026-03-27 15:04:16.427557,83,True,Mobile
W0005486,U00292,M00054,2025-08-18 15:04:16.427559,52,True,Tablet
W0005487,U00593,M00276,2026-03-10 15:04:16.427561,23,True,TV
W0005488,U00699,M00275,2026-05-05 15:04:16.427563,72,False,Laptop
W0005489,U00295,M00061,2025-11-19 15:04:16.427565,49,True,TV
W0005490,U00216,M00291,2026-02-24 15:04:16.427567,136,True,Laptop
W0005491,U00761,M00148,2026-02-06 15:04:16.427578,35,False,Laptop
W0005492,U00088,M00174,2026-04-08 15:04:16.427585,76,False,Laptop
W0005493,U00548,M00039,2025-08-18 15:04:16.427587,37,False,TV
W0005494,U00967,M00103,2025-12-19 15:04:16.427590,61,False,Laptop
W0005495,U00729,M00131,2025-06-15 15:04:16.427592,180,True,Laptop
W0005496,U00984,M00165,2025-07-03 15:04:16.427594,133,False,TV
W0005497,U00143,M00142,2026-02-23 15:04:16.427596,81,False,Mobile
W0005498,U00812,M00171,2026-03-28 15:04:16.427598,145,True,TV
W0005499,U00921,M00048,2025-09-22 15:04:16.427600,28,True,Tablet
W0005500,U00839,M00008,2025-11-02 15:04:16.427602,167,True,Tablet
W0005501,U00732,M00159,2026-01-12 15:04:16.427606,163,False,Mobile
W0005502,U00709,M00004,2026-04-29 15:04:16.427608,167,True,Mobile
W0005503,U00835,M00241,2025-12-15 15:04:16.427611,130,True,Tablet
W0005504,U00196,M00256,2025-07-10 15:04:16.427613,79,False,Tablet
W0005505,U00112,M00216,2025-08-11 15:04:16.427616,72,True,TV
W0005506,U00637,M00064,2025-10-31 15:04:16.427618,57,False,Tablet
W0005507,U00599,M00254,2025-07-23 15:04:16.427620,131,True,TV
W0005508,U00798,M00189,2026-03-31 15:04:16.427622,135,True,Laptop
W0005509,U00204,M00043,2025-08-28 15:04:16.427624,109,True,Tablet
W0005510,U00290,M00178,2025-06-18 15:04:16.427626,71,False,Mobile
W0005511,U00098,M00234,2025-12-30 15:04:16.427628,22,False,Laptop
W0005512,U00419,M00255,2025-10-16 15:04:16.427630,146,False,Mobile
W0005513,U00112,M00233,2025-12-06 15:04:16.427632,16,True,Laptop
W0005514,U00408,M00047,2025-09-24 15:04:16.427634,77,False,Tablet
W0005515,U00818,M00242,2025-11-23 15:04:16.427636,126,True,TV
W0005516,U00111,M00164,2026-01-28 15:04:16.427638,137,False,Mobile
W0005517,U00254,M00086,2026-03-21 15:04:16.427640,15,True,Laptop
W0005518,U00914,M00251,2025-09-29 15:04:16.427642,89,True,TV
W0005519,U00919,M00118,2025-11-23 15:04:16.427644,169,True,TV
W0005520,U00864,M00240,2025-12-26 15:04:16.427646,70,False,Tablet
W0005521,U00692,M00274,2025-05-29 15:04:16.427648,71,False,Tablet
W0005522,U00347,M00218,2026-01-10 15:04:16.427651,21,False,Mobile
W0005523,U00887,M00235,2025-06-04 15:04:16.427653,43,False,Mobile
W0005524,U00473,M00065,2025-08-10 15:04:16.427656,99,False,Laptop
W0005525,U00474,M00069,2025-10-25 15:04:16.427659,122,False,Tablet
W0005526,U00234,M00022,2025-12-24 15:04:16.427662,143,False,Mobile
W0005527,U00734,M00004,2025-07-22 15:04:16.427665,163,True,Laptop
W0005528,U00576,M00188,2025-09-19 15:04:16.427668,150,True,Tablet
W0005529,U00527,M00109,2025-11-16 15:04:16.427671,18,True,Laptop
W0005530,U00499,M00013,2026-03-18 15:04:16.427729,86,True,Tablet
W0005531,U00280,M00052,2025-11-15 15:04:16.427739,163,True,Laptop
W0005532,U00215,M00175,2026-03-21 15:04:16.427744,109,True,Mobile
W0005533,U00445,M00282,2025-09-14 15:04:16.427766,149,True,Tablet
W0005534,U00297,M00066,2026-04-07 15:04:16.427771,44,False,Tablet
W0005535,U00728,M00013,2025-07-02 15:04:16.427776,84,True,Mobile
W0005536,U00389,M00261,2025-07-16 15:04:16.427781,67,False,Laptop
W0005537,U00776,M00151,2025-06-17 15:04:16.427785,8,True,Mobile
W0005538,U00978,M00042,2026-04-08 15:04:16.427790,53,True,Tablet
W0005539,U00855,M00079,2025-12-11 15:04:16.427795,179,True,Mobile
W0005540,U00813,M00067,2026-02-07 15:04:16.427799,141,False,TV
W0005541,U00960,M00201,2025-10-15 15:04:16.427803,107,True,Tablet
W0005542,U00348,M00037,2025-05-16 15:04:16.427808,145,True,TV
W0005543,U00418,M00115,2025-09-09 15:04:16.427812,51,False,Tablet
W0005544,U00266,M00293,2026-04-06 15:04:16.427823,83,True,Mobile
W0005545,U00799,M00080,2025-10-31 15:04:16.427832,162,False,Laptop
W0005546,U00477,M00113,2025-09-04 15:04:16.427836,98,True,Mobile
W0005547,U00018,M00127,2025-07-08 15:04:16.427841,139,True,Mobile
W0005548,U00362,M00174,2026-04-06 15:04:16.427845,156,False,Mobile
W0005549,U00643,M00107,2025-07-12 15:04:16.427849,120,False,Laptop
W0005550,U00131,M00067,2026-02-23 15:04:16.427854,60,True,Mobile
W0005551,U00258,M00241,2025-12-21 15:04:16.427859,114,True,TV
W0005552,U00794,M00218,2025-07-11 15:04:16.427863,126,False,TV
W0005553,U00180,M00152,2025-12-27 15:04:16.427868,29,False,TV
W0005554,U00426,M00130,2026-03-20 15:04:16.427872,37,True,Mobile
W0005555,U00236,M00114,2025-08-21 15:04:16.427877,28,True,Tablet
W0005556,U00976,M00239,2025-12-16 15:04:16.427881,127,False,Laptop
W0005557,U00594,M00029,2025-08-23 15:04:16.427886,70,False,TV
W0005558,U00637,M00272,2026-03-04 15:04:16.427890,133,True,Mobile
W0005559,U00344,M00160,2025-11-27 15:04:16.427895,71,False,Tablet
W0005560,U00585,M00130,2025-06-07 15:04:16.427899,47,True,Mobile
W0005561,U00242,M00093,2025-07-27 15:04:16.427904,63,False,TV
W0005562,U00804,M00110,2026-02-08 15:04:16.427917,76,False,Tablet
W0005563,U00883,M00261,2026-01-24 15:04:16.428006,92,True,TV
W0005564,U00282,M00053,2026-04-09 15:04:16.428032,179,True,Mobile
W0005565,U00218,M00268,2025-05-29 15:04:16.428041,153,False,TV
W0005566,U00022,M00049,2025-08-07 15:04:16.428046,175,False,Tablet
W0005567,U00996,M00113,2026-03-04 15:04:16.428051,98,False,Tablet
W0005568,U00446,M00017,2026-03-08 15:04:16.428055,34,True,Laptop
W0005569,U00661,M00124,2025-06-08 15:04:16.428060,115,True,Mobile
W0005570,U00369,M00067,2026-05-06 15:04:16.428064,128,False,Laptop
W0005571,U00389,M00009,2026-01-25 15:04:16.428068,149,True,Mobile
W0005572,U00193,M00008,2025-08-04 15:04:16.428072,143,False,Laptop
W0005573,U00502,M00260,2026-01-30 15:04:16.428076,85,True,Mobile
W0005574,U00723,M00144,2026-05-04 15:04:16.428080,100,False,Mobile
W0005575,U00802,M00150,2025-12-13 15:04:16.428085,141,False,Laptop
W0005576,U00737,M00208,2025-12-06 15:04:16.428089,69,False,TV
W0005577,U00543,M00231,2025-07-13 15:04:16.428093,12,False,Tablet
W0005578,U00392,M00091,2025-07-30 15:04:16.428096,166,True,Laptop
W0005579,U00817,M00026,2026-04-19 15:04:16.428100,6,False,TV
W0005580,U00837,M00063,2025-05-17 15:04:16.428104,71,False,TV
W0005581,U00572,M00027,2025-05-26 15:04:16.428108,27,False,Tablet
W0005582,U00407,M00246,2025-05-14 15:04:16.428113,100,False,Mobile
W0005583,U00847,M00042,2025-10-01 15:04:16.428123,40,True,Laptop
W0005584,U00825,M00088,2025-11-04 15:04:16.428129,168,False,Tablet
W0005585,U00619,M00119,2026-01-12 15:04:16.428133,104,True,TV
W0005586,U00402,M00232,2025-08-26 15:04:16.428138,141,True,Tablet
W0005587,U00883,M00090,2026-02-09 15:04:16.428142,50,False,Laptop
W0005588,U00832,M00090,2025-05-14 15:04:16.428146,157,True,Mobile
W0005589,U00911,M00278,2026-03-08 15:04:16.428150,100,True,TV
W0005590,U00565,M00291,2025-10-07 15:04:16.428154,165,True,Laptop
W0005591,U00243,M00099,2025-10-14 15:04:16.428158,117,True,Laptop
W0005592,U00793,M00115,2025-12-03 15:04:16.428162,71,True,TV
W0005593,U00080,M00260,2026-01-11 15:04:16.428166,116,False,Laptop
W0005594,U00088,M00249,2025-10-28 15:04:16.428170,114,True,Laptop
W0005595,U00826,M00212,2025-07-09 15:04:16.428175,159,True,Laptop
W0005596,U00395,M00292,2025-12-05 15:04:16.428184,161,False,Mobile
W0005597,U00815,M00249,2026-05-05 15:04:16.428189,157,False,Mobile
W0005598,U00981,M00114,2025-07-25 15:04:16.428194,174,True,Laptop
W0005599,U00024,M00127,2025-11-14 15:04:16.428198,32,False,Tablet
W0005600,U00304,M00252,2025-08-21 15:04:16.428202,54,False,Mobile
W0005601,U00125,M00037,2025-05-21 15:04:16.428206,160,True,Tablet
W0005602,U00706,M00244,2026-02-14 15:04:16.428216,68,False,TV
W0005603,U00104,M00161,2025-10-20 15:04:16.428222,10,True,Tablet
W0005604,U00261,M00125,2025-10-05 15:04:16.428227,139,False,Mobile
W0005605,U00640,M00036,2026-04-11 15:04:16.428232,108,False,Mobile
W0005606,U00416,M00136,2026-04-02 15:04:16.428236,42,True,Tablet
W0005607,U00712,M00155,2025-08-27 15:04:16.428241,63,False,Laptop
W0005608,U00106,M00033,2025-09-08 15:04:16.428246,128,False,Mobile
W0005609,U00919,M00127,2025-12-22 15:04:16.428250,140,False,Mobile
W0005610,U00871,M00264,2025-08-20 15:04:16.428254,62,False,Mobile
W0005611,U00377,M00095,2025-08-24 15:04:16.428258,168,True,Tablet
W0005612,U00736,M00028,2026-03-05 15:04:16.428263,166,True,Laptop
W0005613,U00551,M00083,2025-05-25 15:04:16.428267,54,False,Mobile
W0005614,U00666,M00120,2025-09-17 15:04:16.428271,35,False,TV
W0005615,U00590,M00193,2026-03-11 15:04:16.428275,48,True,Tablet
W0005616,U00645,M00127,2025-07-06 15:04:16.428280,48,True,Mobile
W0005617,U00539,M00093,2026-01-23 15:04:16.428373,28,False,Laptop
W0005618,U00457,M00166,2025-06-04 15:04:16.428389,112,True,Tablet
W0005619,U00008,M00048,2025-06-15 15:04:16.428394,160,False,Tablet
W0005620,U00194,M00194,2026-03-31 15:04:16.428397,96,False,Laptop
W0005621,U00135,M00112,2025-06-20 15:04:16.428400,163,True,Mobile
W0005622,U00917,M00132,2026-05-01 15:04:16.428414,92,False,Tablet
W0005623,U00995,M00104,2025-06-14 15:04:16.428417,60,True,TV
W0005624,U00091,M00026,2025-07-12 15:04:16.428420,156,True,Laptop
W0005625,U00697,M00029,2025-07-06 15:04:16.428423,179,False,Mobile
W0005626,U00893,M00290,2025-08-06 15:04:16.428426,179,True,Tablet
W0005627,U00250,M00214,2025-12-27 15:04:16.428429,22,False,TV
W0005628,U00834,M00041,2025-08-27 15:04:16.428434,76,False,Mobile
W0005629,U00392,M00088,2026-02-07 15:04:16.428437,49,False,Laptop
W0005630,U00097,M00040,2026-01-25 15:04:16.428440,103,True,Mobile
W0005631,U00038,M00196,2026-04-01 15:04:16.428443,45,False,Mobile
W0005632,U00601,M00267,2025-10-10 15:04:16.428447,164,False,Laptop
W0005633,U00696,M00226,2025-05-26 15:04:16.428450,18,False,Mobile
W0005634,U00069,M00179,2026-02-05 15:04:16.428453,49,False,Tablet
W0005635,U00632,M00007,2026-01-17 15:04:16.428456,102,False,Laptop
W0005636,U00792,M00058,2026-02-09 15:04:16.428459,133,False,Laptop
W0005637,U00003,M00130,2025-11-24 15:04:16.428462,77,True,Laptop
W0005638,U00114,M00076,2025-09-04 15:04:16.428465,43,True,Mobile
W0005639,U00351,M00060,2026-03-29 15:04:16.428468,67,True,Laptop
W0005640,U00446,M00045,2025-12-24 15:04:16.428471,112,False,Tablet
W0005641,U00825,M00069,2026-02-03 15:04:16.428476,126,True,Mobile
W0005642,U00242,M00259,2025-11-10 15:04:16.428478,33,False,Tablet
W0005643,U00171,M00250,2026-04-26 15:04:16.428481,161,True,Mobile
W0005644,U00369,M00210,2026-01-03 15:04:16.428484,98,False,TV
W0005645,U00003,M00156,2026-05-09 15:04:16.428487,105,False,TV
W0005646,U00334,M00183,2026-04-27 15:04:16.428490,180,False,Tablet
W0005647,U00338,M00053,2025-08-15 15:04:16.428493,153,True,Laptop
W0005648,U00810,M00135,2025-09-30 15:04:16.428498,96,False,Mobile
W0005649,U00931,M00212,2025-07-07 15:04:16.428501,164,False,Tablet
W0005650,U00084,M00297,2025-05-12 15:04:16.428504,154,True,TV
W0005651,U00623,M00290,2026-02-09 15:04:16.428507,61,True,Mobile
W0005652,U00014,M00113,2025-11-03 15:04:16.428510,149,True,Laptop
W0005653,U00312,M00282,2025-10-29 15:04:16.428513,38,False,Laptop
W0005654,U00507,M00245,2026-01-23 15:04:16.428516,48,False,Laptop
W0005655,U00951,M00002,2025-12-18 15:04:16.428518,98,False,Mobile
W0005656,U00007,M00211,2025-09-09 15:04:16.428521,142,False,TV
W0005657,U00814,M00209,2025-06-01 15:04:16.428524,57,True,TV
W0005658,U00167,M00194,2026-01-24 15:04:16.428527,82,False,Tablet
W0005659,U00669,M00017,2026-02-10 15:04:16.428530,124,False,Tablet
W0005660,U00679,M00092,2026-02-17 15:04:16.428535,20,True,TV
W0005661,U00965,M00030,2026-03-10 15:04:16.428540,71,True,Tablet
W0005662,U00946,M00056,2025-05-27 15:04:16.428544,136,True,Mobile
W0005663,U00021,M00056,2026-01-31 15:04:16.428547,6,True,Mobile
W0005664,U00312,M00161,2025-06-04 15:04:16.428549,5,False,Laptop
W0005665,U00785,M00035,2025-08-09 15:04:16.428552,28,False,Mobile
W0005666,U00555,M00298,2025-08-25 15:04:16.428555,77,False,Mobile
W0005667,U00998,M00109,2025-07-01 15:04:16.428558,75,True,TV
W0005668,U00473,M00196,2026-04-28 15:04:16.428561,55,False,Tablet
W0005669,U00107,M00130,2025-08-10 15:04:16.428564,19,False,Tablet
W0005670,U00557,M00129,2026-05-07 15:04:16.428567,161,False,Laptop
W0005671,U00068,M00242,2026-04-04 15:04:16.428570,45,True,Laptop
W0005672,U00021,M00147,2025-07-27 15:04:16.428573,93,True,Tablet
W0005673,U00138,M00166,2026-02-13 15:04:16.428576,44,True,TV
W0005674,U00082,M00291,2025-07-01 15:04:16.428580,72,True,Mobile
W0005675,U00088,M00116,2025-11-11 15:04:16.428584,105,True,Mobile
W0005676,U00189,M00090,2026-01-21 15:04:16.428587,132,True,Tablet
W0005677,U00616,M00048,2025-06-05 15:04:16.428591,83,False,Tablet
W0005678,U00160,M00082,2025-09-24 15:04:16.428594,165,True,Mobile
W0005679,U00978,M00240,2025-10-28 15:04:16.428597,156,True,TV
W0005680,U00933,M00218,2026-04-07 15:04:16.428605,123,True,TV
W0005681,U00427,M00078,2025-06-21 15:04:16.428608,173,False,Tablet
W0005682,U00448,M00084,2025-11-26 15:04:16.428611,149,True,TV
W0005683,U00605,M00184,2025-06-07 15:04:16.428615,49,False,Tablet
W0005684,U00566,M00084,2026-02-04 15:04:16.428618,5,True,Mobile
W0005685,U00309,M00252,2025-08-03 15:04:16.428621,63,True,Mobile
W0005686,U00590,M00079,2025-10-23 15:04:16.428625,144,True,TV
W0005687,U00013,M00059,2026-04-14 15:04:16.428628,68,False,Tablet
W0005688,U00229,M00194,2026-02-02 15:04:16.428632,100,False,Mobile
W0005689,U00637,M00009,2025-10-07 15:04:16.428636,170,True,TV
W0005690,U00893,M00063,2025-05-20 15:04:16.428638,18,True,TV
W0005691,U00902,M00081,2025-08-29 15:04:16.428641,40,True,Mobile
W0005692,U00629,M00051,2025-10-06 15:04:16.428647,64,True,Laptop
W0005693,U00071,M00290,2025-09-16 15:04:16.428650,110,True,Laptop
W0005694,U00423,M00052,2025-10-17 15:04:16.428654,21,True,Laptop
W0005695,U00905,M00133,2025-10-10 15:04:16.428658,111,False,Tablet
W0005696,U00790,M00138,2025-07-08 15:04:16.428661,120,True,TV
W0005697,U00628,M00148,2025-06-06 15:04:16.428665,106,False,TV
W0005698,U00661,M00103,2025-06-16 15:04:16.428669,107,False,Mobile
W0005699,U00846,M00298,2025-11-13 15:04:16.428672,150,True,TV
W0005700,U00052,M00268,2025-12-16 15:04:16.428677,42,True,Laptop
W0005701,U00204,M00255,2026-05-09 15:04:16.428680,7,False,Laptop
W0005702,U00526,M00294,2025-11-18 15:04:16.428684,81,False,Tablet
W0005703,U00780,M00277,2025-12-28 15:04:16.428687,155,True,Mobile
W0005704,U00330,M00028,2025-08-10 15:04:16.428690,44,False,TV
W0005705,U00195,M00261,2026-01-02 15:04:16.428693,75,False,Tablet
W0005706,U00790,M00121,2025-09-20 15:04:16.428696,121,True,Tablet
W0005707,U00089,M00167,2025-06-15 15:04:16.428700,137,False,TV
W0005708,U00265,M00031,2025-05-28 15:04:16.428703,86,False,Mobile
W0005709,U00218,M00141,2026-03-30 15:04:16.428706,112,True,Laptop
W0005710,U00018,M00157,2025-07-26 15:04:16.428709,36,True,TV
W0005711,U00065,M00118,2025-08-02 15:04:16.428713,158,False,Mobile
W0005712,U00649,M00253,2026-04-26 15:04:16.428717,36,True,TV
W0005713,U00899,M00286,2026-03-21 15:04:16.428720,108,True,Laptop
W0005714,U00173,M00264,2025-06-03 15:04:16.428724,160,True,Tablet
W0005715,U00772,M00185,2025-09-25 15:04:16.428728,123,True,Tablet
W0005716,U00238,M00076,2025-08-09 15:04:16.428731,16,False,TV
W0005717,U00448,M00141,2025-09-06 15:04:16.428735,131,True,Tablet
W0005718,U00204,M00026,2025-06-27 15:04:16.428738,11,False,TV
W0005719,U00149,M00285,2025-07-03 15:04:16.428745,145,False,TV
W0005720,U00309,M00006,2025-05-27 15:04:16.428749,41,False,Mobile
W0005721,U00458,M00096,2025-10-19 15:04:16.428753,139,True,Mobile
W0005722,U00312,M00138,2025-08-27 15:04:16.428757,160,True,TV
W0005723,U00329,M00242,2025-08-02 15:04:16.428761,122,False,Laptop
W0005724,U00333,M00081,2025-10-20 15:04:16.428768,25,False,Mobile
W0005725,U00036,M00115,2025-09-04 15:04:16.428772,92,False,Mobile
W0005726,U00015,M00154,2025-12-18 15:04:16.428776,122,True,Mobile
W0005727,U00089,M00261,2026-02-04 15:04:16.428779,114,False,Mobile
W0005728,U00647,M00283,2025-06-29 15:04:16.428782,136,False,TV
W0005729,U00097,M00124,2026-03-09 15:04:16.428786,50,True,Tablet
W0005730,U00849,M00197,2026-04-23 15:04:16.428790,13,True,Tablet
W0005731,U00102,M00018,2025-08-01 15:04:16.428794,109,False,Laptop
W0005732,U00668,M00212,2025-05-09 15:04:16.428899,52,False,TV
W0005733,U00723,M00104,2025-07-08 15:04:16.428908,173,False,Mobile
W0005734,U00113,M00054,2025-11-02 15:04:16.428913,61,False,Laptop
W0005735,U00612,M00091,2025-06-21 15:04:16.428918,58,True,Tablet
W0005736,U00411,M00245,2025-11-06 15:04:16.428922,177,False,Mobile
W0005737,U00174,M00267,2025-08-16 15:04:16.428926,49,True,Mobile
W0005738,U00964,M00187,2025-10-08 15:04:16.428930,16,True,Mobile
W0005739,U00158,M00133,2025-10-31 15:04:16.428939,112,False,Mobile
W0005740,U00200,M00020,2025-09-14 15:04:16.428943,23,False,TV
W0005741,U00156,M00254,2026-01-02 15:04:16.428946,86,True,Tablet
W0005742,U00790,M00124,2025-10-12 15:04:16.428950,33,True,Laptop
W0005743,U00190,M00154,2025-08-14 15:04:16.428953,122,False,Laptop
W0005744,U00094,M00269,2025-11-27 15:04:16.428957,137,False,Tablet
W0005745,U00105,M00176,2025-05-14 15:04:16.428961,45,True,Laptop
W0005746,U00531,M00017,2025-08-17 15:04:16.429011,160,True,Laptop
W0005747,U00413,M00275,2025-11-15 15:04:16.429060,177,True,Laptop
W0005748,U00253,M00165,2025-07-04 15:04:16.429065,32,True,Tablet
W0005749,U00058,M00156,2025-06-03 15:04:16.429067,68,False,Laptop
W0005750,U00530,M00170,2025-08-18 15:04:16.429070,154,True,Laptop
W0005751,U00608,M00191,2025-08-12 15:04:16.429072,125,True,Laptop
W0005752,U00316,M00134,2026-01-13 15:04:16.429074,142,True,TV
W0005753,U00428,M00071,2025-08-04 15:04:16.429077,60,True,Tablet
W0005754,U00190,M00146,2025-11-27 15:04:16.429079,164,True,TV
W0005755,U00577,M00174,2025-06-28 15:04:16.429081,171,True,Tablet
W0005756,U00969,M00266,2026-01-27 15:04:16.429095,142,False,Laptop
W0005757,U00792,M00267,2025-10-13 15:04:16.429097,130,True,TV
W0005758,U00336,M00075,2026-04-22 15:04:16.429100,44,True,Laptop
W0005759,U00900,M00132,2025-08-29 15:04:16.429103,70,False,Laptop
W0005760,U00740,M00109,2026-02-15 15:04:16.429105,41,False,Mobile
W0005761,U00013,M00054,2025-09-03 15:04:16.429107,36,False,TV
W0005762,U00968,M00229,2025-10-13 15:04:16.429110,44,True,TV
W0005763,U00220,M00275,2025-12-12 15:04:16.429112,35,False,Tablet
W0005764,U00382,M00210,2026-03-27 15:04:16.429115,78,False,Laptop
W0005765,U00326,M00113,2025-09-10 15:04:16.429117,113,False,TV
W0005766,U00930,M00079,2026-02-04 15:04:16.429119,95,True,Laptop
W0005767,U00498,M00008,2026-01-01 15:04:16.429121,53,False,Tablet
W0005768,U00002,M00219,2025-08-08 15:04:16.429123,161,False,Tablet
W0005769,U00518,M00011,2025-06-09 15:04:16.429125,149,True,TV
W0005770,U00847,M00080,2025-05-16 15:04:16.429127,165,True,Mobile
W0005771,U00039,M00159,2025-06-15 15:04:16.429129,84,False,Tablet
W0005772,U00620,M00055,2025-12-22 15:04:16.429132,140,True,Laptop
W0005773,U00077,M00024,2026-03-04 15:04:16.429134,5,True,Mobile
W0005774,U00377,M00294,2026-01-22 15:04:16.429136,5,False,Tablet
W0005775,U00027,M00281,2025-11-02 15:04:16.429138,97,True,Mobile
W0005776,U00861,M00011,2026-04-21 15:04:16.429140,75,True,TV
W0005777,U00549,M00197,2025-06-18 15:04:16.429142,9,False,TV
W0005778,U00407,M00040,2025-11-13 15:04:16.429146,57,True,Tablet
W0005779,U00980,M00135,2026-02-25 15:04:16.429148,168,True,TV
W0005780,U00921,M00006,2025-05-18 15:04:16.429150,162,True,Tablet
W0005781,U00774,M00024,2025-08-10 15:04:16.429153,106,False,Tablet
W0005782,U00627,M00162,2026-04-19 15:04:16.429181,156,False,Mobile
W0005783,U00888,M00044,2026-04-12 15:04:16.429184,54,False,Laptop
W0005784,U00503,M00226,2025-12-27 15:04:16.429187,73,False,Mobile
W0005785,U00950,M00244,2025-12-18 15:04:16.429189,35,False,TV
W0005786,U00408,M00205,2025-11-06 15:04:16.429191,108,True,TV
W0005787,U00761,M00055,2025-10-16 15:04:16.429194,56,True,TV
W0005788,U00319,M00032,2026-01-27 15:04:16.429198,6,False,Mobile
W0005789,U00484,M00050,2026-01-01 15:04:16.429200,161,True,Mobile
W0005790,U00796,M00090,2026-01-27 15:04:16.429203,160,True,Mobile
W0005791,U00658,M00031,2026-02-03 15:04:16.429205,162,False,TV
W0005792,U00817,M00272,2025-08-02 15:04:16.429207,129,False,Mobile
W0005793,U00275,M00111,2025-07-29 15:04:16.429209,49,True,Tablet
W0005794,U00335,M00186,2026-03-13 15:04:16.429211,94,True,Tablet
W0005795,U00324,M00154,2025-07-02 15:04:16.429214,109,False,Tablet
W0005796,U00245,M00212,2025-10-06 15:04:16.429216,139,True,TV
W0005797,U00859,M00012,2025-11-08 15:04:16.429219,26,False,Tablet
W0005798,U00712,M00143,2026-03-16 15:04:16.429222,7,True,Tablet
W0005799,U00355,M00025,2025-05-13 15:04:16.429224,118,False,Tablet
W0005800,U00414,M00041,2025-07-26 15:04:16.429226,124,True,Tablet
W0005801,U00770,M00106,2025-12-12 15:04:16.429228,130,False,Tablet
W0005802,U00554,M00010,2025-10-27 15:04:16.429230,131,True,TV
W0005803,U00501,M00036,2026-04-11 15:04:16.429233,112,True,Mobile
W0005804,U00578,M00227,2025-06-13 15:04:16.429235,141,True,Mobile
W0005805,U00469,M00229,2025-06-04 15:04:16.429237,108,True,Tablet
W0005806,U00116,M00176,2025-07-31 15:04:16.429239,130,True,Mobile
W0005807,U00072,M00163,2025-06-16 15:04:16.429241,77,True,TV
W0005808,U00931,M00155,2025-07-30 15:04:16.429243,21,True,Laptop
W0005809,U00627,M00065,2026-04-05 15:04:16.429313,38,False,Tablet
W0005810,U00713,M00021,2025-06-20 15:04:16.429320,164,True,TV
W0005811,U00005,M00140,2026-02-05 15:04:16.429323,134,True,Laptop
W0005812,U00494,M00259,2026-03-01 15:04:16.429326,70,True,Tablet
W0005813,U00432,M00052,2026-01-09 15:04:16.429329,168,True,Mobile
W0005814,U00617,M00260,2025-10-19 15:04:16.429332,8,False,TV
W0005815,U00865,M00249,2025-10-12 15:04:16.429334,85,False,TV
W0005816,U00518,M00193,2025-06-22 15:04:16.429336,114,False,Mobile
W0005817,U00795,M00234,2026-02-04 15:04:16.429343,38,True,Mobile
W0005818,U00580,M00288,2026-04-08 15:04:16.429346,130,True,Laptop
W0005819,U00370,M00105,2026-02-17 15:04:16.429349,96,False,Mobile
W0005820,U00708,M00115,2026-03-21 15:04:16.429351,118,True,Laptop
W0005821,U00966,M00009,2025-11-06 15:04:16.429353,141,False,Tablet
W0005822,U00895,M00008,2025-05-30 15:04:16.429356,5,False,TV
W0005823,U00803,M00110,2025-12-10 15:04:16.429358,59,True,Tablet
W0005824,U00904,M00042,2026-01-13 15:04:16.429360,151,True,Mobile
W0005825,U00469,M00055,2025-09-01 15:04:16.429362,111,True,Laptop
W0005826,U00749,M00271,2026-03-23 15:04:16.429364,14,False,Tablet
W0005827,U00905,M00264,2025-06-09 15:04:16.429366,13,True,Laptop
W0005828,U00881,M00201,2025-12-10 15:04:16.429368,179,True,Tablet
W0005829,U00178,M00258,2025-05-20 15:04:16.429370,71,True,Laptop
W0005830,U00515,M00007,2025-11-21 15:04:16.429373,37,True,Mobile
W0005831,U00705,M00129,2026-03-28 15:04:16.429375,132,True,Laptop
W0005832,U00139,M00257,2025-08-05 15:04:16.429377,29,False,TV
W0005833,U00010,M00093,2025-06-23 15:04:16.429379,124,False,Laptop
W0005834,U00959,M00106,2025-12-06 15:04:16.429382,85,False,Laptop
W0005835,U00776,M00289,2025-06-30 15:04:16.429384,70,True,TV
W0005836,U00075,M00055,2025-09-03 15:04:16.429389,152,False,TV
W0005837,U00982,M00254,2026-04-19 15:04:16.429392,98,False,Laptop
W0005838,U00361,M00050,2026-02-09 15:04:16.429394,139,True,Laptop
W0005839,U00737,M00063,2026-04-22 15:04:16.429396,175,True,Tablet
W0005840,U00506,M00112,2025-08-27 15:04:16.429399,151,False,Mobile
W0005841,U00396,M00252,2025-11-11 15:04:16.429401,94,True,Mobile
W0005842,U00343,M00007,2026-02-08 15:04:16.429403,7,True,Tablet
W0005843,U00772,M00006,2025-10-31 15:04:16.429405,90,True,Mobile
W0005844,U00780,M00091,2025-09-18 15:04:16.429407,83,False,Laptop
W0005845,U00061,M00152,2026-01-10 15:04:16.429409,86,True,Mobile
W0005846,U00791,M00075,2026-01-16 15:04:16.429412,24,True,Tablet
W0005847,U00393,M00010,2025-09-20 15:04:16.429414,18,False,Mobile
W0005848,U00647,M00033,2025-05-13 15:04:16.429416,11,False,Laptop
W0005849,U00300,M00228,2026-02-20 15:04:16.429418,112,False,TV
W0005850,U00260,M00014,2025-11-10 15:04:16.429421,29,False,TV
W0005851,U00721,M00104,2025-09-26 15:04:16.429424,43,True,Mobile
W0005852,U00222,M00156,2026-03-13 15:04:16.429428,95,True,Tablet
W0005853,U00891,M00150,2025-10-07 15:04:16.429430,34,False,Laptop
W0005854,U00958,M00073,2025-11-23 15:04:16.429433,48,True,Mobile
W0005855,U00428,M00298,2025-08-27 15:04:16.429435,49,False,Laptop
W0005856,U00929,M00256,2025-09-26 15:04:16.429439,89,True,TV
W0005857,U00929,M00094,2025-11-09 15:04:16.429442,126,False,Laptop
W0005858,U00346,M00146,2025-05-10 15:04:16.429445,157,True,Mobile
W0005859,U00186,M00091,2025-06-23 15:04:16.429447,173,False,TV
W0005860,U00004,M00228,2025-10-31 15:04:16.429449,111,True,TV
W0005861,U00975,M00079,2025-11-11 15:04:16.429451,110,True,Mobile
W0005862,U00686,M00033,2025-07-08 15:04:16.429454,96,False,Mobile
W0005863,U00867,M00281,2025-06-15 15:04:16.429456,54,False,TV
W0005864,U00600,M00162,2026-02-02 15:04:16.429459,64,False,Mobile
W0005865,U00432,M00011,2026-03-20 15:04:16.429461,119,True,TV
W0005866,U00389,M00285,2025-10-13 15:04:16.429464,57,False,Mobile
W0005867,U00630,M00216,2025-12-11 15:04:16.429466,95,False,Tablet
W0005868,U00789,M00283,2025-10-02 15:04:16.429468,74,True,TV
W0005869,U00073,M00006,2025-10-10 15:04:16.429470,18,True,Mobile
W0005870,U00049,M00096,2025-12-27 15:04:16.429472,38,False,Mobile
W0005871,U00908,M00069,2026-01-13 15:04:16.429475,39,True,Laptop
W0005872,U00609,M00126,2025-08-19 15:04:16.429477,164,True,TV
W0005873,U00850,M00250,2026-03-16 15:04:16.429480,179,False,Mobile
W0005874,U00747,M00232,2025-10-25 15:04:16.429482,21,True,Tablet
W0005875,U00636,M00180,2025-12-01 15:04:16.429487,47,True,Mobile
W0005876,U00365,M00099,2026-02-11 15:04:16.429491,31,False,Mobile
W0005877,U00427,M00002,2025-09-11 15:04:16.429495,180,False,Mobile
W0005878,U00538,M00205,2025-09-20 15:04:16.429497,82,True,Laptop
W0005879,U00760,M00043,2026-02-10 15:04:16.429500,89,False,Mobile
W0005880,U00578,M00102,2026-03-30 15:04:16.429564,99,True,Tablet
W0005881,U00222,M00090,2025-10-05 15:04:16.429576,60,True,Tablet
W0005882,U00986,M00109,2026-02-15 15:04:16.429581,50,True,Mobile
W0005883,U00784,M00012,2025-11-02 15:04:16.429588,115,False,TV
W0005884,U00815,M00175,2025-10-27 15:04:16.429591,102,True,Mobile
W0005885,U00143,M00080,2026-04-18 15:04:16.429594,44,True,TV
W0005886,U00377,M00298,2025-07-23 15:04:16.429596,59,True,Tablet
W0005887,U00911,M00124,2025-11-02 15:04:16.429599,10,False,Laptop
W0005888,U00329,M00265,2026-03-04 15:04:16.429601,117,False,TV
W0005889,U00496,M00289,2025-05-24 15:04:16.429604,24,True,TV
W0005890,U00542,M00075,2026-01-14 15:04:16.429608,113,False,Laptop
W0005891,U00828,M00137,2025-09-13 15:04:16.429610,107,False,Laptop
W0005892,U00155,M00050,2026-03-13 15:04:16.429613,28,True,Mobile
W0005893,U00452,M00248,2025-09-07 15:04:16.429615,76,True,Laptop
W0005894,U00005,M00160,2026-03-09 15:04:16.429618,155,False,Tablet
W0005895,U00670,M00221,2026-03-06 15:04:16.429623,176,False,Tablet
W0005896,U00476,M00200,2025-10-17 15:04:16.429626,156,False,Tablet
W0005897,U00903,M00042,2025-06-28 15:04:16.429628,97,True,Laptop
W0005898,U00207,M00072,2025-08-23 15:04:16.429630,22,True,Laptop
W0005899,U00253,M00152,2025-08-09 15:04:16.429633,176,True,TV
W0005900,U00124,M00054,2025-06-16 15:04:16.429696,69,True,Mobile
W0005901,U00783,M00027,2025-11-26 15:04:16.429705,72,False,Tablet
W0005902,U00362,M00254,2025-10-23 15:04:16.429810,143,True,TV
W0005903,U00266,M00206,2025-05-09 15:04:16.429817,127,True,Tablet
W0005904,U00523,M00024,2025-10-09 15:04:16.429822,120,False,TV
W0005905,U00889,M00200,2025-09-23 15:04:16.429825,112,True,Tablet
W0005906,U00737,M00035,2026-03-10 15:04:16.429827,151,False,Mobile
W0005907,U00154,M00025,2025-12-05 15:04:16.429829,29,True,Mobile
W0005908,U00908,M00008,2026-01-25 15:04:16.429832,55,True,Laptop
W0005909,U00836,M00121,2026-02-15 15:04:16.429834,179,True,Laptop
W0005910,U00810,M00282,2025-07-18 15:04:16.429837,160,True,Tablet
W0005911,U00817,M00137,2025-05-25 15:04:16.429839,81,False,TV
W0005912,U00541,M00125,2025-11-26 15:04:16.429842,24,True,TV
W0005913,U00019,M00061,2026-03-31 15:04:16.429845,108,False,Tablet
W0005914,U00896,M00247,2025-08-10 15:04:16.429850,127,False,Mobile
W0005915,U00199,M00274,2025-11-19 15:04:16.429855,134,True,Laptop
W0005916,U00327,M00219,2026-02-28 15:04:16.429857,90,False,Laptop
W0005917,U00849,M00086,2025-09-11 15:04:16.429860,31,True,TV
W0005918,U00179,M00208,2026-04-07 15:04:16.429862,134,False,TV
W0005919,U00317,M00133,2025-08-19 15:04:16.429865,25,False,TV
W0005920,U00755,M00212,2025-08-19 15:04:16.429867,132,False,Mobile
W0005921,U00688,M00251,2025-11-30 15:04:16.429869,48,True,Mobile
W0005922,U00082,M00207,2025-08-12 15:04:16.429871,6,True,Laptop
W0005923,U00429,M00058,2025-08-20 15:04:16.429873,161,True,TV
W0005924,U00321,M00082,2025-12-06 15:04:16.429876,65,True,Tablet
W0005925,U00604,M00071,2025-12-08 15:04:16.429878,64,False,Laptop
W0005926,U00200,M00220,2025-09-22 15:04:16.429880,157,True,TV
W0005927,U00244,M00067,2025-09-02 15:04:16.429882,35,False,TV
W0005928,U00101,M00062,2025-05-19 15:04:16.429884,104,False,Laptop
W0005929,U00381,M00183,2025-05-22 15:04:16.429887,175,True,Tablet
W0005930,U00085,M00258,2025-09-05 15:04:16.429889,134,True,Mobile
W0005931,U00184,M00129,2026-05-06 15:04:16.429891,149,False,Laptop
W0005932,U00535,M00006,2025-09-21 15:04:16.429893,47,False,TV
W0005933,U00157,M00253,2025-09-19 15:04:16.429895,30,False,Mobile
W0005934,U00760,M00205,2025-10-01 15:04:16.429899,19,False,TV
W0005935,U00254,M00058,2026-03-15 15:04:16.429901,98,True,Laptop
W0005936,U00098,M00082,2025-11-18 15:04:16.429904,129,False,Tablet
W0005937,U00900,M00222,2025-06-18 15:04:16.429906,121,False,TV
W0005938,U00938,M00230,2026-04-22 15:04:16.429908,70,True,Laptop
W0005939,U00130,M00076,2025-08-30 15:04:16.429911,116,False,Mobile
W0005940,U00295,M00168,2025-07-07 15:04:16.429914,153,True,Mobile
W0005941,U00904,M00246,2025-09-11 15:04:16.429916,103,True,Laptop
W0005942,U00340,M00135,2025-05-31 15:04:16.429919,102,True,Mobile
W0005943,U00466,M00101,2025-12-07 15:04:16.429921,49,True,Tablet
W0005944,U00824,M00076,2025-08-23 15:04:16.429923,175,False,Mobile
W0005945,U00891,M00039,2026-03-10 15:04:16.429925,147,False,TV
W0005946,U00924,M00269,2025-05-10 15:04:16.429928,109,False,Laptop
W0005947,U00889,M00128,2025-12-12 15:04:16.429932,126,True,Tablet
W0005948,U00558,M00137,2025-09-25 15:04:16.429934,63,False,Laptop
W0005949,U00857,M00123,2025-10-16 15:04:16.429936,85,True,Laptop
W0005950,U00191,M00227,2026-05-09 15:04:16.429992,88,False,TV
W0005951,U00034,M00260,2025-11-12 15:04:16.430011,130,True,TV
W0005952,U00549,M00120,2026-01-09 15:04:16.430017,169,True,TV
W0005953,U00761,M00001,2025-08-05 15:04:16.430035,89,True,Mobile
W0005954,U00443,M00036,2026-04-19 15:04:16.430041,82,True,TV
W0005955,U00505,M00281,2025-12-30 15:04:16.430046,7,True,Laptop
W0005956,U00789,M00173,2026-05-04 15:04:16.430051,49,True,Tablet
W0005957,U00641,M00157,2025-08-26 15:04:16.430056,80,True,Tablet
W0005958,U00659,M00113,2026-03-02 15:04:16.430060,166,True,TV
W0005959,U00661,M00027,2026-04-20 15:04:16.430065,73,False,Tablet
W0005960,U00038,M00190,2026-01-01 15:04:16.430069,92,True,TV
W0005961,U00402,M00162,2025-11-07 15:04:16.430073,122,False,TV
W0005962,U00231,M00158,2025-10-29 15:04:16.430077,99,True,TV
W0005963,U00259,M00111,2025-11-08 15:04:16.430081,79,True,Tablet
W0005964,U00586,M00294,2025-08-13 15:04:16.430086,76,True,Laptop
W0005965,U00827,M00267,2025-11-01 15:04:16.430090,89,False,TV
W0005966,U00953,M00278,2025-07-28 15:04:16.430095,180,True,Tablet
W0005967,U00271,M00153,2026-04-05 15:04:16.430099,100,True,TV
W0005968,U00592,M00207,2026-04-27 15:04:16.430104,41,False,Laptop
W0005969,U00724,M00039,2025-08-13 15:04:16.430108,24,True,Laptop
W0005970,U00888,M00293,2025-09-05 15:04:16.430112,52,False,Tablet
W0005971,U00627,M00066,2026-02-13 15:04:16.430117,123,False,Laptop
W0005972,U00941,M00103,2026-03-30 15:04:16.430122,141,True,TV
W0005973,U00433,M00069,2026-03-14 15:04:16.430134,11,True,Tablet
W0005974,U00684,M00292,2025-11-23 15:04:16.430142,46,False,TV
W0005975,U00072,M00078,2026-05-08 15:04:16.430147,75,True,TV
W0005976,U00715,M00104,2026-01-26 15:04:16.430151,136,True,TV
W0005977,U00594,M00214,2025-08-24 15:04:16.430155,33,False,Mobile
W0005978,U00012,M00102,2025-07-14 15:04:16.430159,105,True,Tablet
W0005979,U00863,M00119,2025-12-14 15:04:16.430170,129,False,Mobile
W0005980,U00745,M00208,2025-06-23 15:04:16.430211,158,True,Laptop
W0005981,U00071,M00271,2025-07-18 15:04:16.430222,148,False,Tablet
W0005982,U00367,M00280,2025-06-07 15:04:16.430224,91,False,Tablet
W0005983,U00937,M00186,2025-06-12 15:04:16.430227,82,False,Mobile
W0005984,U00203,M00098,2025-07-29 15:04:16.430230,96,True,Mobile
W0005985,U00589,M00291,2026-05-02 15:04:16.430232,172,False,Laptop
W0005986,U00797,M00183,2025-08-17 15:04:16.430234,120,False,Mobile
W0005987,U00991,M00108,2026-05-02 15:04:16.430236,76,True,Mobile
W0005988,U00808,M00098,2025-06-11 15:04:16.430246,87,False,TV
W0005989,U00339,M00136,2025-11-21 15:04:16.430248,122,True,Laptop
W0005990,U00664,M00022,2025-07-06 15:04:16.430251,168,False,Laptop
W0005991,U00318,M00250,2026-03-28 15:04:16.430253,8,False,TV
W0005992,U00909,M00082,2025-11-01 15:04:16.430258,37,True,Tablet
W0005993,U00444,M00082,2026-02-28 15:04:16.430260,13,False,TV
W0005994,U00346,M00247,2026-05-04 15:04:16.430262,111,True,Mobile
W0005995,U00803,M00085,2025-12-06 15:04:16.430264,106,False,Laptop
W0005996,U00055,M00270,2026-03-06 15:04:16.430266,108,True,TV
W0005997,U00575,M00063,2026-05-08 15:04:16.430268,49,False,Tablet
W0005998,U00637,M00040,2025-06-23 15:04:16.430271,19,True,Tablet
W0005999,U00169,M00088,2026-02-18 15:04:16.430272,6,True,Tablet
W0006000,U00076,M00191,2026-03-29 15:04:16.430275,122,True,Tablet
W0006001,U00654,M00077,2025-07-05 15:04:16.430277,69,False,TV
W0006002,U00294,M00152,2026-03-01 15:04:16.430279,65,False,Tablet
W0006003,U00019,M00120,2026-01-12 15:04:16.430281,144,True,Mobile
W0006004,U00941,M00224,2025-10-18 15:04:16.430283,104,False,TV
W0006005,U00658,M00119,2026-04-30 15:04:16.430285,9,True,Tablet
W0006006,U00261,M00087,2025-12-16 15:04:16.430287,172,False,Mobile
W0006007,U00862,M00128,2025-06-10 15:04:16.430290,139,False,Tablet
W0006008,U00353,M00208,2026-03-11 15:04:16.430292,21,True,TV
W0006009,U00279,M00054,2026-02-14 15:04:16.430294,138,False,TV
W0006010,U00496,M00131,2025-08-05 15:04:16.430297,80,True,Mobile
W0006011,U00075,M00010,2025-09-06 15:04:16.430300,42,True,Tablet
W0006012,U00099,M00131,2025-06-20 15:04:16.430303,63,False,TV
W0006013,U00251,M00292,2026-01-05 15:04:16.430306,130,False,Mobile
W0006014,U00013,M00126,2025-09-22 15:04:16.430308,92,True,TV
W0006015,U00660,M00113,2026-03-17 15:04:16.430310,129,True,Mobile
W0006016,U00556,M00056,2026-04-05 15:04:16.430312,120,True,Laptop
W0006017,U00198,M00239,2026-04-10 15:04:16.430314,36,False,Mobile
W0006018,U00627,M00106,2025-09-05 15:04:16.430316,91,True,Laptop
W0006019,U00498,M00073,2025-10-12 15:04:16.430319,15,False,TV
W0006020,U00557,M00096,2026-03-27 15:04:16.430321,31,True,Tablet
W0006021,U00130,M00269,2026-01-18 15:04:16.430323,168,False,Laptop
W0006022,U00438,M00226,2026-03-05 15:04:16.430325,50,False,Tablet
W0006023,U00625,M00259,2025-12-12 15:04:16.430327,100,True,Mobile
W0006024,U00087,M00006,2025-10-16 15:04:16.430329,58,True,Tablet
W0006025,U00047,M00150,2025-07-29 15:04:16.430331,60,True,Laptop
W0006026,U00405,M00273,2025-12-11 15:04:16.430333,146,True,TV
W0006027,U00160,M00171,2025-09-04 15:04:16.430335,137,True,Tablet
W0006028,U00485,M00006,2025-08-28 15:04:16.430337,152,True,TV
W0006029,U00634,M00079,2025-09-02 15:04:16.430339,18,True,Tablet
W0006030,U00393,M00267,2025-11-01 15:04:16.430341,136,False,Tablet
W0006031,U00739,M00162,2026-01-02 15:04:16.430344,101,False,Mobile
W0006032,U00163,M00115,2025-10-12 15:04:16.430346,62,True,Laptop
W0006033,U00268,M00111,2026-01-15 15:04:16.430348,79,False,TV
W0006034,U00985,M00141,2025-11-17 15:04:16.430351,6,True,Laptop
W0006035,U00982,M00143,2025-05-30 15:04:16.430353,64,False,Mobile
W0006036,U00523,M00004,2025-07-07 15:04:16.430355,27,True,Mobile
W0006037,U00519,M00056,2025-11-20 15:04:16.430357,52,True,Laptop
W0006038,U00731,M00257,2025-11-16 15:04:16.430359,178,False,Mobile
W0006039,U00284,M00008,2026-02-17 15:04:16.430361,13,False,Laptop
W0006040,U00053,M00233,2025-10-02 15:04:16.430363,40,True,Tablet
W0006041,U00501,M00127,2025-09-04 15:04:16.430365,166,False,Tablet
W0006042,U00027,M00171,2025-10-08 15:04:16.430367,117,True,Laptop
W0006043,U00385,M00175,2026-01-20 15:04:16.430370,167,False,Mobile
W0006044,U00446,M00168,2026-03-19 15:04:16.430373,144,False,Mobile
W0006045,U00166,M00198,2025-11-21 15:04:16.430375,98,True,TV
W0006046,U00841,M00121,2025-08-03 15:04:16.430377,114,False,TV
W0006047,U00417,M00250,2026-04-08 15:04:16.430379,119,True,Tablet
W0006048,U00543,M00084,2025-11-04 15:04:16.430381,122,True,Tablet
W0006049,U00855,M00150,2025-11-10 15:04:16.430383,137,True,Laptop
W0006050,U00757,M00195,2026-01-10 15:04:16.430385,117,True,Laptop
W0006051,U00320,M00263,2025-05-24 15:04:16.430388,72,True,Mobile
W0006052,U00813,M00056,2025-11-21 15:04:16.430390,97,True,Tablet
W0006053,U00585,M00106,2026-02-18 15:04:16.430392,81,False,Laptop
W0006054,U00147,M00136,2025-08-31 15:04:16.430394,54,True,Tablet
W0006055,U00093,M00141,2025-10-08 15:04:16.430397,124,False,Mobile
W0006056,U00216,M00158,2025-12-24 15:04:16.430399,77,True,TV
W0006057,U00764,M00271,2026-01-08 15:04:16.430401,180,False,Laptop
W0006058,U00128,M00054,2025-05-29 15:04:16.430403,62,False,Mobile
W0006059,U00432,M00212,2026-02-28 15:04:16.430405,31,True,Mobile
W0006060,U00583,M00274,2026-03-15 15:04:16.430407,51,True,Laptop
W0006061,U00647,M00262,2025-09-13 15:04:16.430410,141,False,Mobile
W0006062,U00371,M00219,2025-11-01 15:04:16.430412,165,False,Tablet
W0006063,U00419,M00005,2026-04-09 15:04:16.430414,104,False,Mobile
W0006064,U00820,M00256,2026-01-18 15:04:16.430416,31,True,Laptop
W0006065,U00476,M00210,2025-12-24 15:04:16.430418,24,True,Laptop
W0006066,U00705,M00299,2026-05-02 15:04:16.430420,159,True,Laptop
W0006067,U00811,M00094,2025-10-16 15:04:16.430422,43,True,Laptop
W0006068,U00511,M00083,2026-02-14 15:04:16.430424,175,True,TV
W0006069,U00886,M00112,2026-04-26 15:04:16.430426,48,False,Laptop
W0006070,U00277,M00040,2025-09-29 15:04:16.430430,40,True,Tablet
W0006071,U00190,M00192,2025-08-01 15:04:16.430432,84,True,Tablet
W0006072,U00329,M00214,2026-03-02 15:04:16.430495,152,True,Tablet
W0006073,U00091,M00211,2026-01-28 15:04:16.430500,11,False,Laptop
W0006074,U00748,M00029,2025-07-23 15:04:16.430504,5,True,Laptop
W0006075,U00482,M00299,2025-07-20 15:04:16.430506,101,True,Tablet
W0006076,U00675,M00052,2025-11-27 15:04:16.430509,35,False,Laptop
W0006077,U00828,M00081,2026-01-15 15:04:16.430511,164,True,TV
W0006078,U00264,M00177,2025-07-09 15:04:16.430513,144,True,TV
W0006079,U00663,M00134,2025-08-03 15:04:16.430515,147,True,Mobile
W0006080,U00143,M00271,2026-01-08 15:04:16.430517,113,True,Laptop
W0006081,U00557,M00139,2026-02-03 15:04:16.430519,56,True,Laptop
W0006082,U00362,M00174,2025-09-22 15:04:16.430521,64,True,Mobile
W0006083,U00612,M00163,2025-11-28 15:04:16.430523,35,True,Laptop
W0006084,U00750,M00203,2025-09-07 15:04:16.430525,100,False,Tablet
W0006085,U00970,M00171,2025-11-18 15:04:16.430527,97,False,Mobile
W0006086,U00523,M00215,2025-08-11 15:04:16.430529,171,True,TV
W0006087,U00898,M00174,2025-09-11 15:04:16.430532,55,False,TV
W0006088,U00106,M00230,2026-02-19 15:04:16.430534,108,True,Mobile
W0006089,U00299,M00204,2025-07-02 15:04:16.430536,126,True,Tablet
W0006090,U00124,M00076,2026-02-24 15:04:16.430539,94,True,Mobile
W0006091,U00836,M00270,2025-06-28 15:04:16.430541,123,True,Laptop
W0006092,U00100,M00277,2025-11-07 15:04:16.430543,77,False,Tablet
W0006093,U00454,M00258,2026-01-19 15:04:16.430545,134,True,Mobile
W0006094,U00042,M00127,2025-08-17 15:04:16.430547,146,True,TV
W0006095,U00024,M00288,2025-10-12 15:04:16.430550,164,True,Mobile
W0006096,U00157,M00296,2025-09-06 15:04:16.430552,132,True,Tablet
W0006097,U00749,M00117,2026-01-03 15:04:16.430554,127,False,Tablet
W0006098,U00148,M00148,2025-10-12 15:04:16.430556,174,False,TV
W0006099,U00146,M00187,2025-07-10 15:04:16.430558,26,False,Laptop
W0006100,U00524,M00107,2026-03-09 15:04:16.430560,119,False,Laptop
W0006101,U00346,M00003,2025-07-04 15:04:16.430562,90,False,Tablet
W0006102,U00311,M00097,2025-05-24 15:04:16.430564,36,False,TV
W0006103,U00887,M00284,2025-12-24 15:04:16.430566,146,True,TV
W0006104,U00471,M00264,2026-03-17 15:04:16.430568,78,False,Tablet
W0006105,U00082,M00171,2025-05-10 15:04:16.430570,98,False,Laptop
W0006106,U00368,M00153,2026-04-17 15:04:16.430575,157,True,Tablet
W0006107,U00635,M00264,2026-01-08 15:04:16.430577,152,True,Tablet
W0006108,U00465,M00252,2026-04-07 15:04:16.430579,176,True,Mobile
W0006109,U00332,M00192,2025-10-09 15:04:16.430582,13,True,Laptop
W0006110,U00091,M00180,2025-10-13 15:04:16.430585,51,True,Tablet
W0006111,U00849,M00089,2025-06-05 15:04:16.430587,61,True,Mobile
W0006112,U00687,M00250,2026-04-05 15:04:16.430589,125,True,Mobile
W0006113,U00511,M00266,2025-10-24 15:04:16.430591,111,False,TV
W0006114,U00710,M00142,2025-12-26 15:04:16.430593,87,False,Laptop
W0006115,U00046,M00252,2026-03-19 15:04:16.430595,124,True,Laptop
W0006116,U00880,M00259,2025-10-17 15:04:16.430597,168,False,Tablet
W0006117,U00114,M00155,2025-11-21 15:04:16.430599,106,False,TV
W0006118,U00049,M00110,2025-07-02 15:04:16.430601,55,False,Laptop
W0006119,U00066,M00017,2025-07-21 15:04:16.430603,165,True,Mobile
W0006120,U00583,M00093,2026-02-21 15:04:16.430605,165,True,Tablet
W0006121,U00478,M00052,2025-06-28 15:04:16.430607,98,True,TV
W0006122,U00775,M00178,2025-12-26 15:04:16.430609,91,False,Laptop
W0006123,U00814,M00154,2026-03-31 15:04:16.430611,162,False,Mobile
W0006124,U00091,M00076,2025-07-20 15:04:16.430613,126,True,Tablet
W0006125,U00809,M00045,2025-10-08 15:04:16.430615,52,True,TV
W0006126,U00007,M00132,2026-05-08 15:04:16.430618,74,True,Laptop
W0006127,U00671,M00200,2025-10-24 15:04:16.430620,67,True,TV
W0006128,U00600,M00077,2026-03-17 15:04:16.430622,77,False,TV
W0006129,U00507,M00248,2025-12-31 15:04:16.430625,84,True,Mobile
W0006130,U00921,M00124,2025-11-11 15:04:16.430627,147,False,Laptop
W0006131,U00275,M00131,2026-01-05 15:04:16.430629,19,False,Mobile
W0006132,U00676,M00060,2026-02-12 15:04:16.430631,92,False,Mobile
W0006133,U00132,M00106,2025-12-11 15:04:16.430634,71,False,Laptop
W0006134,U00705,M00064,2026-03-17 15:04:16.430636,82,False,TV
W0006135,U00860,M00264,2026-01-13 15:04:16.430638,169,True,Tablet
W0006136,U00047,M00157,2025-08-05 15:04:16.430640,126,True,TV
W0006137,U00931,M00178,2025-05-25 15:04:16.430642,78,True,Mobile
W0006138,U00738,M00252,2025-07-28 15:04:16.430645,96,True,Laptop
W0006139,U00641,M00290,2026-03-26 15:04:16.430647,92,False,TV
W0006140,U00827,M00052,2025-11-18 15:04:16.430650,131,True,Tablet
W0006141,U00854,M00170,2025-12-26 15:04:16.430652,60,False,Laptop
W0006142,U00154,M00012,2025-10-14 15:04:16.430654,143,True,Laptop
W0006143,U00049,M00166,2025-06-24 15:04:16.430656,89,True,Tablet
W0006144,U00710,M00099,2026-02-04 15:04:16.430658,8,True,Laptop
W0006145,U00938,M00227,2026-01-06 15:04:16.430660,30,True,Tablet
W0006146,U00761,M00230,2026-01-18 15:04:16.430662,85,True,Mobile
W0006147,U00869,M00230,2025-07-07 15:04:16.430664,97,True,Tablet
W0006148,U00090,M00010,2025-11-23 15:04:16.430667,11,False,TV
W0006149,U00969,M00024,2025-06-29 15:04:16.430670,34,True,Tablet
W0006150,U00213,M00122,2025-09-02 15:04:16.430672,130,True,TV
W0006151,U00046,M00199,2026-01-08 15:04:16.430674,80,True,Laptop
W0006152,U00158,M00159,2025-12-09 15:04:16.430676,162,True,Mobile
W0006153,U00450,M00124,2025-06-24 15:04:16.430678,105,False,Laptop
W0006154,U00171,M00281,2026-02-13 15:04:16.430680,104,False,TV
W0006155,U00757,M00183,2025-10-16 15:04:16.430681,141,False,Mobile
W0006156,U00893,M00072,2026-03-14 15:04:16.430683,151,True,Laptop
W0006157,U00473,M00048,2026-04-17 15:04:16.430688,21,True,Tablet
W0006158,U00214,M00212,2026-01-19 15:04:16.430690,94,False,Tablet
W0006159,U00773,M00160,2025-09-19 15:04:16.430692,38,True,Mobile
W0006160,U00698,M00160,2025-08-09 15:04:16.430694,141,False,TV
W0006161,U00079,M00134,2026-02-18 15:04:16.430696,137,True,Tablet
W0006162,U00655,M00179,2026-04-06 15:04:16.430698,97,False,Mobile
W0006163,U00839,M00271,2026-04-03 15:04:16.430700,180,False,Laptop
W0006164,U00387,M00146,2025-08-19 15:04:16.430702,5,True,Mobile
W0006165,U00807,M00033,2026-03-13 15:04:16.430704,15,True,TV
W0006166,U00387,M00156,2025-09-28 15:04:16.430706,124,False,Laptop
W0006167,U00801,M00247,2025-08-13 15:04:16.430708,55,True,Mobile
W0006168,U00415,M00267,2026-03-29 15:04:16.430711,134,True,TV
W0006169,U00907,M00128,2025-10-26 15:04:16.430713,26,False,Mobile
W0006170,U00447,M00022,2025-10-11 15:04:16.430716,47,False,Laptop
W0006171,U00832,M00051,2025-06-24 15:04:16.430719,42,True,Laptop
W0006172,U00610,M00200,2026-01-16 15:04:16.430721,125,True,Tablet
W0006173,U00815,M00007,2025-12-31 15:04:16.430723,121,False,Mobile
W0006174,U00386,M00224,2026-03-03 15:04:16.430725,169,True,Laptop
W0006175,U00404,M00179,2025-06-12 15:04:16.430727,156,False,TV
W0006176,U00711,M00155,2026-01-28 15:04:16.430729,51,True,Mobile
W0006177,U00897,M00249,2025-06-28 15:04:16.430731,130,True,TV
W0006178,U00642,M00158,2025-12-28 15:04:16.430733,130,False,Tablet
W0006179,U00759,M00085,2025-05-22 15:04:16.430735,114,False,Mobile
W0006180,U00859,M00163,2025-06-14 15:04:16.430737,81,True,Mobile
W0006181,U00467,M00008,2025-10-21 15:04:16.430739,13,False,TV
W0006182,U00244,M00211,2026-01-20 15:04:16.430741,46,False,Laptop
W0006183,U00248,M00067,2025-06-29 15:04:16.430743,87,False,TV
W0006184,U00788,M00224,2025-12-04 15:04:16.430744,145,True,TV
W0006185,U00150,M00034,2025-08-18 15:04:16.430746,47,True,Laptop
W0006186,U00555,M00134,2025-08-19 15:04:16.430748,133,True,Laptop
W0006187,U00539,M00116,2026-02-14 15:04:16.430751,8,True,Mobile
W0006188,U00844,M00172,2025-08-27 15:04:16.430754,82,True,TV
W0006189,U00571,M00092,2025-08-06 15:04:16.430756,95,False,Tablet
W0006190,U00154,M00041,2026-03-11 15:04:16.430758,159,False,TV
W0006191,U00572,M00165,2025-07-09 15:04:16.430760,78,True,TV
W0006192,U00840,M00075,2026-05-04 15:04:16.430762,136,False,TV
W0006193,U00909,M00017,2026-02-22 15:04:16.430764,31,False,TV
W0006194,U00105,M00196,2025-09-18 15:04:16.430766,27,False,TV
W0006195,U00399,M00184,2025-07-27 15:04:16.430768,165,True,TV
W0006196,U00437,M00282,2025-11-03 15:04:16.430770,8,False,Mobile
W0006197,U00017,M00049,2025-09-06 15:04:16.430772,15,True,TV
W0006198,U00205,M00282,2025-07-03 15:04:16.430774,107,True,TV
W0006199,U00688,M00034,2025-12-07 15:04:16.430776,97,False,Laptop
W0006200,U00475,M00139,2025-06-09 15:04:16.430778,53,False,Laptop
W0006201,U00263,M00183,2026-04-09 15:04:16.430780,19,False,Laptop
W0006202,U00363,M00026,2026-04-09 15:04:16.430784,11,True,Laptop
W0006203,U00218,M00172,2025-09-01 15:04:16.430786,87,True,Mobile
W0006204,U00448,M00281,2025-12-23 15:04:16.430788,139,True,Mobile
W0006205,U00442,M00019,2025-11-20 15:04:16.430790,118,False,Tablet
W0006206,U00623,M00115,2025-05-23 15:04:16.430792,25,True,Mobile
W0006207,U00115,M00021,2025-10-11 15:04:16.430795,165,True,Tablet
W0006208,U00373,M00067,2025-06-20 15:04:16.430797,134,False,Tablet
W0006209,U00072,M00022,2025-09-19 15:04:16.430800,61,True,Mobile
W0006210,U00227,M00200,2025-12-23 15:04:16.430801,28,True,Tablet
W0006211,U00444,M00125,2025-10-28 15:04:16.430803,38,False,TV
W0006212,U00117,M00021,2025-09-08 15:04:16.430805,139,True,TV
W0006213,U00537,M00129,2025-11-30 15:04:16.430807,7,True,Mobile
W0006214,U00210,M00035,2025-09-21 15:04:16.430809,175,False,Tablet
W0006215,U00251,M00184,2026-02-14 15:04:16.430811,176,True,Tablet
W0006216,U00977,M00270,2026-01-25 15:04:16.430813,79,True,Laptop
W0006217,U00781,M00065,2025-06-24 15:04:16.430815,148,False,Tablet
W0006218,U00638,M00129,2025-11-18 15:04:16.430817,53,True,Laptop
W0006219,U00746,M00279,2026-01-11 15:04:16.430819,105,False,Mobile
W0006220,U00055,M00172,2026-03-30 15:04:16.430821,58,False,Laptop
W0006221,U00320,M00070,2025-10-20 15:04:16.430823,176,False,Mobile
W0006222,U00898,M00069,2025-12-28 15:04:16.430825,60,True,TV
W0006223,U00886,M00148,2026-02-08 15:04:16.430826,126,False,Mobile
W0006224,U00684,M00072,2026-05-01 15:04:16.430828,113,True,Mobile
W0006225,U00584,M00263,2025-09-09 15:04:16.430830,87,True,Mobile
W0006226,U00978,M00049,2025-05-11 15:04:16.430833,122,False,Tablet
W0006227,U00034,M00279,2025-08-01 15:04:16.430836,105,False,Laptop
W0006228,U00644,M00144,2026-02-24 15:04:16.430838,131,True,TV
W0006229,U00106,M00222,2025-10-18 15:04:16.430840,94,True,Tablet
W0006230,U00249,M00060,2025-06-01 15:04:16.430842,54,True,TV
W0006231,U00729,M00270,2026-01-08 15:04:16.430844,41,False,TV
W0006232,U00859,M00117,2026-02-09 15:04:16.430847,176,False,TV
W0006233,U00383,M00071,2025-09-21 15:04:16.430848,139,False,Mobile
W0006234,U00874,M00231,2026-04-10 15:04:16.430852,53,False,Mobile
W0006235,U00707,M00055,2025-10-26 15:04:16.430854,159,False,TV
W0006236,U00095,M00278,2025-11-20 15:04:16.430856,70,True,Mobile
W0006237,U00490,M00007,2025-11-20 15:04:16.430858,22,False,TV
W0006238,U00663,M00232,2026-04-28 15:04:16.430860,171,False,Laptop
W0006239,U00755,M00203,2025-09-19 15:04:16.430862,51,False,Mobile
W0006240,U00559,M00231,2026-03-24 15:04:16.430864,159,False,Laptop
W0006241,U00295,M00036,2026-03-01 15:04:16.430866,61,False,Mobile
W0006242,U00861,M00250,2025-05-14 15:04:16.430892,121,False,Tablet
W0006243,U00682,M00156,2026-02-25 15:04:16.430896,33,True,TV
W0006244,U00521,M00047,2025-08-29 15:04:16.430898,148,True,Laptop
W0006245,U00249,M00272,2026-04-12 15:04:16.430900,86,False,TV
W0006246,U00810,M00013,2025-10-05 15:04:16.430904,66,True,Laptop
W0006247,U00798,M00242,2026-02-28 15:04:16.430906,93,True,Tablet
W0006248,U00798,M00064,2025-09-12 15:04:16.430908,144,True,Laptop
W0006249,U00036,M00129,2026-04-28 15:04:16.430910,93,True,Mobile
W0006250,U00862,M00010,2025-12-17 15:04:16.430912,81,False,Mobile
W0006251,U00382,M00061,2025-11-20 15:04:16.430914,106,True,Mobile
W0006252,U00840,M00292,2025-05-30 15:04:16.430916,73,True,Mobile
W0006253,U00180,M00027,2025-06-13 15:04:16.430918,90,True,Tablet
W0006254,U00174,M00193,2025-07-15 15:04:16.430920,145,False,TV
W0006255,U00700,M00176,2025-12-27 15:04:16.430922,152,False,Laptop
W0006256,U00545,M00248,2025-08-17 15:04:16.430924,166,False,Tablet
W0006257,U00625,M00038,2025-08-27 15:04:16.430926,59,False,TV
W0006258,U00829,M00120,2026-05-07 15:04:16.430928,153,True,TV
W0006259,U00890,M00108,2025-10-11 15:04:16.430930,38,True,Tablet
W0006260,U00376,M00245,2025-11-23 15:04:16.430932,114,False,Tablet
W0006261,U00602,M00009,2026-02-14 15:04:16.430934,135,False,Tablet
W0006262,U00038,M00100,2025-08-30 15:04:16.430936,137,True,Mobile
W0006263,U00232,M00263,2025-05-22 15:04:16.430938,159,True,Laptop
W0006264,U00159,M00120,2025-11-11 15:04:16.430940,41,True,Mobile
W0006265,U00789,M00122,2025-10-24 15:04:16.430943,7,True,Tablet
W0006266,U00750,M00163,2025-09-04 15:04:16.430946,149,False,Mobile
W0006267,U00901,M00203,2026-02-21 15:04:16.430948,90,True,Laptop
W0006268,U00206,M00191,2026-04-17 15:04:16.430951,82,False,Tablet
W0006269,U00523,M00289,2025-07-27 15:04:16.430953,33,True,Tablet
W0006270,U00863,M00133,2025-08-12 15:04:16.430955,84,False,Mobile
W0006271,U00423,M00175,2025-12-06 15:04:16.430957,64,True,TV
W0006272,U00823,M00294,2025-06-19 15:04:16.430959,51,True,TV
W0006273,U00665,M00211,2025-07-21 15:04:16.430961,44,True,Laptop
W0006274,U00344,M00040,2025-12-20 15:04:16.430963,5,False,Laptop
W0006275,U00488,M00110,2026-03-08 15:04:16.430965,35,False,Tablet
W0006276,U00277,M00257,2025-11-28 15:04:16.430967,87,True,Mobile
W0006277,U00969,M00115,2025-07-08 15:04:16.430969,81,False,Tablet
W0006278,U00142,M00237,2026-04-08 15:04:16.430971,84,True,Tablet
W0006279,U00291,M00227,2025-10-16 15:04:16.430973,135,True,Laptop
W0006280,U00035,M00072,2025-12-29 15:04:16.430975,147,False,Laptop
W0006281,U00606,M00297,2025-12-27 15:04:16.430977,129,True,Tablet
W0006282,U00732,M00046,2026-02-13 15:04:16.430979,60,False,TV
W0006283,U00172,M00082,2025-07-02 15:04:16.430981,17,True,Mobile
W0006284,U00925,M00118,2025-10-11 15:04:16.430983,142,False,Mobile
W0006285,U00742,M00045,2026-01-01 15:04:16.430986,40,True,Tablet
W0006286,U00293,M00156,2026-01-04 15:04:16.430988,23,False,Mobile
W0006287,U00366,M00266,2026-02-03 15:04:16.430990,107,True,Laptop
W0006288,U00244,M00064,2025-11-20 15:04:16.430992,141,True,Tablet
W0006289,U00187,M00181,2025-07-29 15:04:16.430994,18,True,Laptop
W0006290,U00020,M00284,2025-11-10 15:04:16.430996,19,True,TV
W0006291,U00395,M00181,2025-05-24 15:04:16.430998,18,False,Mobile
W0006292,U00607,M00032,2026-03-06 15:04:16.431000,13,False,TV
W0006293,U00348,M00053,2026-03-19 15:04:16.431002,48,False,Tablet
W0006294,U00435,M00191,2026-03-21 15:04:16.431004,23,False,Laptop
W0006295,U00613,M00130,2026-03-11 15:04:16.431006,180,True,Tablet
W0006296,U00144,M00270,2026-04-08 15:04:16.431008,73,False,Laptop
W0006297,U00859,M00059,2026-04-25 15:04:16.431010,61,True,Tablet
W0006298,U00137,M00039,2025-12-31 15:04:16.431014,27,False,Tablet
W0006299,U00542,M00288,2026-02-07 15:04:16.431016,54,True,Laptop
W0006300,U00063,M00269,2025-10-18 15:04:16.431018,95,False,Tablet
W0006301,U00853,M00285,2026-02-04 15:04:16.431020,44,False,Laptop
W0006302,U00420,M00026,2025-10-26 15:04:16.431022,40,True,Tablet
W0006303,U00159,M00203,2025-10-16 15:04:16.431025,119,True,TV
W0006304,U00639,M00145,2026-03-23 15:04:16.431027,55,False,Laptop
W0006305,U00156,M00289,2025-12-10 15:04:16.431030,14,True,TV
W0006306,U00206,M00081,2026-04-17 15:04:16.431032,111,True,Tablet
W0006307,U00805,M00091,2025-10-19 15:04:16.431033,49,False,Laptop
W0006308,U00610,M00184,2025-07-20 15:04:16.431036,106,False,TV
W0006309,U00402,M00045,2025-05-15 15:04:16.431038,86,True,Laptop
W0006310,U00017,M00153,2025-10-24 15:04:16.431040,8,True,TV
W0006311,U00917,M00205,2025-07-07 15:04:16.431041,144,False,Tablet
W0006312,U00199,M00209,2025-09-30 15:04:16.431043,95,True,TV
W0006313,U00084,M00025,2025-11-25 15:04:16.431045,34,True,Mobile
W0006314,U00003,M00023,2026-03-16 15:04:16.431047,85,False,Mobile
W0006315,U00981,M00265,2025-07-13 15:04:16.431049,53,True,Tablet
W0006316,U00163,M00234,2026-01-02 15:04:16.431051,107,False,Tablet
W0006317,U00152,M00216,2026-05-08 15:04:16.431053,57,False,Laptop
W0006318,U00040,M00071,2025-06-03 15:04:16.431055,57,True,Mobile
W0006319,U00900,M00202,2025-06-24 15:04:16.431057,42,False,Tablet
W0006320,U00774,M00208,2025-11-24 15:04:16.431060,29,False,Laptop
W0006321,U00350,M00266,2025-08-21 15:04:16.431062,22,True,Laptop
W0006322,U00072,M00062,2026-04-11 15:04:16.431064,16,False,Mobile
W0006323,U00132,M00293,2026-02-19 15:04:16.431065,80,False,Laptop
W0006324,U00362,M00215,2025-06-23 15:04:16.431069,61,False,Laptop
W0006325,U00708,M00281,2025-07-10 15:04:16.431072,16,False,Tablet
W0006326,U00237,M00049,2025-08-19 15:04:16.431074,101,True,Mobile
W0006327,U00634,M00063,2025-09-26 15:04:16.431076,166,True,Laptop
W0006328,U00515,M00058,2026-01-10 15:04:16.431080,115,False,TV
W0006329,U00777,M00223,2025-06-26 15:04:16.431083,66,False,TV
W0006330,U00426,M00212,2025-07-12 15:04:16.431085,134,False,Tablet
W0006331,U00218,M00227,2025-07-29 15:04:16.431087,107,False,TV
W0006332,U00811,M00092,2025-10-17 15:04:16.431089,103,False,Laptop
W0006333,U00268,M00072,2025-11-03 15:04:16.431091,126,False,Tablet
W0006334,U00483,M00019,2025-08-27 15:04:16.431093,179,True,Mobile
W0006335,U00926,M00080,2025-07-09 15:04:16.431095,53,False,Laptop
W0006336,U00397,M00276,2025-11-05 15:04:16.431098,6,False,Laptop
W0006337,U00676,M00060,2026-01-25 15:04:16.431100,19,True,Laptop
W0006338,U00469,M00255,2025-05-31 15:04:16.431102,135,True,Tablet
W0006339,U00976,M00027,2025-10-09 15:04:16.431104,125,True,Mobile
W0006340,U00038,M00121,2026-01-28 15:04:16.431106,152,False,Mobile
W0006341,U00428,M00145,2026-01-29 15:04:16.431108,109,True,TV
W0006342,U00674,M00253,2026-01-21 15:04:16.431110,99,False,TV
W0006343,U00458,M00080,2025-12-18 15:04:16.431113,122,False,Laptop
W0006344,U00942,M00103,2025-06-06 15:04:16.431115,36,False,Tablet
W0006345,U00649,M00047,2026-04-19 15:04:16.431117,67,False,Laptop
W0006346,U00258,M00170,2026-04-21 15:04:16.431119,84,True,Mobile
W0006347,U00921,M00078,2025-05-27 15:04:16.431122,55,True,Tablet
W0006348,U00522,M00283,2026-04-23 15:04:16.431124,47,False,Tablet
W0006349,U00170,M00181,2025-05-19 15:04:16.431126,22,True,Mobile
W0006350,U00947,M00078,2026-01-26 15:04:16.431128,123,True,Mobile
W0006351,U00212,M00267,2026-01-11 15:04:16.431130,167,False,Laptop
W0006352,U00457,M00066,2026-03-26 15:04:16.431132,8,False,Laptop
W0006353,U00420,M00280,2025-11-25 15:04:16.431134,176,True,TV
W0006354,U00391,M00094,2025-11-04 15:04:16.431136,82,False,Mobile
W0006355,U00214,M00211,2026-04-28 15:04:16.431138,102,False,Laptop
W0006356,U00934,M00017,2025-11-08 15:04:16.431140,34,True,Laptop
W0006357,U00305,M00146,2026-01-09 15:04:16.431142,77,True,Tablet
W0006358,U00221,M00061,2025-06-10 15:04:16.431144,39,True,Mobile
W0006359,U00856,M00298,2026-05-04 15:04:16.431146,70,False,Mobile
W0006360,U00453,M00213,2025-05-27 15:04:16.431148,106,False,Laptop
W0006361,U00906,M00201,2025-10-22 15:04:16.431151,133,False,Laptop
W0006362,U00030,M00102,2025-06-21 15:04:16.431153,160,True,TV
W0006363,U00561,M00004,2025-09-30 15:04:16.431156,123,False,TV
W0006364,U00918,M00136,2025-09-07 15:04:16.431158,155,False,Tablet
W0006365,U00434,M00084,2026-04-28 15:04:16.431160,52,False,TV
W0006366,U00355,M00100,2025-12-18 15:04:16.431162,9,False,Mobile
W0006367,U00783,M00088,2025-10-15 15:04:16.431164,123,True,TV
W0006368,U00978,M00177,2025-11-07 15:04:16.431166,63,True,TV
W0006369,U00701,M00285,2026-03-27 15:04:16.431168,70,False,Tablet
W0006370,U00737,M00260,2025-10-15 15:04:16.431170,85,False,Mobile
W0006371,U00848,M00191,2025-08-10 15:04:16.431172,125,False,Tablet
W0006372,U00353,M00231,2026-03-09 15:04:16.431174,12,False,Laptop
W0006373,U00462,M00221,2026-01-23 15:04:16.431176,44,True,Tablet
W0006374,U00521,M00230,2025-05-29 15:04:16.431179,141,True,Laptop
W0006375,U00308,M00174,2025-05-19 15:04:16.431181,42,False,TV
W0006376,U00239,M00016,2026-04-14 15:04:16.431183,138,True,TV
W0006377,U00355,M00161,2025-11-03 15:04:16.431185,153,True,Tablet
W0006378,U00646,M00033,2025-11-08 15:04:16.431187,35,False,Tablet
W0006379,U00934,M00229,2026-02-08 15:04:16.431189,130,True,TV
W0006380,U00538,M00139,2025-11-03 15:04:16.431191,107,False,Mobile
W0006381,U00352,M00272,2025-05-24 15:04:16.431193,167,False,Tablet
W0006382,U00630,M00281,2026-02-11 15:04:16.431196,172,True,Mobile
W0006383,U00402,M00088,2026-05-01 15:04:16.431198,100,False,Tablet
W0006384,U00530,M00035,2025-05-13 15:04:16.431200,73,True,Mobile
W0006385,U00034,M00089,2026-01-30 15:04:16.431202,5,True,Laptop
W0006386,U00452,M00205,2025-06-24 15:04:16.431204,91,True,Laptop
W0006387,U00229,M00070,2025-07-29 15:04:16.431206,61,True,Laptop
W0006388,U00627,M00235,2026-01-23 15:04:16.431208,138,False,Laptop
W0006389,U00440,M00123,2025-11-12 15:04:16.431210,8,True,TV
W0006390,U00685,M00107,2025-11-25 15:04:16.431212,17,False,Tablet
W0006391,U00419,M00203,2026-02-10 15:04:16.431214,120,True,Tablet
W0006392,U00425,M00182,2025-08-14 15:04:16.431216,39,True,Tablet
W0006393,U00257,M00219,2025-05-24 15:04:16.431220,110,False,Tablet
W0006394,U00885,M00095,2025-12-15 15:04:16.431222,148,False,Mobile
W0006395,U00143,M00014,2025-08-31 15:04:16.431224,140,True,Tablet
W0006396,U00572,M00159,2025-05-13 15:04:16.431226,156,True,Laptop
W0006397,U00468,M00187,2025-12-30 15:04:16.431229,32,False,Tablet
W0006398,U00376,M00063,2025-09-01 15:04:16.431230,151,True,Laptop
W0006399,U00682,M00246,2025-10-13 15:04:16.431232,179,True,Laptop
W0006400,U00282,M00035,2025-08-07 15:04:16.431235,169,False,Mobile
W0006401,U00606,M00168,2025-10-05 15:04:16.431237,67,True,Tablet
W0006402,U00995,M00072,2025-12-01 15:04:16.431240,151,False,Tablet
W0006403,U00362,M00012,2025-10-10 15:04:16.431242,48,True,TV
W0006404,U00469,M00113,2025-08-22 15:04:16.431244,127,True,TV
W0006405,U00010,M00200,2025-11-07 15:04:16.431246,91,True,Mobile
W0006406,U00102,M00069,2025-06-30 15:04:16.431248,15,True,TV
W0006407,U00257,M00165,2026-03-13 15:04:16.431250,164,False,Mobile
W0006408,U00633,M00259,2025-07-02 15:04:16.431252,45,False,Tablet
W0006409,U00040,M00218,2025-11-04 15:04:16.431254,103,False,Laptop
W0006410,U00431,M00210,2025-07-03 15:04:16.431256,56,True,Mobile
W0006411,U00711,M00070,2026-02-11 15:04:16.431258,33,True,Laptop
W0006412,U00565,M00294,2026-02-22 15:04:16.431292,54,False,Tablet
W0006413,U00496,M00283,2025-05-29 15:04:16.431296,12,True,TV
W0006414,U00554,M00166,2026-03-04 15:04:16.431299,70,False,TV
W0006415,U00529,M00129,2025-07-16 15:04:16.431301,122,False,TV
W0006416,U00091,M00034,2026-04-14 15:04:16.431303,155,False,Tablet
W0006417,U00398,M00057,2025-10-23 15:04:16.431306,19,True,Mobile
W0006418,U00477,M00209,2026-02-02 15:04:16.431308,57,False,Mobile
W0006419,U00021,M00264,2025-05-20 15:04:16.431310,21,False,Tablet
W0006420,U00881,M00097,2025-05-14 15:04:16.431312,173,True,TV
W0006421,U00197,M00114,2026-03-26 15:04:16.431315,87,True,Mobile
W0006422,U00075,M00041,2025-05-22 15:04:16.431318,70,True,Tablet
W0006423,U00945,M00278,2026-02-14 15:04:16.431320,78,True,Mobile
W0006424,U00009,M00182,2026-03-08 15:04:16.431322,118,True,TV
W0006425,U00818,M00177,2025-10-23 15:04:16.431325,160,True,Mobile
W0006426,U00818,M00003,2025-12-26 15:04:16.431327,7,True,Tablet
W0006427,U00628,M00012,2026-04-05 15:04:16.431329,152,True,Tablet
W0006428,U00537,M00076,2025-07-16 15:04:16.431331,44,True,Mobile
W0006429,U00617,M00216,2025-07-06 15:04:16.431333,10,True,TV
W0006430,U00230,M00148,2025-10-06 15:04:16.431335,152,False,Laptop
W0006431,U00585,M00064,2025-10-04 15:04:16.431338,98,True,TV
W0006432,U00097,M00184,2025-12-19 15:04:16.431339,48,False,Tablet
W0006433,U00611,M00232,2025-07-21 15:04:16.431341,148,True,Laptop
W0006434,U00818,M00087,2026-01-04 15:04:16.431343,79,False,TV
W0006435,U00015,M00252,2025-05-25 15:04:16.431346,28,False,Mobile
W0006436,U00469,M00255,2025-12-02 15:04:16.431347,42,True,Mobile
W0006437,U00872,M00227,2025-06-04 15:04:16.431349,52,True,Tablet
W0006438,U00235,M00203,2026-03-28 15:04:16.431351,6,False,Laptop
W0006439,U00207,M00281,2026-03-03 15:04:16.431353,146,True,TV
W0006440,U00921,M00107,2025-12-26 15:04:16.431355,162,True,Laptop
W0006441,U00827,M00154,2025-08-08 15:04:16.431359,55,True,Tablet
W0006442,U00444,M00213,2025-07-07 15:04:16.431361,141,True,Mobile
W0006443,U00791,M00063,2025-05-29 15:04:16.431363,138,True,Mobile
W0006444,U00710,M00261,2025-09-08 15:04:16.431365,87,False,Laptop
W0006445,U00698,M00288,2026-02-09 15:04:16.431367,104,True,Tablet
W0006446,U00925,M00078,2025-09-27 15:04:16.431369,170,True,Mobile
W0006447,U00972,M00085,2026-03-13 15:04:16.431371,27,False,Laptop
W0006448,U00337,M00066,2026-04-09 15:04:16.431373,81,False,Tablet
W0006449,U00814,M00258,2025-10-29 15:04:16.431375,124,True,Mobile
W0006450,U00852,M00091,2026-04-16 15:04:16.431377,53,True,Mobile
W0006451,U00204,M00058,2026-02-08 15:04:16.431379,122,True,TV
W0006452,U00682,M00219,2025-12-30 15:04:16.431381,48,True,Mobile
W0006453,U00448,M00112,2026-03-21 15:04:16.431383,164,False,Laptop
W0006454,U00286,M00125,2026-02-16 15:04:16.431385,91,False,Tablet
W0006455,U00200,M00033,2026-01-30 15:04:16.431387,154,True,TV
W0006456,U00692,M00113,2026-03-18 15:04:16.431389,66,True,Mobile
W0006457,U00784,M00256,2025-08-05 15:04:16.431392,41,True,Laptop
W0006458,U00312,M00297,2025-10-12 15:04:16.431395,85,False,Laptop
W0006459,U00438,M00175,2025-08-28 15:04:16.431397,12,True,Laptop
W0006460,U00727,M00207,2025-12-03 15:04:16.431400,171,True,Laptop
W0006461,U00285,M00230,2025-08-24 15:04:16.431402,28,False,Tablet
W0006462,U00715,M00122,2026-03-03 15:04:16.431404,159,False,Mobile
W0006463,U00944,M00230,2025-11-15 15:04:16.431406,105,False,Mobile
W0006464,U00655,M00011,2025-08-21 15:04:16.431408,79,True,Mobile
W0006465,U00706,M00166,2026-01-30 15:04:16.431410,116,False,TV
W0006466,U00278,M00117,2025-09-06 15:04:16.431412,113,True,Tablet
W0006467,U00509,M00123,2026-03-01 15:04:16.431414,165,False,Laptop
W0006468,U00379,M00085,2025-12-14 15:04:16.431416,106,False,Laptop
W0006469,U00711,M00181,2026-03-26 15:04:16.431418,103,False,TV
W0006470,U00757,M00182,2025-06-02 15:04:16.431420,112,False,Laptop
W0006471,U00875,M00166,2026-03-11 15:04:16.431422,10,False,TV
W0006472,U00976,M00045,2025-09-26 15:04:16.431423,81,False,TV
W0006473,U00163,M00257,2025-12-29 15:04:16.431425,12,True,TV
W0006474,U00603,M00011,2025-08-22 15:04:16.431427,124,False,Laptop
W0006475,U00317,M00230,2026-03-10 15:04:16.431429,51,True,TV
W0006476,U00462,M00112,2026-01-17 15:04:16.431431,146,False,Tablet
W0006477,U00342,M00008,2026-04-09 15:04:16.431433,74,False,Tablet
W0006478,U00157,M00114,2026-01-01 15:04:16.431435,170,False,Mobile
W0006479,U00047,M00140,2025-11-01 15:04:16.431437,53,True,TV
W0006480,U00761,M00085,2025-09-18 15:04:16.431441,132,False,TV
W0006481,U00833,M00038,2025-07-12 15:04:16.431443,82,False,Laptop
W0006482,U00725,M00020,2025-12-31 15:04:16.431445,122,True,TV
W0006483,U00186,M00017,2025-10-10 15:04:16.431447,118,False,Mobile
W0006484,U00552,M00188,2025-10-11 15:04:16.431449,12,True,Laptop
W0006485,U00947,M00081,2026-04-04 15:04:16.431451,156,True,Mobile
W0006486,U00738,M00094,2025-10-20 15:04:16.431453,42,True,Tablet
W0006487,U00449,M00265,2025-06-17 15:04:16.431455,73,True,Mobile
W0006488,U00157,M00071,2025-10-23 15:04:16.431457,179,True,Laptop
W0006489,U00001,M00296,2026-02-12 15:04:16.431460,42,True,Laptop
W0006490,U00118,M00013,2026-01-02 15:04:16.431462,15,True,TV
W0006491,U00046,M00183,2025-07-23 15:04:16.431465,116,False,Mobile
W0006492,U00223,M00136,2026-03-11 15:04:16.431467,155,False,TV
W0006493,U00511,M00094,2025-05-13 15:04:16.431469,123,False,Tablet
W0006494,U00949,M00020,2026-01-30 15:04:16.431471,96,False,Mobile
W0006495,U00935,M00282,2026-03-16 15:04:16.431473,121,True,Laptop
W0006496,U00213,M00133,2025-09-14 15:04:16.431475,123,False,Laptop
W0006497,U00720,M00024,2025-12-31 15:04:16.431478,85,False,Laptop
W0006498,U00745,M00149,2025-05-24 15:04:16.431480,101,True,Mobile
W0006499,U00159,M00013,2025-09-12 15:04:16.431483,41,True,TV
W0006500,U00754,M00279,2026-04-03 15:04:16.431485,8,True,TV
W0006501,U00455,M00224,2025-08-01 15:04:16.431488,85,False,Tablet
W0006502,U00053,M00153,2025-10-28 15:04:16.431490,164,False,Mobile
W0006503,U00457,M00075,2026-02-16 15:04:16.431492,89,False,TV
W0006504,U00368,M00001,2025-10-07 15:04:16.431494,156,True,Laptop
W0006505,U00497,M00034,2026-02-10 15:04:16.431496,56,False,TV
W0006506,U00166,M00257,2026-01-26 15:04:16.431498,12,False,Laptop
W0006507,U00152,M00096,2026-05-05 15:04:16.431501,177,True,Tablet
W0006508,U00391,M00151,2025-07-21 15:04:16.431503,96,False,Laptop
W0006509,U00803,M00162,2025-12-16 15:04:16.431505,51,False,Mobile
W0006510,U00495,M00267,2025-09-10 15:04:16.431507,10,False,Mobile
W0006511,U00114,M00131,2025-06-22 15:04:16.431509,91,True,Laptop
W0006512,U00567,M00115,2026-01-10 15:04:16.431511,95,True,Mobile
W0006513,U00799,M00147,2025-05-13 15:04:16.431513,123,False,Mobile
W0006514,U00570,M00032,2026-03-09 15:04:16.431515,162,True,Mobile
W0006515,U00474,M00064,2026-03-11 15:04:16.431517,69,True,Laptop
W0006516,U00824,M00276,2025-08-28 15:04:16.431519,118,True,Laptop
W0006517,U00917,M00028,2025-07-31 15:04:16.431521,52,True,Laptop
W0006518,U00761,M00005,2026-04-06 15:04:16.431523,86,True,TV
W0006519,U00044,M00081,2025-08-06 15:04:16.431527,74,False,Tablet
W0006520,U00471,M00218,2026-02-17 15:04:16.431529,13,False,Tablet
W0006521,U00445,M00222,2025-05-11 15:04:16.431532,141,False,TV
W0006522,U00630,M00032,2026-01-10 15:04:16.431535,125,True,Mobile
W0006523,U00325,M00190,2026-03-06 15:04:16.431537,122,True,Tablet
W0006524,U00876,M00148,2025-10-07 15:04:16.431538,54,False,Mobile
W0006525,U00012,M00022,2025-08-28 15:04:16.431540,91,True,Mobile
W0006526,U00448,M00085,2026-02-17 15:04:16.431543,120,False,Tablet
W0006527,U00791,M00010,2026-01-06 15:04:16.431545,18,True,Mobile
W0006528,U00015,M00253,2026-05-02 15:04:16.431546,140,True,Laptop
W0006529,U00766,M00297,2025-12-15 15:04:16.431548,118,False,Laptop
W0006530,U00327,M00283,2026-04-27 15:04:16.431550,110,True,Mobile
W0006531,U00458,M00189,2026-01-13 15:04:16.431552,161,True,TV
W0006532,U00184,M00126,2026-01-28 15:04:16.431554,97,True,TV
W0006533,U00828,M00274,2026-01-18 15:04:16.431557,68,False,Mobile
W0006534,U00456,M00050,2025-06-25 15:04:16.431558,51,False,Mobile
W0006535,U00919,M00127,2025-12-25 15:04:16.431560,54,False,TV
W0006536,U00314,M00170,2025-11-01 15:04:16.431562,132,False,Tablet
W0006537,U00270,M00129,2025-06-20 15:04:16.431564,152,True,TV
W0006538,U00129,M00040,2026-03-30 15:04:16.431567,172,True,Tablet
W0006539,U00327,M00243,2025-12-27 15:04:16.431570,84,False,Laptop
W0006540,U00010,M00289,2025-10-04 15:04:16.431572,175,True,Laptop
W0006541,U00434,M00054,2026-02-02 15:04:16.431574,51,False,TV
W0006542,U00572,M00119,2026-04-25 15:04:16.431576,89,True,Tablet
W0006543,U00006,M00082,2025-06-28 15:04:16.431578,12,True,Mobile
W0006544,U00847,M00169,2025-07-31 15:04:16.431580,6,True,TV
W0006545,U00987,M00061,2025-09-14 15:04:16.431582,94,False,TV
W0006546,U00583,M00244,2025-10-02 15:04:16.431584,34,False,Mobile
W0006547,U00556,M00149,2025-10-10 15:04:16.431586,119,False,Laptop
W0006548,U00465,M00141,2026-03-26 15:04:16.431588,8,True,TV
W0006549,U00024,M00095,2025-09-03 15:04:16.431591,129,False,Mobile
W0006550,U00562,M00150,2026-02-09 15:04:16.431592,60,True,Mobile
W0006551,U00369,M00273,2026-04-24 15:04:16.431594,157,False,Mobile
W0006552,U00502,M00058,2025-05-26 15:04:16.431597,15,True,Laptop
W0006553,U00475,M00137,2026-01-26 15:04:16.431600,115,True,Laptop
W0006554,U00331,M00214,2025-06-09 15:04:16.431602,125,True,TV
W0006555,U00789,M00277,2025-11-06 15:04:16.431604,52,True,TV
W0006556,U00594,M00167,2025-10-18 15:04:16.431606,91,True,Tablet
W0006557,U00510,M00044,2025-11-04 15:04:16.431608,75,False,Tablet
W0006558,U00832,M00029,2025-08-19 15:04:16.431611,127,True,Tablet
W0006559,U00963,M00293,2026-01-03 15:04:16.431613,14,True,Laptop
W0006560,U00116,M00088,2026-02-03 15:04:16.431616,64,True,TV
W0006561,U00797,M00159,2026-03-05 15:04:16.431618,141,False,Mobile
W0006562,U00042,M00237,2025-07-19 15:04:16.431620,169,True,Mobile
W0006563,U00298,M00281,2025-11-20 15:04:16.431622,99,False,Laptop
W0006564,U00015,M00049,2026-02-23 15:04:16.431624,120,True,Tablet
W0006565,U00860,M00067,2026-04-09 15:04:16.431626,155,False,Laptop
W0006566,U00110,M00239,2025-11-02 15:04:16.431628,175,False,Tablet
W0006567,U00112,M00037,2026-01-23 15:04:16.431630,152,True,Laptop
W0006568,U00594,M00045,2026-01-11 15:04:16.431632,112,True,TV
W0006569,U00358,M00259,2026-02-24 15:04:16.431634,79,False,TV
W0006570,U00130,M00263,2025-07-27 15:04:16.431636,116,True,Laptop
W0006571,U00048,M00009,2025-07-15 15:04:16.431638,77,True,TV
W0006572,U00031,M00130,2025-07-04 15:04:16.431640,75,True,Mobile
W0006573,U00706,M00101,2025-11-28 15:04:16.431642,57,False,Mobile
W0006574,U00518,M00132,2025-12-25 15:04:16.431644,7,False,Laptop
W0006575,U00253,M00197,2026-01-02 15:04:16.431647,77,False,TV
W0006576,U00210,M00179,2025-05-12 15:04:16.431649,140,False,Tablet
W0006577,U00850,M00112,2025-10-17 15:04:16.431652,120,True,Mobile
W0006578,U00936,M00105,2025-07-10 15:04:16.431655,119,True,TV
W0006579,U00003,M00080,2025-10-07 15:04:16.431657,47,False,TV
W0006580,U00279,M00164,2025-07-25 15:04:16.431659,66,False,Laptop
W0006581,U00442,M00257,2025-10-10 15:04:16.431661,29,True,Mobile
W0006582,U00383,M00109,2025-10-06 15:04:16.431696,125,True,TV
W0006583,U00386,M00283,2025-11-06 15:04:16.431700,180,True,Mobile
W0006584,U00823,M00067,2025-12-25 15:04:16.431705,129,False,TV
W0006585,U00416,M00236,2025-07-26 15:04:16.431707,27,True,Tablet
W0006586,U00207,M00184,2025-11-19 15:04:16.431711,100,True,TV
W0006587,U00993,M00127,2026-02-15 15:04:16.431713,140,False,Laptop
W0006588,U00463,M00044,2025-10-12 15:04:16.431715,126,False,Laptop
W0006589,U00484,M00096,2025-12-26 15:04:16.431718,112,True,Tablet
W0006590,U00206,M00286,2025-12-12 15:04:16.431720,108,True,TV
W0006591,U00856,M00086,2026-04-29 15:04:16.431722,40,True,Laptop
W0006592,U00979,M00284,2025-09-10 15:04:16.431724,83,False,Mobile
W0006593,U00310,M00205,2026-05-07 15:04:16.431726,68,True,Tablet
W0006594,U00305,M00095,2025-10-13 15:04:16.431729,10,False,TV
W0006595,U00581,M00077,2026-03-30 15:04:16.431731,15,False,TV
W0006596,U00807,M00100,2026-04-25 15:04:16.431733,127,True,Laptop
W0006597,U00473,M00296,2025-06-25 15:04:16.431736,115,True,Tablet
W0006598,U00485,M00245,2025-07-05 15:04:16.431739,172,True,Laptop
W0006599,U00517,M00001,2026-04-12 15:04:16.431741,177,False,TV
W0006600,U00732,M00208,2025-12-18 15:04:16.431743,86,True,Tablet
W0006601,U00616,M00196,2025-07-02 15:04:16.431745,139,True,Tablet
W0006602,U00940,M00118,2025-09-04 15:04:16.431747,120,False,Tablet
W0006603,U00559,M00124,2025-07-03 15:04:16.431749,165,True,Mobile
W0006604,U00021,M00139,2026-02-04 15:04:16.431751,129,False,TV
W0006605,U00945,M00144,2026-01-14 15:04:16.431754,52,True,TV
W0006606,U00648,M00173,2026-02-10 15:04:16.431756,157,True,Tablet
W0006607,U00452,M00049,2025-08-24 15:04:16.431758,55,False,Laptop
W0006608,U00957,M00078,2025-06-17 15:04:16.431760,172,False,Laptop
W0006609,U00910,M00130,2026-01-03 15:04:16.431762,60,True,Mobile
W0006610,U00907,M00028,2026-01-21 15:04:16.431765,76,False,Tablet
W0006611,U00300,M00002,2025-12-22 15:04:16.431767,90,True,Laptop
W0006612,U00135,M00004,2026-04-18 15:04:16.431769,98,True,Tablet
W0006613,U00022,M00080,2026-03-22 15:04:16.431771,15,True,Tablet
W0006614,U00356,M00066,2026-02-08 15:04:16.431774,83,True,TV
W0006615,U00327,M00260,2025-12-10 15:04:16.431776,18,True,Tablet
W0006616,U00699,M00191,2025-12-29 15:04:16.431782,137,False,Laptop
W0006617,U00076,M00081,2026-02-26 15:04:16.431784,143,False,TV
W0006618,U00093,M00211,2026-03-19 15:04:16.431787,89,True,TV
W0006619,U00161,M00003,2026-02-09 15:04:16.431789,107,True,Mobile
W0006620,U00743,M00091,2025-10-30 15:04:16.431791,69,False,Mobile
W0006621,U00233,M00179,2025-06-07 15:04:16.431793,152,True,TV
W0006622,U00388,M00014,2025-08-31 15:04:16.431795,64,False,Mobile
W0006623,U00330,M00189,2026-04-11 15:04:16.431798,137,False,Tablet
W0006624,U00945,M00154,2025-09-11 15:04:16.431800,130,True,TV
W0006625,U00547,M00128,2025-09-16 15:04:16.431802,116,True,Tablet
W0006626,U00382,M00135,2025-12-31 15:04:16.431805,116,True,Mobile
W0006627,U00918,M00218,2025-09-01 15:04:16.431807,106,True,Laptop
W0006628,U00573,M00271,2026-03-27 15:04:16.431809,128,False,Laptop
W0006629,U00972,M00295,2026-03-25 15:04:16.431812,82,False,Mobile
W0006630,U00772,M00115,2026-03-11 15:04:16.431815,54,True,TV
W0006631,U00531,M00278,2025-09-20 15:04:16.431817,135,False,Tablet
W0006632,U00216,M00130,2025-11-25 15:04:16.431819,115,False,Mobile
W0006633,U00618,M00057,2026-03-25 15:04:16.431822,107,False,Tablet
W0006634,U00941,M00205,2025-09-01 15:04:16.431824,135,True,TV
W0006635,U00687,M00055,2026-03-24 15:04:16.431826,97,False,TV
W0006636,U00195,M00031,2025-10-03 15:04:16.431831,134,False,Laptop
W0006637,U00209,M00174,2025-11-21 15:04:16.431833,85,True,TV
W0006638,U00411,M00250,2025-07-13 15:04:16.431835,78,False,Laptop
W0006639,U00649,M00151,2026-02-18 15:04:16.431838,55,False,Mobile
W0006640,U00402,M00189,2026-03-07 15:04:16.431841,144,False,TV
W0006641,U00659,M00158,2025-07-08 15:04:16.431843,58,True,TV
W0006642,U00982,M00110,2025-07-29 15:04:16.431845,80,True,Tablet
W0006643,U00733,M00032,2025-09-13 15:04:16.431847,165,True,Mobile
W0006644,U00740,M00060,2025-12-11 15:04:16.431850,62,True,Tablet
W0006645,U00956,M00192,2025-06-06 15:04:16.431852,46,False,Laptop
W0006646,U00751,M00070,2025-07-14 15:04:16.431854,97,False,Tablet
W0006647,U00756,M00027,2025-09-17 15:04:16.431857,141,False,TV
W0006648,U00665,M00143,2025-11-21 15:04:16.431861,53,False,Tablet
W0006649,U00520,M00181,2026-03-07 15:04:16.431863,169,False,TV
W0006650,U00107,M00191,2026-03-19 15:04:16.431865,134,False,Tablet
W0006651,U00370,M00171,2025-12-06 15:04:16.431867,81,True,Laptop
W0006652,U00198,M00196,2025-08-05 15:04:16.431869,78,False,Laptop
W0006653,U00836,M00272,2025-07-19 15:04:16.431871,69,False,Mobile
W0006654,U00127,M00077,2025-06-20 15:04:16.431874,43,True,Laptop
W0006655,U00709,M00238,2026-03-24 15:04:16.431877,95,True,Laptop
W0006656,U00470,M00157,2025-09-27 15:04:16.431880,46,False,Mobile
W0006657,U00740,M00147,2025-10-19 15:04:16.431882,118,False,Mobile
W0006658,U00142,M00233,2026-02-07 15:04:16.431885,126,True,Laptop
W0006659,U00213,M00111,2026-01-05 15:04:16.431887,65,True,TV
W0006660,U00835,M00096,2026-03-21 15:04:16.431889,154,False,Tablet
W0006661,U00987,M00139,2026-02-10 15:04:16.431891,97,True,Laptop
W0006662,U00608,M00221,2025-09-05 15:04:16.431893,113,True,Tablet
W0006663,U00408,M00256,2025-11-03 15:04:16.431896,13,True,Tablet
W0006664,U00965,M00237,2025-10-27 15:04:16.431898,81,True,TV
W0006665,U00242,M00208,2025-06-07 15:04:16.431900,136,False,TV
W0006666,U00932,M00227,2025-11-02 15:04:16.431902,55,True,Laptop
W0006667,U00681,M00197,2025-06-01 15:04:16.431904,175,False,Laptop
W0006668,U00209,M00240,2025-12-27 15:04:16.431908,134,True,TV
W0006669,U00926,M00117,2025-11-28 15:04:16.431910,178,False,Laptop
W0006670,U00397,M00032,2026-02-23 15:04:16.431912,85,True,Mobile
W0006671,U00342,M00054,2025-05-13 15:04:16.431916,145,True,TV
W0006672,U00608,M00222,2026-03-22 15:04:16.431918,16,True,TV
W0006673,U00656,M00256,2025-11-13 15:04:16.431920,73,False,Laptop
W0006674,U00359,M00042,2025-10-18 15:04:16.431923,43,True,TV
W0006675,U00797,M00235,2025-06-05 15:04:16.431926,17,True,Mobile
W0006676,U00768,M00066,2025-08-04 15:04:16.431929,150,True,Mobile
W0006677,U00096,M00291,2025-08-06 15:04:16.431931,124,False,Laptop
W0006678,U00348,M00061,2026-04-05 15:04:16.431952,33,True,Mobile
W0006679,U00217,M00289,2026-02-22 15:04:16.431957,142,True,TV
W0006680,U00554,M00146,2026-04-14 15:04:16.431963,119,True,Laptop
W0006681,U00895,M00031,2025-08-02 15:04:16.431965,133,False,Laptop
W0006682,U00372,M00019,2026-01-19 15:04:16.431968,61,True,Tablet
W0006683,U00107,M00161,2025-08-01 15:04:16.431970,111,False,TV
W0006684,U00702,M00093,2026-01-28 15:04:16.431972,51,True,TV
W0006685,U00286,M00292,2025-10-31 15:04:16.431974,164,True,Tablet
W0006686,U00463,M00127,2025-12-02 15:04:16.431977,104,False,Laptop
W0006687,U00436,M00107,2026-03-08 15:04:16.431979,40,True,Tablet
W0006688,U00140,M00154,2026-03-08 15:04:16.431981,156,False,Laptop
W0006689,U00825,M00177,2025-11-06 15:04:16.431983,83,True,Tablet
W0006690,U00717,M00212,2025-06-30 15:04:16.431985,141,True,TV
W0006691,U00468,M00271,2026-03-29 15:04:16.431988,33,False,Tablet
W0006692,U00647,M00041,2025-08-04 15:04:16.431990,131,True,Tablet
W0006693,U00550,M00116,2026-04-08 15:04:16.431993,36,False,Mobile
W0006694,U00470,M00238,2025-12-07 15:04:16.431997,157,False,Laptop
W0006695,U00315,M00023,2025-08-19 15:04:16.431999,85,True,Mobile
W0006696,U00320,M00095,2025-06-12 15:04:16.432002,158,True,TV
W0006697,U00378,M00223,2026-03-27 15:04:16.432004,162,False,Tablet
W0006698,U00704,M00185,2026-02-13 15:04:16.432006,159,True,Tablet
W0006699,U00713,M00266,2026-04-11 15:04:16.432008,153,False,Laptop
W0006700,U00460,M00109,2026-03-24 15:04:16.432011,153,False,Mobile
W0006701,U00456,M00213,2026-05-08 15:04:16.432013,161,False,TV
W0006702,U00681,M00091,2025-10-07 15:04:16.432015,66,False,Mobile
W0006703,U00465,M00250,2025-09-21 15:04:16.432017,6,True,Tablet
W0006704,U00645,M00029,2026-03-02 15:04:16.432019,66,False,TV
W0006705,U00965,M00078,2026-04-10 15:04:16.432021,98,True,Tablet
W0006706,U00993,M00019,2025-12-13 15:04:16.432023,157,True,Laptop
W0006707,U00061,M00296,2025-11-03 15:04:16.432026,9,True,Tablet
W0006708,U00471,M00030,2025-10-07 15:04:16.432029,178,False,TV
W0006709,U00852,M00130,2025-07-16 15:04:16.432031,113,True,Tablet
W0006710,U00846,M00275,2026-04-25 15:04:16.432033,91,False,Tablet
W0006711,U00961,M00225,2025-11-13 15:04:16.432036,21,True,Tablet
W0006712,U00266,M00059,2025-05-29 15:04:16.432041,81,False,Tablet
W0006713,U00891,M00194,2026-03-20 15:04:16.432043,166,False,Mobile
W0006714,U00491,M00009,2025-08-09 15:04:16.432046,31,False,TV
W0006715,U00584,M00121,2025-07-18 15:04:16.432049,99,False,TV
W0006716,U00122,M00055,2026-02-24 15:04:16.432052,74,False,Laptop
W0006717,U00453,M00075,2025-11-08 15:04:16.432054,121,False,TV
W0006718,U00513,M00260,2026-03-07 15:04:16.432056,139,False,Tablet
W0006719,U00633,M00066,2025-12-23 15:04:16.432058,22,True,Tablet
W0006720,U00387,M00051,2026-04-30 15:04:16.432061,24,False,Mobile
W0006721,U00961,M00208,2026-03-30 15:04:16.432063,121,True,Tablet
W0006722,U00190,M00242,2026-02-25 15:04:16.432065,150,True,Tablet
W0006723,U00838,M00250,2026-04-17 15:04:16.432068,154,True,TV
W0006724,U00781,M00148,2025-09-20 15:04:16.432070,113,True,Mobile
W0006725,U00983,M00154,2026-02-15 15:04:16.432072,57,True,Tablet
W0006726,U00382,M00224,2025-12-22 15:04:16.432074,180,False,Tablet
W0006727,U00376,M00043,2025-05-21 15:04:16.432076,47,False,Mobile
W0006728,U00145,M00081,2025-12-14 15:04:16.432078,114,False,Laptop
W0006729,U00608,M00049,2025-12-08 15:04:16.432080,177,False,Laptop
W0006730,U00216,M00044,2025-10-24 15:04:16.432082,161,False,TV
W0006731,U00160,M00298,2025-08-30 15:04:16.432084,85,False,Mobile
W0006732,U00691,M00049,2025-07-15 15:04:16.432087,83,True,Tablet
W0006733,U00187,M00017,2025-07-17 15:04:16.432091,67,False,Tablet
W0006734,U00365,M00191,2025-07-07 15:04:16.432094,124,False,Laptop
W0006735,U00673,M00118,2025-10-13 15:04:16.432096,151,True,Laptop
W0006736,U00939,M00078,2026-01-04 15:04:16.432098,48,False,Laptop
W0006737,U00928,M00101,2025-07-29 15:04:16.432101,169,False,Mobile
W0006738,U00454,M00213,2025-06-27 15:04:16.432103,100,False,TV
W0006739,U00392,M00086,2026-02-27 15:04:16.432105,21,True,Laptop
W0006740,U00302,M00261,2026-02-14 15:04:16.432107,83,True,Laptop
W0006741,U00116,M00155,2025-07-13 15:04:16.432109,180,False,Tablet
W0006742,U00186,M00295,2026-02-20 15:04:16.432112,54,True,Tablet
W0006743,U00125,M00067,2026-03-03 15:04:16.432114,21,False,Tablet
W0006744,U00253,M00005,2026-03-03 15:04:16.432119,89,True,TV
W0006745,U00736,M00123,2025-06-20 15:04:16.432120,114,True,TV
W0006746,U00241,M00032,2025-11-13 15:04:16.432122,64,False,Laptop
W0006747,U00517,M00206,2025-07-11 15:04:16.432124,149,False,Mobile
W0006748,U00041,M00281,2025-09-06 15:04:16.432127,175,False,Mobile
W0006749,U00055,M00196,2026-03-05 15:04:16.432129,55,False,Laptop
W0006750,U00628,M00032,2025-06-27 15:04:16.432131,31,False,Laptop
W0006751,U00647,M00060,2025-07-07 15:04:16.432133,74,False,Laptop
W0006752,U00254,M00178,2025-05-18 15:04:16.432169,66,True,TV
W0006753,U00947,M00257,2025-07-03 15:04:16.432190,115,False,Tablet
W0006754,U00777,M00027,2025-10-27 15:04:16.432193,165,True,TV
W0006755,U00980,M00117,2025-06-08 15:04:16.432196,121,False,Tablet
W0006756,U00440,M00257,2025-09-16 15:04:16.432198,43,False,Mobile
W0006757,U00400,M00194,2026-02-21 15:04:16.432200,178,False,Tablet
W0006758,U00684,M00249,2025-05-11 15:04:16.432203,147,True,Tablet
W0006759,U00618,M00034,2026-02-28 15:04:16.432205,89,False,Mobile
W0006760,U00222,M00129,2025-06-07 15:04:16.432207,111,False,Mobile
W0006761,U00693,M00145,2025-07-12 15:04:16.432209,114,False,Tablet
W0006762,U00560,M00296,2025-09-02 15:04:16.432211,118,False,TV
W0006763,U00254,M00125,2026-03-22 15:04:16.432213,156,True,Mobile
W0006764,U00680,M00166,2025-11-16 15:04:16.432215,28,False,Laptop
W0006765,U00795,M00173,2025-09-11 15:04:16.432218,154,False,TV
W0006766,U00264,M00126,2025-07-08 15:04:16.432220,171,True,Laptop
W0006767,U00798,M00170,2026-01-16 15:04:16.432222,144,False,TV
W0006768,U00278,M00228,2026-02-15 15:04:16.432225,163,True,Mobile
W0006769,U00184,M00041,2026-04-23 15:04:16.432228,9,True,TV
W0006770,U00637,M00059,2025-10-25 15:04:16.432230,34,True,Tablet
W0006771,U00022,M00020,2026-02-21 15:04:16.432232,161,False,Laptop
W0006772,U00754,M00033,2025-07-21 15:04:16.432236,18,False,Laptop
W0006773,U00359,M00059,2025-05-19 15:04:16.432238,100,True,TV
W0006774,U00546,M00178,2025-11-17 15:04:16.432241,64,True,Mobile
W0006775,U00650,M00155,2026-03-08 15:04:16.432243,39,True,TV
W0006776,U00284,M00271,2025-06-10 15:04:16.432246,12,True,Laptop
W0006777,U00003,M00300,2025-11-30 15:04:16.432249,64,True,Laptop
W0006778,U00687,M00238,2025-06-02 15:04:16.432251,77,False,Tablet
W0006779,U00157,M00001,2025-12-16 15:04:16.432253,19,True,Tablet
W0006780,U00521,M00243,2026-04-27 15:04:16.432255,90,True,Mobile
W0006781,U00601,M00125,2025-10-03 15:04:16.432257,44,True,TV
W0006782,U00540,M00203,2025-10-18 15:04:16.432259,114,True,Tablet
W0006783,U00960,M00052,2026-04-03 15:04:16.432261,76,True,TV
W0006784,U00189,M00018,2025-12-13 15:04:16.432263,84,True,Tablet
W0006785,U00831,M00019,2025-06-22 15:04:16.432265,13,False,Laptop
W0006786,U00169,M00161,2025-11-24 15:04:16.432267,178,False,Mobile
W0006787,U00589,M00253,2025-10-03 15:04:16.432269,157,False,Laptop
W0006788,U00543,M00095,2026-03-16 15:04:16.432271,150,False,Mobile
W0006789,U00880,M00039,2026-04-05 15:04:16.432273,62,False,Laptop
W0006790,U00901,M00228,2026-01-10 15:04:16.432275,108,True,Mobile
W0006791,U00244,M00126,2026-03-06 15:04:16.432277,40,True,Mobile
W0006792,U00189,M00199,2025-09-11 15:04:16.432281,173,True,Laptop
W0006793,U00025,M00039,2026-01-06 15:04:16.432284,175,False,Mobile
W0006794,U00010,M00213,2025-06-11 15:04:16.432286,76,True,Tablet
W0006795,U00629,M00285,2025-05-24 15:04:16.432288,85,True,Laptop
W0006796,U00643,M00181,2025-07-30 15:04:16.432290,71,True,Mobile
W0006797,U00361,M00038,2026-01-08 15:04:16.432292,80,True,Tablet
W0006798,U00889,M00060,2025-09-02 15:04:16.432294,65,True,Laptop
W0006799,U00904,M00285,2026-03-25 15:04:16.432296,91,True,Mobile
W0006800,U00110,M00270,2025-06-02 15:04:16.432298,166,True,Tablet
W0006801,U00417,M00260,2026-03-13 15:04:16.432300,29,True,Mobile
W0006802,U00923,M00208,2025-10-17 15:04:16.432301,57,True,Laptop
W0006803,U00591,M00006,2025-09-17 15:04:16.432303,54,True,Laptop
W0006804,U00206,M00112,2025-12-14 15:04:16.432305,15,False,Mobile
W0006805,U00668,M00222,2025-11-18 15:04:16.432307,58,False,Tablet
W0006806,U00785,M00007,2025-11-04 15:04:16.432309,175,False,Tablet
W0006807,U00360,M00081,2026-03-24 15:04:16.432312,166,False,TV
W0006808,U00511,M00243,2026-02-08 15:04:16.432315,35,False,Laptop
W0006809,U00343,M00051,2026-01-24 15:04:16.432317,66,False,TV
W0006810,U00124,M00234,2026-01-28 15:04:16.432320,14,False,Mobile
W0006811,U00615,M00195,2025-09-28 15:04:16.432323,137,False,TV
W0006812,U00028,M00009,2026-01-11 15:04:16.432326,156,True,Mobile
W0006813,U00582,M00128,2026-01-02 15:04:16.432328,179,True,TV
W0006814,U00159,M00133,2025-07-07 15:04:16.432330,62,True,TV
W0006815,U00030,M00236,2025-08-04 15:04:16.432333,103,False,TV
W0006816,U00820,M00227,2025-11-12 15:04:16.432335,174,False,Mobile
W0006817,U00384,M00078,2025-05-20 15:04:16.432337,35,False,Tablet
W0006818,U00438,M00030,2025-10-12 15:04:16.432339,62,False,Laptop
W0006819,U00601,M00201,2025-07-29 15:04:16.432341,87,True,TV
W0006820,U00636,M00152,2025-07-23 15:04:16.432343,77,False,Mobile
W0006821,U00695,M00107,2025-07-05 15:04:16.432345,119,True,Laptop
W0006822,U00040,M00230,2025-08-08 15:04:16.432347,99,False,TV
W0006823,U00978,M00002,2025-06-29 15:04:16.432349,120,False,Tablet
W0006824,U00132,M00220,2026-03-11 15:04:16.432351,127,False,Mobile
W0006825,U00591,M00168,2026-02-20 15:04:16.432353,38,False,Laptop
W0006826,U00353,M00117,2025-11-14 15:04:16.432355,105,False,TV
W0006827,U00401,M00223,2025-07-05 15:04:16.432357,28,False,Tablet
W0006828,U00614,M00038,2025-06-27 15:04:16.432359,90,True,TV
W0006829,U00587,M00003,2026-02-03 15:04:16.432361,113,False,TV
W0006830,U00408,M00265,2025-12-17 15:04:16.432364,37,True,Laptop
W0006831,U00756,M00046,2026-02-14 15:04:16.432367,11,True,Tablet
W0006832,U00613,M00149,2025-07-10 15:04:16.432369,16,False,Mobile
W0006833,U00339,M00278,2025-10-20 15:04:16.432372,93,True,TV
W0006834,U00251,M00065,2026-02-16 15:04:16.432373,139,False,Mobile
W0006835,U00309,M00122,2026-02-25 15:04:16.432376,49,True,Laptop
W0006836,U00061,M00173,2025-10-07 15:04:16.432378,147,True,Tablet
W0006837,U00873,M00277,2026-01-13 15:04:16.432381,15,True,Tablet
W0006838,U00265,M00220,2025-09-13 15:04:16.432383,155,False,TV
W0006839,U00588,M00200,2025-11-27 15:04:16.432386,96,False,Laptop
W0006840,U00196,M00091,2025-07-20 15:04:16.432389,114,False,Mobile
W0006841,U00578,M00088,2026-01-28 15:04:16.432391,177,True,TV
W0006842,U00624,M00050,2026-02-24 15:04:16.432393,141,True,Laptop
W0006843,U00275,M00240,2025-06-30 15:04:16.432395,75,False,Laptop
W0006844,U00115,M00238,2025-06-23 15:04:16.432397,120,False,Mobile
W0006845,U00310,M00204,2025-07-06 15:04:16.432399,174,True,TV
W0006846,U00408,M00240,2025-08-15 15:04:16.432401,43,True,Tablet
W0006847,U00320,M00134,2025-08-04 15:04:16.432403,176,False,Laptop
W0006848,U00055,M00075,2026-01-15 15:04:16.432405,167,True,TV
W0006849,U00502,M00124,2025-06-02 15:04:16.432407,155,True,TV
W0006850,U00479,M00182,2025-12-29 15:04:16.432411,85,True,Tablet
W0006851,U00881,M00245,2026-05-04 15:04:16.432413,42,False,Mobile
W0006852,U00066,M00103,2025-07-13 15:04:16.432415,172,False,Mobile
W0006853,U00679,M00018,2025-08-18 15:04:16.432417,68,True,Tablet
W0006854,U00114,M00100,2025-10-08 15:04:16.432419,119,True,Tablet
W0006855,U00560,M00002,2025-06-06 15:04:16.432421,10,True,Tablet
W0006856,U00531,M00060,2025-08-14 15:04:16.432423,110,False,Laptop
W0006857,U00876,M00252,2026-02-26 15:04:16.432425,165,True,Tablet
W0006858,U00087,M00047,2025-08-11 15:04:16.432427,109,True,TV
W0006859,U00696,M00053,2025-08-22 15:04:16.432429,137,False,Tablet
W0006860,U00315,M00256,2025-10-02 15:04:16.432431,107,False,Mobile
W0006861,U00448,M00043,2025-08-22 15:04:16.432433,134,True,TV
W0006862,U00433,M00244,2025-07-14 15:04:16.432435,136,False,Tablet
W0006863,U00984,M00007,2025-09-30 15:04:16.432437,39,False,TV
W0006864,U00488,M00276,2025-11-06 15:04:16.432439,42,False,Mobile
W0006865,U00789,M00261,2025-09-30 15:04:16.432442,5,True,Laptop
W0006866,U00689,M00044,2025-06-06 15:04:16.432444,164,True,Laptop
W0006867,U00315,M00045,2025-10-06 15:04:16.432446,14,False,Tablet
W0006868,U00309,M00057,2026-04-16 15:04:16.432448,76,False,Tablet
W0006869,U00303,M00030,2026-02-03 15:04:16.432450,180,False,Tablet
W0006870,U00067,M00072,2025-09-10 15:04:16.432453,72,False,TV
W0006871,U00756,M00277,2025-08-05 15:04:16.432457,163,False,Tablet
W0006872,U00919,M00020,2025-06-30 15:04:16.432459,5,False,TV
W0006873,U00175,M00082,2026-03-15 15:04:16.432461,151,True,Tablet
W0006874,U00440,M00278,2025-05-14 15:04:16.432463,49,False,Laptop
W0006875,U00206,M00260,2025-11-02 15:04:16.432465,161,True,Laptop
W0006876,U00493,M00098,2025-05-14 15:04:16.432467,134,True,Laptop
W0006877,U00069,M00226,2025-10-08 15:04:16.432470,122,True,Mobile
W0006878,U00897,M00277,2026-02-22 15:04:16.432471,23,True,Laptop
W0006879,U00875,M00100,2026-03-07 15:04:16.432473,27,False,Laptop
W0006880,U00150,M00210,2025-10-17 15:04:16.432475,161,True,Laptop
W0006881,U00491,M00195,2025-11-30 15:04:16.432477,107,False,Tablet
W0006882,U00665,M00193,2025-08-11 15:04:16.432479,33,False,Mobile
W0006883,U00426,M00062,2025-08-14 15:04:16.432481,104,True,Tablet
W0006884,U00358,M00178,2025-05-27 15:04:16.432483,88,True,Laptop
W0006885,U00416,M00058,2026-03-09 15:04:16.432485,142,False,Mobile
W0006886,U00752,M00281,2026-01-26 15:04:16.432487,79,False,Laptop
W0006887,U00667,M00163,2025-10-16 15:04:16.432489,54,False,Tablet
W0006888,U00685,M00208,2025-12-05 15:04:16.432491,68,False,Laptop
W0006889,U00492,M00016,2025-09-20 15:04:16.432494,139,True,TV
W0006890,U00468,M00089,2026-01-03 15:04:16.432497,113,False,TV
W0006891,U00523,M00036,2026-01-04 15:04:16.432498,57,True,Mobile
W0006892,U00455,M00209,2025-09-29 15:04:16.432501,66,False,TV
W0006893,U00294,M00104,2025-06-07 15:04:16.432502,69,True,Tablet
W0006894,U00949,M00260,2025-09-26 15:04:16.432504,80,True,TV
W0006895,U00968,M00265,2026-05-04 15:04:16.432506,150,True,Tablet
W0006896,U00562,M00187,2025-05-23 15:04:16.432508,9,True,Tablet
W0006897,U00449,M00170,2025-05-19 15:04:16.432510,124,True,Mobile
W0006898,U00265,M00140,2025-08-14 15:04:16.432512,75,True,Tablet
W0006899,U00674,M00133,2026-03-29 15:04:16.432514,116,False,Tablet
W0006900,U00393,M00289,2025-12-22 15:04:16.432516,156,False,Mobile
W0006901,U00377,M00158,2025-05-17 15:04:16.432518,124,False,Laptop
W0006902,U00949,M00212,2026-04-26 15:04:16.432520,144,False,Mobile
W0006903,U00068,M00192,2025-09-24 15:04:16.432523,113,True,Tablet
W0006904,U00561,M00049,2025-06-13 15:04:16.432526,70,False,Laptop
W0006905,U00703,M00267,2026-02-06 15:04:16.432528,32,True,TV
W0006906,U00921,M00216,2025-10-02 15:04:16.432530,23,False,TV
W0006907,U00584,M00264,2025-11-15 15:04:16.432532,84,True,TV
W0006908,U00803,M00254,2025-09-16 15:04:16.432534,59,False,Mobile
W0006909,U00958,M00070,2025-12-04 15:04:16.432537,46,False,Tablet
W0006910,U00488,M00212,2025-10-01 15:04:16.432539,14,False,Tablet
W0006911,U00044,M00005,2025-09-01 15:04:16.432541,169,False,Laptop
W0006912,U00858,M00211,2026-04-22 15:04:16.432543,145,False,Tablet
W0006913,U00895,M00033,2026-03-16 15:04:16.432545,160,True,Mobile
W0006914,U00467,M00221,2026-02-06 15:04:16.432547,97,False,Tablet
W0006915,U00331,M00266,2026-01-09 15:04:16.432549,17,True,Mobile
W0006916,U00897,M00105,2026-04-01 15:04:16.432551,171,True,Laptop
W0006917,U00191,M00131,2026-01-20 15:04:16.432552,168,True,Tablet
W0006918,U00305,M00066,2026-02-19 15:04:16.432554,177,False,Tablet
W0006919,U00359,M00287,2025-10-17 15:04:16.432556,7,False,Tablet
W0006920,U00683,M00018,2026-04-30 15:04:16.432558,110,False,Tablet
W0006921,U00555,M00140,2026-03-27 15:04:16.432560,6,True,Mobile
W0006922,U00900,M00001,2025-12-29 15:04:16.432593,29,True,Laptop
W0006923,U00404,M00034,2025-08-25 15:04:16.432597,65,True,Laptop
W0006924,U00226,M00118,2025-10-22 15:04:16.432599,120,False,TV
W0006925,U00592,M00111,2025-10-19 15:04:16.432601,89,False,Mobile
W0006926,U00914,M00023,2025-06-03 15:04:16.432603,83,False,TV
W0006927,U00568,M00208,2026-04-17 15:04:16.432605,71,False,Tablet
W0006928,U00160,M00267,2025-12-05 15:04:16.432609,101,False,TV
W0006929,U00889,M00187,2026-03-09 15:04:16.432611,28,True,Laptop
W0006930,U00414,M00272,2025-11-05 15:04:16.432613,96,True,Mobile
W0006931,U00958,M00101,2025-07-23 15:04:16.432615,38,True,Laptop
W0006932,U00676,M00253,2025-10-21 15:04:16.432617,68,True,Tablet
W0006933,U00462,M00204,2025-12-30 15:04:16.432619,110,True,Tablet
W0006934,U00623,M00198,2026-03-04 15:04:16.432621,127,False,Tablet
W0006935,U00555,M00257,2025-06-12 15:04:16.432625,5,False,Laptop
W0006936,U00168,M00218,2025-05-22 15:04:16.432627,130,False,TV
W0006937,U00878,M00264,2025-09-16 15:04:16.432630,29,True,Laptop
W0006938,U00360,M00048,2026-01-02 15:04:16.432632,121,True,Laptop
W0006939,U00466,M00047,2025-08-19 15:04:16.432634,46,False,Mobile
W0006940,U00520,M00021,2025-11-02 15:04:16.432636,137,False,Mobile
W0006941,U00864,M00157,2025-08-22 15:04:16.432637,52,True,Mobile
W0006942,U00817,M00096,2025-10-24 15:04:16.432639,57,True,TV
W0006943,U00320,M00229,2025-05-27 15:04:16.432641,132,True,Laptop
W0006944,U00935,M00050,2026-01-05 15:04:16.432643,84,True,Laptop
W0006945,U00690,M00198,2025-08-23 15:04:16.432645,101,True,Laptop
W0006946,U00119,M00213,2025-11-15 15:04:16.432647,120,False,Laptop
W0006947,U00696,M00156,2025-08-05 15:04:16.432649,37,True,TV
W0006948,U00440,M00179,2025-11-02 15:04:16.432653,141,True,TV
W0006949,U00594,M00030,2025-06-15 15:04:16.432656,101,True,Tablet
W0006950,U00003,M00240,2025-05-21 15:04:16.432658,178,True,Mobile
W0006951,U00516,M00238,2025-06-10 15:04:16.432660,16,False,Mobile
W0006952,U00599,M00090,2025-07-15 15:04:16.432662,87,False,Laptop
W0006953,U00797,M00127,2026-02-25 15:04:16.432664,91,True,Tablet
W0006954,U00872,M00070,2025-07-01 15:04:16.432666,96,False,Tablet
W0006955,U00697,M00042,2025-11-21 15:04:16.432668,90,False,Laptop
W0006956,U00582,M00220,2026-03-15 15:04:16.432670,56,True,Laptop
W0006957,U00401,M00148,2025-07-26 15:04:16.432672,97,False,Tablet
W0006958,U00455,M00187,2025-10-06 15:04:16.432674,47,True,Tablet
W0006959,U00510,M00262,2026-04-01 15:04:16.432676,102,True,Tablet
W0006960,U00816,M00230,2025-12-08 15:04:16.432678,56,True,Mobile
W0006961,U00267,M00128,2025-07-03 15:04:16.432680,17,True,TV
W0006962,U00183,M00297,2026-04-10 15:04:16.432682,129,True,TV
W0006963,U00713,M00008,2025-09-05 15:04:16.432684,138,True,Tablet
W0006964,U00612,M00081,2025-06-13 15:04:16.432687,161,False,Mobile
W0006965,U00389,M00204,2025-11-14 15:04:16.432689,57,False,Mobile
W0006966,U00551,M00087,2025-07-23 15:04:16.432691,135,True,Laptop
W0006967,U00527,M00020,2026-02-13 15:04:16.432695,27,False,Mobile
W0006968,U00888,M00029,2025-10-11 15:04:16.432697,157,False,TV
W0006969,U00828,M00129,2026-04-15 15:04:16.432699,33,True,Mobile
W0006970,U00274,M00264,2026-04-27 15:04:16.432701,18,False,TV
W0006971,U00367,M00081,2026-04-20 15:04:16.432703,108,False,TV
W0006972,U00430,M00088,2025-06-01 15:04:16.432705,173,True,Mobile
W0006973,U00615,M00037,2025-11-07 15:04:16.432707,172,False,Laptop
W0006974,U00205,M00122,2026-05-03 15:04:16.432709,159,True,Tablet
W0006975,U00391,M00208,2025-08-28 15:04:16.432711,135,True,Laptop
W0006976,U00355,M00187,2026-04-04 15:04:16.432713,151,False,Laptop
W0006977,U00021,M00059,2025-09-17 15:04:16.432715,118,True,Laptop
W0006978,U00608,M00170,2025-07-21 15:04:16.432717,7,False,Tablet
W0006979,U00036,M00119,2025-12-25 15:04:16.432719,32,False,TV
W0006980,U00694,M00288,2026-02-27 15:04:16.432721,82,False,Tablet
W0006981,U00817,M00209,2026-02-17 15:04:16.432723,71,True,TV
W0006982,U00406,M00127,2025-08-22 15:04:16.432725,41,False,TV
W0006983,U00459,M00037,2025-11-30 15:04:16.432727,133,False,TV
W0006984,U00618,M00125,2025-12-22 15:04:16.432729,122,False,Laptop
W0006985,U00511,M00160,2025-05-09 15:04:16.432731,118,True,Laptop
W0006986,U00218,M00295,2025-05-20 15:04:16.432733,22,False,Tablet
W0006987,U00050,M00212,2026-04-03 15:04:16.432737,118,False,TV
W0006988,U00912,M00137,2025-11-29 15:04:16.432739,171,False,Mobile
W0006989,U00194,M00140,2025-11-06 15:04:16.432741,126,False,Laptop
W0006990,U00906,M00255,2026-01-18 15:04:16.432743,66,True,TV
W0006991,U00709,M00117,2025-09-09 15:04:16.432745,168,False,Tablet
W0006992,U00567,M00124,2026-05-03 15:04:16.432747,122,True,Mobile
W0006993,U00547,M00076,2025-11-08 15:04:16.432749,38,True,TV
W0006994,U00862,M00237,2026-04-03 15:04:16.432751,163,False,Mobile
W0006995,U00413,M00027,2026-04-09 15:04:16.432753,60,True,Mobile
W0006996,U00724,M00032,2026-03-02 15:04:16.432755,91,True,Tablet
W0006997,U00037,M00273,2025-11-25 15:04:16.432757,117,True,Tablet
W0006998,U00428,M00120,2025-07-28 15:04:16.432759,10,True,Tablet
W0006999,U00176,M00150,2025-09-04 15:04:16.432762,42,False,Laptop
W0007000,U00132,M00266,2025-08-07 15:04:16.432764,90,False,Mobile
W0007001,U00828,M00035,2025-06-29 15:04:16.432766,60,True,Mobile
W0007002,U00106,M00076,2025-05-28 15:04:16.432768,174,False,Tablet
W0007003,U00941,M00045,2025-07-29 15:04:16.432770,68,True,TV
W0007004,U00565,M00227,2026-05-07 15:04:16.432773,38,False,Mobile
W0007005,U00758,M00190,2025-05-17 15:04:16.432774,135,True,Mobile
W0007006,U00782,M00177,2025-10-28 15:04:16.432778,93,True,Tablet
W0007007,U00672,M00117,2025-06-21 15:04:16.432780,57,True,Mobile
W0007008,U00900,M00242,2026-04-05 15:04:16.432784,59,False,Mobile
W0007009,U00122,M00018,2026-05-07 15:04:16.432786,60,True,TV
W0007010,U00985,M00162,2026-04-27 15:04:16.432788,87,False,Tablet
W0007011,U00658,M00153,2025-12-13 15:04:16.432790,116,False,Tablet
W0007012,U00280,M00103,2026-02-17 15:04:16.432792,161,True,Mobile
W0007013,U00831,M00214,2025-08-11 15:04:16.432794,171,False,Mobile
W0007014,U00821,M00190,2025-07-18 15:04:16.432796,140,True,Laptop
W0007015,U00798,M00184,2025-12-23 15:04:16.432798,114,True,TV
W0007016,U00894,M00087,2025-06-15 15:04:16.432800,6,False,Tablet
W0007017,U00720,M00045,2025-07-12 15:04:16.432802,143,True,Tablet
W0007018,U00302,M00065,2026-01-13 15:04:16.432804,105,False,Tablet
W0007019,U00697,M00119,2025-11-04 15:04:16.432806,103,False,Tablet
W0007020,U00249,M00229,2025-09-02 15:04:16.432808,110,False,TV
W0007021,U00736,M00274,2025-12-31 15:04:16.432810,109,True,Mobile
W0007022,U00678,M00190,2025-05-12 15:04:16.432812,122,True,TV
W0007023,U00142,M00002,2025-09-08 15:04:16.432814,29,True,TV
W0007024,U00416,M00113,2026-05-08 15:04:16.432816,10,True,Laptop
W0007025,U00203,M00148,2025-06-21 15:04:16.432818,71,True,Mobile
W0007026,U00060,M00154,2025-11-01 15:04:16.432821,180,False,Laptop
W0007027,U00395,M00174,2025-06-06 15:04:16.432823,113,False,Tablet
W0007028,U00967,M00104,2026-04-27 15:04:16.432825,150,True,Laptop
W0007029,U00497,M00120,2025-05-16 15:04:16.432827,81,True,TV
W0007030,U00996,M00009,2026-05-02 15:04:16.432829,18,False,Laptop
W0007031,U00335,M00173,2025-10-03 15:04:16.432833,103,True,Mobile
W0007032,U00068,M00223,2025-10-23 15:04:16.432835,49,True,Laptop
W0007033,U00436,M00200,2026-04-30 15:04:16.432837,140,True,Mobile
W0007034,U00954,M00183,2025-07-03 15:04:16.432839,43,True,Mobile
W0007035,U00371,M00286,2025-09-27 15:04:16.432841,69,True,TV
W0007036,U00317,M00275,2025-11-30 15:04:16.432843,80,True,Mobile
W0007037,U00743,M00039,2026-01-25 15:04:16.432845,102,False,Laptop
W0007038,U00863,M00086,2025-07-04 15:04:16.432847,156,False,Mobile
W0007039,U00001,M00215,2025-11-27 15:04:16.432849,107,True,Tablet
W0007040,U00453,M00282,2026-02-17 15:04:16.432852,169,False,Mobile
W0007041,U00460,M00105,2026-04-17 15:04:16.432854,68,False,Laptop
W0007042,U00371,M00110,2025-07-16 15:04:16.432856,41,False,Laptop
W0007043,U00588,M00163,2026-02-01 15:04:16.432857,88,False,Laptop
W0007044,U00530,M00212,2025-08-25 15:04:16.432859,169,False,Mobile
W0007045,U00600,M00168,2026-04-13 15:04:16.432862,165,True,Mobile
W0007046,U00893,M00138,2025-09-08 15:04:16.432865,91,False,Laptop
W0007047,U00267,M00244,2026-02-17 15:04:16.432867,135,True,Tablet
W0007048,U00052,M00159,2026-02-23 15:04:16.432869,85,True,Laptop
W0007049,U00440,M00140,2025-05-16 15:04:16.432871,100,False,Laptop
W0007050,U00505,M00100,2025-08-19 15:04:16.432873,5,True,Tablet
W0007051,U00899,M00161,2026-02-25 15:04:16.432875,84,False,Tablet
W0007052,U00960,M00226,2026-02-05 15:04:16.432877,165,False,Mobile
W0007053,U00836,M00054,2025-12-25 15:04:16.432879,154,False,Laptop
W0007054,U00086,M00246,2025-09-26 15:04:16.432881,133,False,Mobile
W0007055,U00615,M00121,2026-02-27 15:04:16.432883,180,True,Tablet
W0007056,U00230,M00173,2026-01-01 15:04:16.432885,20,True,Mobile
W0007057,U00008,M00238,2025-09-04 15:04:16.432887,126,True,Tablet
W0007058,U00948,M00089,2025-12-03 15:04:16.432889,100,False,Laptop
W0007059,U00074,M00144,2025-07-18 15:04:16.432891,10,False,TV
W0007060,U00131,M00047,2025-06-19 15:04:16.432893,33,True,Laptop
W0007061,U00506,M00255,2026-02-16 15:04:16.432895,8,False,Mobile
W0007062,U00626,M00017,2026-03-22 15:04:16.432897,169,False,Mobile
W0007063,U00697,M00024,2025-10-13 15:04:16.432901,134,False,Mobile
W0007064,U00849,M00018,2026-03-25 15:04:16.432903,69,False,Mobile
W0007065,U00528,M00270,2025-05-30 15:04:16.432906,121,False,Mobile
W0007066,U00759,M00194,2026-01-14 15:04:16.432908,29,False,Tablet
W0007067,U00442,M00253,2026-02-06 15:04:16.432910,25,True,Laptop
W0007068,U00309,M00205,2025-05-09 15:04:16.432912,124,False,TV
W0007069,U00619,M00046,2025-07-06 15:04:16.432914,100,False,Laptop
W0007070,U00005,M00006,2025-10-05 15:04:16.432916,35,True,TV
W0007071,U00228,M00164,2025-09-12 15:04:16.432919,16,False,TV
W0007072,U00898,M00053,2026-03-27 15:04:16.432921,163,True,Tablet
W0007073,U00591,M00254,2026-04-07 15:04:16.432923,27,False,TV
W0007074,U00957,M00145,2025-09-22 15:04:16.432925,62,False,Laptop
W0007075,U00923,M00017,2025-12-14 15:04:16.432927,44,True,TV
W0007076,U00788,M00197,2025-12-04 15:04:16.432929,60,False,Tablet
W0007077,U00539,M00063,2025-06-24 15:04:16.432931,175,True,Tablet
W0007078,U00159,M00115,2025-11-07 15:04:16.432933,40,False,Laptop
W0007079,U00084,M00053,2025-05-21 15:04:16.432935,11,True,Tablet
W0007080,U00392,M00108,2026-01-10 15:04:16.432937,162,False,Mobile
W0007081,U00411,M00161,2026-05-08 15:04:16.432939,16,True,Mobile
W0007082,U00518,M00022,2025-08-30 15:04:16.432941,21,False,TV
W0007083,U00731,M00155,2025-10-06 15:04:16.432943,104,False,TV
W0007084,U00734,M00154,2025-09-07 15:04:16.432947,37,False,Laptop
W0007085,U00688,M00260,2025-05-17 15:04:16.432949,29,True,Tablet
W0007086,U00112,M00073,2026-03-12 15:04:16.432951,34,False,Laptop
W0007087,U00985,M00189,2025-08-20 15:04:16.432953,21,True,TV
W0007088,U00165,M00113,2026-04-07 15:04:16.432955,36,True,Tablet
W0007089,U00825,M00140,2025-05-26 15:04:16.432957,161,True,Tablet
W0007090,U00569,M00167,2026-02-03 15:04:16.432959,127,True,Tablet
W0007091,U00438,M00069,2025-10-28 15:04:16.432961,89,False,Mobile
W0007092,U00384,M00238,2026-01-02 15:04:16.432988,60,True,TV
W0007093,U00312,M00079,2025-05-09 15:04:16.432992,96,False,Tablet
W0007094,U00450,M00041,2026-02-17 15:04:16.432996,158,False,TV
W0007095,U00110,M00088,2025-08-13 15:04:16.432998,110,True,Tablet
W0007096,U00457,M00017,2026-04-09 15:04:16.433001,42,True,Laptop
W0007097,U00521,M00116,2025-09-04 15:04:16.433003,37,True,Tablet
W0007098,U00229,M00117,2025-10-05 15:04:16.433005,60,False,TV
W0007099,U00420,M00017,2026-04-02 15:04:16.433007,18,False,Laptop
W0007100,U00397,M00195,2025-10-01 15:04:16.433009,116,False,Mobile
W0007101,U00166,M00068,2025-11-30 15:04:16.433011,45,False,TV
W0007102,U00398,M00055,2026-02-10 15:04:16.433013,15,True,Mobile
W0007103,U00933,M00133,2025-07-30 15:04:16.433015,180,False,Mobile
W0007104,U00035,M00016,2025-12-15 15:04:16.433020,60,True,Laptop
W0007105,U00409,M00072,2026-03-13 15:04:16.433022,164,True,TV
W0007106,U00730,M00021,2025-11-08 15:04:16.433024,69,True,Laptop
W0007107,U00606,M00207,2026-01-23 15:04:16.433027,171,False,Laptop
W0007108,U00302,M00232,2026-05-07 15:04:16.433029,170,False,Mobile
W0007109,U00486,M00214,2026-02-19 15:04:16.433031,177,False,Laptop
W0007110,U00396,M00181,2026-04-01 15:04:16.433033,26,True,Mobile
W0007111,U00979,M00060,2025-11-13 15:04:16.433035,22,False,Laptop
W0007112,U00742,M00162,2026-03-16 15:04:16.433038,165,True,TV
W0007113,U00888,M00271,2025-08-25 15:04:16.433040,37,True,Laptop
W0007114,U00893,M00038,2025-06-06 15:04:16.433042,55,False,Mobile
W0007115,U00398,M00029,2025-10-17 15:04:16.433044,60,True,TV
W0007116,U00572,M00177,2026-04-20 15:04:16.433046,175,False,Tablet
W0007117,U00790,M00123,2025-09-12 15:04:16.433048,132,True,Tablet
W0007118,U00103,M00269,2026-03-27 15:04:16.433051,89,False,Mobile
W0007119,U00068,M00088,2026-03-12 15:04:16.433053,30,True,Mobile
W0007120,U00922,M00295,2025-06-19 15:04:16.433055,157,False,TV
W0007121,U00826,M00216,2025-10-17 15:04:16.433057,21,True,Laptop
W0007122,U00823,M00030,2026-02-21 15:04:16.433059,11,True,Tablet
W0007123,U00469,M00137,2025-08-21 15:04:16.433064,176,True,Mobile
W0007124,U00406,M00016,2026-04-12 15:04:16.433066,136,False,TV
W0007125,U00473,M00231,2026-05-03 15:04:16.433069,179,False,TV
W0007126,U00687,M00106,2025-09-10 15:04:16.433072,23,True,Tablet
W0007127,U00423,M00047,2026-01-23 15:04:16.433074,52,True,TV
W0007128,U00921,M00004,2025-08-17 15:04:16.433076,54,True,Mobile
W0007129,U00275,M00245,2026-02-25 15:04:16.433079,6,False,Laptop
W0007130,U00565,M00194,2025-06-23 15:04:16.433081,101,False,Laptop
W0007131,U00466,M00044,2025-08-20 15:04:16.433083,124,True,Tablet
W0007132,U00265,M00156,2026-01-14 15:04:16.433085,51,False,Tablet
W0007133,U00554,M00125,2025-07-28 15:04:16.433087,25,False,TV
W0007134,U00065,M00278,2026-04-14 15:04:16.433089,91,False,Laptop
W0007135,U00485,M00289,2026-02-14 15:04:16.433091,135,False,Laptop
W0007136,U00476,M00168,2025-09-01 15:04:16.433093,19,False,TV
W0007137,U00526,M00147,2026-01-17 15:04:16.433103,98,False,Laptop
W0007138,U00927,M00112,2025-12-08 15:04:16.433110,82,True,TV
W0007139,U00392,M00237,2026-03-08 15:04:16.433114,84,True,Laptop
W0007140,U00172,M00063,2026-01-10 15:04:16.433117,107,True,TV
W0007141,U00162,M00226,2025-06-09 15:04:16.433120,124,False,Tablet
W0007142,U00532,M00072,2026-05-09 15:04:16.433122,114,True,Tablet
W0007143,U00890,M00240,2026-04-30 15:04:16.433127,138,False,Laptop
W0007144,U00622,M00086,2026-03-20 15:04:16.433129,52,True,Tablet
W0007145,U00735,M00007,2026-01-03 15:04:16.433131,78,True,Tablet
W0007146,U00087,M00116,2025-11-05 15:04:16.433133,138,True,TV
W0007147,U00945,M00084,2026-02-23 15:04:16.433136,103,True,TV
W0007148,U00293,M00012,2026-01-02 15:04:16.433138,12,False,Mobile
W0007149,U00687,M00089,2025-05-27 15:04:16.433140,125,False,Laptop
W0007150,U00265,M00027,2025-09-18 15:04:16.433143,33,False,TV
W0007151,U00676,M00060,2025-11-11 15:04:16.433145,154,False,TV
W0007152,U00282,M00025,2025-06-28 15:04:16.433146,78,True,Laptop
W0007153,U00369,M00080,2026-03-13 15:04:16.433148,122,True,TV
W0007154,U00864,M00278,2025-11-12 15:04:16.433150,172,True,TV
W0007155,U00356,M00285,2025-10-17 15:04:16.433153,83,False,Mobile
W0007156,U00489,M00172,2025-12-10 15:04:16.433201,58,True,Laptop
W0007157,U00335,M00200,2025-12-10 15:04:16.433208,20,False,Laptop
W0007158,U00645,M00044,2025-09-02 15:04:16.433214,18,False,TV
W0007159,U00511,M00046,2025-09-17 15:04:16.433217,65,False,Mobile
W0007160,U00166,M00181,2025-07-08 15:04:16.433219,133,True,TV
W0007161,U00875,M00143,2026-01-29 15:04:16.433221,47,False,Laptop
W0007162,U00028,M00278,2025-12-21 15:04:16.433225,115,False,Mobile
W0007163,U00167,M00107,2025-08-23 15:04:16.433228,72,False,Tablet
W0007164,U00069,M00135,2025-12-28 15:04:16.433230,13,True,Laptop
W0007165,U00046,M00262,2025-11-10 15:04:16.433232,31,False,Laptop
W0007166,U00492,M00190,2026-01-18 15:04:16.433234,81,False,Mobile
W0007167,U00942,M00137,2025-12-02 15:04:16.433236,86,True,Mobile
W0007168,U00887,M00116,2026-02-14 15:04:16.433239,34,True,Tablet
W0007169,U00283,M00202,2026-01-22 15:04:16.433241,137,True,Laptop
W0007170,U00271,M00137,2026-03-03 15:04:16.433243,114,True,Laptop
W0007171,U00769,M00131,2025-07-12 15:04:16.433245,179,True,TV
W0007172,U00769,M00211,2026-02-03 15:04:16.433248,37,True,TV
W0007173,U00194,M00222,2026-02-07 15:04:16.433250,11,True,TV
W0007174,U00299,M00068,2025-09-18 15:04:16.433252,64,False,Tablet
W0007175,U00153,M00237,2025-10-29 15:04:16.433254,104,False,Mobile
W0007176,U00986,M00073,2026-04-06 15:04:16.433256,149,False,Mobile
W0007177,U00642,M00162,2025-12-30 15:04:16.433260,10,True,Mobile
W0007178,U00591,M00035,2025-08-02 15:04:16.433262,64,False,Tablet
W0007179,U00495,M00289,2025-09-20 15:04:16.433264,117,False,Mobile
W0007180,U00246,M00120,2025-09-28 15:04:16.433266,105,False,Laptop
W0007181,U00447,M00100,2026-02-02 15:04:16.433268,151,True,TV
W0007182,U00844,M00016,2025-11-21 15:04:16.433271,149,False,Tablet
W0007183,U00665,M00022,2025-08-02 15:04:16.433273,78,True,TV
W0007184,U00632,M00179,2025-12-05 15:04:16.433276,151,True,Tablet
W0007185,U00663,M00018,2025-11-02 15:04:16.433277,166,True,TV
W0007186,U00525,M00001,2025-09-12 15:04:16.433279,55,True,Mobile
W0007187,U00677,M00155,2026-03-02 15:04:16.433282,38,True,TV
W0007188,U00950,M00172,2025-09-25 15:04:16.433283,138,True,Tablet
W0007189,U00697,M00055,2026-04-20 15:04:16.433285,79,True,Mobile
W0007190,U00551,M00051,2025-10-15 15:04:16.433289,65,True,Mobile
W0007191,U00870,M00064,2025-09-21 15:04:16.433291,30,False,Laptop
W0007192,U00659,M00299,2025-05-26 15:04:16.433293,13,True,Laptop
W0007193,U00433,M00223,2025-06-24 15:04:16.433295,88,False,Laptop
W0007194,U00869,M00190,2025-06-05 15:04:16.433297,136,False,TV
W0007195,U00483,M00098,2026-02-16 15:04:16.433299,146,True,Tablet
W0007196,U00926,M00037,2025-07-28 15:04:16.433302,34,False,Mobile
W0007197,U00380,M00092,2026-04-04 15:04:16.433304,19,True,Mobile
W0007198,U00997,M00141,2026-02-06 15:04:16.433306,53,False,Laptop
W0007199,U00660,M00148,2025-11-30 15:04:16.433308,92,True,Laptop
W0007200,U00640,M00099,2025-12-24 15:04:16.433310,54,False,Laptop
W0007201,U00015,M00291,2026-02-27 15:04:16.433314,107,False,Tablet
W0007202,U00681,M00279,2025-06-06 15:04:16.433316,44,False,Tablet
W0007203,U00502,M00213,2025-10-21 15:04:16.433318,96,False,TV
W0007204,U00886,M00227,2025-11-04 15:04:16.433320,111,True,TV
W0007205,U00459,M00260,2025-05-19 15:04:16.433322,168,True,Tablet
W0007206,U00901,M00277,2026-04-08 15:04:16.433325,110,False,Mobile
W0007207,U00767,M00049,2026-03-15 15:04:16.433327,55,True,Tablet
W0007208,U00188,M00117,2025-10-21 15:04:16.433328,48,True,Laptop
W0007209,U00632,M00201,2026-04-04 15:04:16.433330,26,False,Mobile
W0007210,U00196,M00270,2026-04-26 15:04:16.433332,76,False,TV
W0007211,U00236,M00270,2025-06-27 15:04:16.433334,8,False,TV
W0007212,U00542,M00291,2025-10-27 15:04:16.433336,152,True,Laptop
W0007213,U00049,M00100,2025-08-17 15:04:16.433338,47,False,Mobile
W0007214,U00199,M00014,2026-02-07 15:04:16.433340,94,False,TV
W0007215,U00133,M00161,2025-07-09 15:04:16.433342,43,False,TV
W0007216,U00633,M00144,2025-05-18 15:04:16.433344,11,False,Laptop
W0007217,U00973,M00266,2025-12-19 15:04:16.433346,105,False,Laptop
W0007218,U00987,M00166,2025-07-27 15:04:16.433348,125,True,Mobile
W0007219,U00011,M00058,2025-12-31 15:04:16.433350,5,False,Mobile
W0007220,U00779,M00031,2025-07-17 15:04:16.433352,96,False,Tablet
W0007221,U00892,M00024,2025-06-30 15:04:16.433356,140,True,Laptop
W0007222,U00327,M00048,2025-12-06 15:04:16.433360,89,True,Laptop
W0007223,U00242,M00224,2025-06-21 15:04:16.433362,38,False,Mobile
W0007224,U00951,M00243,2025-06-30 15:04:16.433364,98,True,Mobile
W0007225,U00706,M00243,2025-08-07 15:04:16.433366,10,True,Mobile
W0007226,U00749,M00108,2025-07-12 15:04:16.433369,71,True,Mobile
W0007227,U00826,M00239,2025-09-08 15:04:16.433371,149,True,Tablet
W0007228,U00055,M00110,2025-10-07 15:04:16.433373,63,True,Tablet
W0007229,U00509,M00067,2026-01-21 15:04:16.433375,162,False,Tablet
W0007230,U00104,M00146,2025-06-20 15:04:16.433376,133,False,TV
W0007231,U00822,M00256,2025-08-26 15:04:16.433378,146,True,Mobile
W0007232,U00947,M00112,2025-12-01 15:04:16.433381,33,False,Tablet
W0007233,U00054,M00147,2025-11-14 15:04:16.433383,154,False,Tablet
W0007234,U00139,M00259,2026-03-30 15:04:16.433385,107,False,TV
W0007235,U00042,M00140,2026-03-28 15:04:16.433387,147,False,TV
W0007236,U00777,M00128,2026-04-14 15:04:16.433389,64,True,Laptop
W0007237,U00190,M00229,2025-10-27 15:04:16.433391,30,True,Laptop
W0007238,U00888,M00209,2025-08-08 15:04:16.433393,70,True,TV
W0007239,U00518,M00162,2026-01-04 15:04:16.433395,133,True,Mobile
W0007240,U00605,M00072,2025-08-22 15:04:16.433398,109,True,TV
W0007241,U00189,M00258,2025-10-01 15:04:16.433401,32,True,TV
W0007242,U00622,M00233,2026-01-11 15:04:16.433403,125,False,Tablet
W0007243,U00451,M00116,2025-10-08 15:04:16.433405,65,True,TV
W0007244,U00468,M00092,2026-02-02 15:04:16.433407,25,True,Tablet
W0007245,U00752,M00257,2026-04-15 15:04:16.433409,9,False,Tablet
W0007246,U00937,M00015,2026-01-15 15:04:16.433411,90,True,Mobile
W0007247,U00075,M00082,2026-02-22 15:04:16.433413,79,False,Laptop
W0007248,U00631,M00079,2026-02-01 15:04:16.433415,164,True,Tablet
W0007249,U00592,M00010,2025-11-14 15:04:16.433417,129,True,Mobile
W0007250,U00495,M00047,2025-08-19 15:04:16.433419,93,False,Laptop
W0007251,U00321,M00023,2025-08-27 15:04:16.433421,58,True,Mobile
W0007252,U00969,M00112,2025-12-06 15:04:16.433423,49,True,Tablet
W0007253,U00725,M00014,2025-11-19 15:04:16.433425,177,True,Laptop
W0007254,U00703,M00002,2026-02-02 15:04:16.433428,8,False,Laptop
W0007255,U00153,M00231,2026-05-02 15:04:16.433431,141,True,Laptop
W0007256,U00081,M00273,2026-03-25 15:04:16.433433,45,True,Tablet
W0007257,U00518,M00032,2025-07-14 15:04:16.433435,133,True,Laptop
W0007258,U00229,M00112,2025-09-21 15:04:16.433437,147,False,Mobile
W0007259,U00845,M00116,2025-05-17 15:04:16.433439,16,False,Mobile
W0007260,U00772,M00261,2026-04-12 15:04:16.433471,5,False,Laptop
W0007261,U00106,M00264,2025-12-24 15:04:16.433478,70,True,Laptop
W0007262,U00963,M00139,2025-09-11 15:04:16.433484,42,False,TV
W0007263,U00356,M00233,2026-04-07 15:04:16.433486,178,False,Tablet
W0007264,U00973,M00252,2025-11-27 15:04:16.433488,144,False,Laptop
W0007265,U00941,M00269,2025-07-12 15:04:16.433490,148,False,Tablet
W0007266,U00859,M00099,2025-10-05 15:04:16.433493,164,True,TV
W0007267,U00967,M00182,2025-10-10 15:04:16.433495,156,False,Tablet
W0007268,U00029,M00029,2025-11-07 15:04:16.433497,85,False,Tablet
W0007269,U00040,M00098,2025-11-27 15:04:16.433499,29,False,TV
W0007270,U00827,M00128,2025-11-29 15:04:16.433501,66,False,Mobile
W0007271,U00460,M00245,2025-06-28 15:04:16.433504,110,True,Mobile
W0007272,U00276,M00278,2026-02-07 15:04:16.433505,40,False,TV
W0007273,U00180,M00058,2026-04-27 15:04:16.433508,161,True,Mobile
W0007274,U00117,M00122,2025-10-31 15:04:16.433510,117,True,TV
W0007275,U00422,M00158,2025-08-22 15:04:16.433512,168,False,Laptop
W0007276,U00886,M00126,2025-08-22 15:04:16.433514,65,False,TV
W0007277,U00977,M00100,2026-03-30 15:04:16.433516,75,False,Tablet
W0007278,U00295,M00172,2025-12-08 15:04:16.433518,27,False,Mobile
W0007279,U00907,M00097,2026-04-19 15:04:16.433521,25,False,TV
W0007280,U00175,M00228,2025-06-30 15:04:16.433524,138,True,Laptop
W0007281,U00968,M00160,2026-03-16 15:04:16.433526,155,True,Tablet
W0007282,U00357,M00074,2025-11-26 15:04:16.433528,20,False,Mobile
W0007283,U00672,M00124,2025-12-08 15:04:16.433530,106,True,Tablet
W0007284,U00776,M00110,2025-12-16 15:04:16.433532,159,False,Mobile
W0007285,U00752,M00140,2026-04-18 15:04:16.433534,26,False,Laptop
W0007286,U00150,M00210,2025-12-17 15:04:16.433538,100,False,Laptop
W0007287,U00478,M00154,2026-03-03 15:04:16.433540,70,True,TV
W0007288,U00701,M00104,2026-03-27 15:04:16.433543,138,True,Mobile
W0007289,U00592,M00040,2025-05-09 15:04:16.433545,30,True,Mobile
W0007290,U00258,M00250,2026-04-05 15:04:16.433547,42,False,Mobile
W0007291,U00229,M00300,2025-09-23 15:04:16.433549,115,False,Mobile
W0007292,U00008,M00033,2026-04-14 15:04:16.433551,32,True,TV
W0007293,U00177,M00264,2026-05-02 15:04:16.433553,69,True,Mobile
W0007294,U00410,M00186,2026-01-20 15:04:16.433555,118,True,Laptop
W0007295,U00314,M00189,2025-12-30 15:04:16.433558,153,True,Tablet
W0007296,U00009,M00122,2025-09-13 15:04:16.433560,23,True,TV
W0007297,U00066,M00192,2026-01-06 15:04:16.433562,6,True,TV
W0007298,U00103,M00202,2026-03-08 15:04:16.433564,21,True,Tablet
W0007299,U00263,M00270,2025-12-12 15:04:16.433567,119,False,TV
W0007300,U00828,M00120,2026-02-04 15:04:16.433569,126,True,Laptop
W0007301,U00216,M00110,2025-12-01 15:04:16.433571,83,False,Mobile
W0007302,U00409,M00297,2025-05-29 15:04:16.433573,140,False,TV
W0007303,U00537,M00202,2025-11-18 15:04:16.433575,64,False,TV
W0007304,U00511,M00109,2025-08-14 15:04:16.433577,58,False,Tablet
W0007305,U00577,M00201,2025-09-06 15:04:16.433579,100,False,Tablet
W0007306,U00035,M00042,2026-01-20 15:04:16.433582,46,True,Laptop
W0007307,U00115,M00248,2026-01-23 15:04:16.433584,79,True,TV
W0007308,U00601,M00182,2026-03-28 15:04:16.433586,22,True,Tablet
W0007309,U00553,M00141,2026-03-04 15:04:16.433588,111,False,TV
W0007310,U00472,M00135,2026-04-26 15:04:16.433590,117,False,TV
W0007311,U00776,M00042,2025-09-03 15:04:16.433592,61,True,Tablet
W0007312,U00711,M00241,2025-09-23 15:04:16.433594,65,False,TV
W0007313,U00737,M00024,2025-05-29 15:04:16.433596,147,True,Mobile
W0007314,U00070,M00161,2025-12-18 15:04:16.433598,145,False,TV
W0007315,U00442,M00017,2025-07-19 15:04:16.433600,120,False,Tablet
W0007316,U00734,M00205,2026-02-03 15:04:16.433602,133,True,Tablet
W0007317,U00956,M00001,2025-11-10 15:04:16.433604,177,True,Tablet
W0007318,U00875,M00140,2026-02-10 15:04:16.433609,117,False,TV
W0007319,U00384,M00167,2025-08-01 15:04:16.433611,172,False,Mobile
W0007320,U00185,M00066,2025-08-02 15:04:16.433613,168,False,TV
W0007321,U00302,M00231,2025-05-14 15:04:16.433615,88,False,TV
W0007322,U00022,M00083,2025-11-07 15:04:16.433617,45,False,Laptop
W0007323,U00108,M00117,2026-03-07 15:04:16.433619,23,True,TV
W0007324,U00241,M00250,2025-12-15 15:04:16.433622,32,False,Laptop
W0007325,U00430,M00030,2025-08-08 15:04:16.433624,34,True,Mobile
W0007326,U00703,M00247,2025-09-22 15:04:16.433626,38,False,TV
W0007327,U00482,M00162,2025-09-12 15:04:16.433628,59,False,Laptop
W0007328,U00558,M00003,2026-05-04 15:04:16.433630,44,True,Laptop
W0007329,U00967,M00071,2025-10-02 15:04:16.433632,170,True,TV
W0007330,U00655,M00221,2025-11-06 15:04:16.433634,159,False,Tablet
W0007331,U00765,M00174,2025-07-17 15:04:16.433636,126,False,TV
W0007332,U00998,M00168,2025-12-25 15:04:16.433638,57,False,Laptop
W0007333,U00630,M00047,2026-02-27 15:04:16.433640,58,False,Mobile
W0007334,U00925,M00016,2025-06-12 15:04:16.433642,62,True,Laptop
W0007335,U00754,M00169,2026-02-01 15:04:16.433645,179,False,TV
W0007336,U00905,M00181,2026-03-01 15:04:16.433647,27,False,TV
W0007337,U00791,M00155,2025-11-29 15:04:16.433649,119,False,Tablet
W0007338,U00440,M00032,2025-10-07 15:04:16.433652,138,False,TV
W0007339,U00031,M00093,2025-09-07 15:04:16.433654,137,True,Laptop
W0007340,U00114,M00223,2025-06-16 15:04:16.433656,169,False,TV
W0007341,U00246,M00084,2025-07-09 15:04:16.433658,122,True,Laptop
W0007342,U00099,M00006,2025-11-06 15:04:16.433660,29,True,Laptop
W0007343,U00680,M00208,2025-06-16 15:04:16.433662,51,True,TV
W0007344,U00366,M00044,2025-10-15 15:04:16.433664,49,False,TV
W0007345,U00487,M00274,2025-10-04 15:04:16.433667,52,True,Mobile
W0007346,U00238,M00022,2025-08-06 15:04:16.433669,24,True,Laptop
W0007347,U00879,M00226,2025-05-10 15:04:16.433671,117,True,Laptop
W0007348,U00088,M00268,2025-07-09 15:04:16.433675,52,False,TV
W0007349,U00785,M00023,2026-02-21 15:04:16.433678,114,False,TV
W0007350,U00790,M00237,2025-08-12 15:04:16.433680,168,True,Tablet
W0007351,U00024,M00220,2025-07-26 15:04:16.433682,68,False,TV
W0007352,U00098,M00229,2026-05-06 15:04:16.433684,62,True,Mobile
W0007353,U00938,M00112,2025-10-23 15:04:16.433686,77,False,TV
W0007354,U00733,M00123,2026-01-15 15:04:16.433688,124,False,Tablet
W0007355,U00732,M00035,2026-04-18 15:04:16.433690,138,False,TV
W0007356,U00574,M00250,2025-11-28 15:04:16.433692,26,True,Laptop
W0007357,U00718,M00173,2025-05-12 15:04:16.433695,178,False,Tablet
W0007358,U00901,M00080,2026-01-27 15:04:16.433697,14,True,Mobile
W0007359,U00898,M00270,2025-07-10 15:04:16.433700,94,True,Mobile
W0007360,U00021,M00098,2025-12-11 15:04:16.433702,100,False,Laptop
W0007361,U00231,M00065,2026-02-09 15:04:16.433768,63,True,Mobile
W0007362,U00711,M00224,2025-12-02 15:04:16.433775,52,False,Mobile
W0007363,U00407,M00064,2026-03-28 15:04:16.433780,126,True,Tablet
W0007364,U00892,M00207,2026-01-25 15:04:16.433783,9,True,TV
W0007365,U00861,M00116,2025-05-14 15:04:16.433787,113,True,Mobile
W0007366,U00643,M00133,2026-01-09 15:04:16.433789,125,True,Laptop
W0007367,U00076,M00275,2025-10-13 15:04:16.433792,29,True,TV
W0007368,U00163,M00190,2025-11-08 15:04:16.433796,48,True,TV
W0007369,U00060,M00210,2026-01-11 15:04:16.433800,137,True,Mobile
W0007370,U00271,M00244,2025-07-17 15:04:16.433803,121,False,TV
W0007371,U00162,M00164,2025-11-09 15:04:16.433806,66,False,Tablet
W0007372,U00054,M00227,2025-09-22 15:04:16.433808,54,False,TV
W0007373,U00611,M00110,2025-08-31 15:04:16.433811,159,False,Tablet
W0007374,U00743,M00016,2026-01-04 15:04:16.433814,55,True,TV
W0007375,U00197,M00209,2025-07-06 15:04:16.433817,20,False,Laptop
W0007376,U00776,M00297,2025-08-10 15:04:16.433820,16,False,Tablet
W0007377,U00059,M00215,2026-03-13 15:04:16.433833,81,False,Mobile
W0007378,U00812,M00142,2026-01-30 15:04:16.433837,39,True,Tablet
W0007379,U00561,M00215,2026-02-18 15:04:16.433840,67,True,Tablet
W0007380,U00409,M00261,2026-02-01 15:04:16.433844,75,False,Mobile
W0007381,U00409,M00156,2025-11-08 15:04:16.433848,141,False,Mobile
W0007382,U00968,M00109,2026-05-08 15:04:16.433851,96,True,Laptop
W0007383,U00574,M00027,2026-02-21 15:04:16.433854,8,False,Mobile
W0007384,U00277,M00239,2025-06-26 15:04:16.433857,105,False,TV
W0007385,U00734,M00077,2025-07-07 15:04:16.433861,30,False,TV
W0007386,U00561,M00095,2025-09-16 15:04:16.433864,36,True,Mobile
W0007387,U00226,M00007,2025-12-27 15:04:16.433867,166,True,Laptop
W0007388,U00627,M00001,2025-07-12 15:04:16.433870,162,False,Laptop
W0007389,U00264,M00065,2025-07-03 15:04:16.433873,36,False,TV
W0007390,U00604,M00118,2026-04-26 15:04:16.433876,155,True,Laptop
W0007391,U00410,M00031,2025-11-06 15:04:16.433879,71,True,Mobile
W0007392,U00191,M00261,2026-03-08 15:04:16.433882,123,True,TV
W0007393,U00257,M00097,2025-11-06 15:04:16.433885,30,True,Tablet
W0007394,U00977,M00224,2026-04-09 15:04:16.433887,75,True,TV
W0007395,U00212,M00162,2025-05-18 15:04:16.433891,116,True,Laptop
W0007396,U00526,M00139,2026-03-06 15:04:16.433896,42,False,TV
W0007397,U00962,M00076,2026-01-27 15:04:16.433899,125,True,Tablet
W0007398,U00213,M00195,2025-07-20 15:04:16.433903,22,False,Mobile
W0007399,U00759,M00048,2026-04-01 15:04:16.433907,83,False,Tablet
W0007400,U00277,M00298,2026-04-13 15:04:16.433910,105,True,Laptop
W0007401,U00085,M00143,2025-08-04 15:04:16.433914,131,True,Tablet
W0007402,U00872,M00144,2026-03-08 15:04:16.433917,52,True,Tablet
W0007403,U00415,M00202,2025-05-10 15:04:16.433920,29,False,TV
W0007404,U00424,M00182,2025-06-19 15:04:16.433923,127,False,Mobile
W0007405,U00723,M00124,2025-10-25 15:04:16.433926,61,False,Laptop
W0007406,U00364,M00108,2025-09-15 15:04:16.433929,88,True,Tablet
W0007407,U00955,M00223,2025-09-01 15:04:16.433933,81,False,TV
W0007408,U00506,M00116,2025-09-07 15:04:16.433936,70,True,Laptop
W0007409,U00706,M00097,2026-01-27 15:04:16.433939,106,True,TV
W0007410,U00670,M00248,2025-07-31 15:04:16.433942,165,True,TV
W0007411,U00172,M00215,2025-06-24 15:04:16.433946,47,False,Mobile
W0007412,U00364,M00016,2025-08-28 15:04:16.433949,131,True,Mobile
W0007413,U00872,M00007,2026-04-14 15:04:16.434000,155,False,Laptop
W0007414,U00705,M00258,2026-02-09 15:04:16.434006,102,True,Mobile
W0007415,U00148,M00225,2025-10-28 15:04:16.434008,169,True,Laptop
W0007416,U00641,M00269,2026-05-06 15:04:16.434012,153,False,TV
W0007417,U00029,M00225,2025-12-19 15:04:16.434014,108,False,Tablet
W0007418,U00674,M00274,2025-10-22 15:04:16.434017,112,False,TV
W0007419,U00062,M00299,2026-03-09 15:04:16.434019,86,False,Laptop
W0007420,U00921,M00023,2025-10-09 15:04:16.434022,27,False,Mobile
W0007421,U00195,M00248,2025-10-03 15:04:16.434024,90,False,Tablet
W0007422,U00833,M00234,2025-05-20 15:04:16.434026,54,False,TV
W0007423,U00698,M00230,2026-02-22 15:04:16.434029,162,True,Laptop
W0007424,U00310,M00132,2026-01-18 15:04:16.434031,79,False,TV
W0007425,U00951,M00181,2025-10-04 15:04:16.434033,100,False,Tablet
W0007426,U00173,M00228,2025-05-21 15:04:16.434035,110,True,Tablet
W0007427,U00683,M00164,2025-12-02 15:04:16.434037,152,True,Laptop
W0007428,U00598,M00081,2026-02-11 15:04:16.434039,24,True,TV
W0007429,U00223,M00258,2025-06-11 15:04:16.434041,11,False,TV
W0007430,U00556,M00150,2025-07-27 15:04:16.434044,110,True,Laptop
W0007431,U00317,M00065,2025-11-21 15:04:16.434046,74,True,Mobile
W0007432,U00952,M00164,2025-06-14 15:04:16.434084,105,True,Mobile
W0007433,U00120,M00217,2025-07-31 15:04:16.434089,158,True,TV
W0007434,U00218,M00024,2026-03-11 15:04:16.434092,53,True,Tablet
W0007435,U00360,M00136,2026-01-12 15:04:16.434095,63,False,Tablet
W0007436,U00615,M00204,2026-02-06 15:04:16.434098,46,False,TV
W0007437,U00245,M00287,2025-08-14 15:04:16.434101,63,False,Mobile
W0007438,U00621,M00239,2026-03-22 15:04:16.434103,7,True,Tablet
W0007439,U00346,M00035,2025-12-20 15:04:16.434105,156,False,Mobile
W0007440,U00311,M00010,2026-01-10 15:04:16.434107,156,False,Tablet
W0007441,U00923,M00103,2025-07-10 15:04:16.434109,18,True,Mobile
W0007442,U00869,M00295,2026-04-18 15:04:16.434112,137,True,Laptop
W0007443,U00753,M00034,2025-08-09 15:04:16.434114,43,True,Mobile
W0007444,U00294,M00141,2026-01-28 15:04:16.434116,50,False,Tablet
W0007445,U00369,M00156,2026-04-23 15:04:16.434120,170,True,Mobile
W0007446,U00464,M00062,2026-03-31 15:04:16.434122,70,True,Laptop
W0007447,U00515,M00077,2025-11-10 15:04:16.434124,110,True,Mobile
W0007448,U00902,M00027,2025-10-22 15:04:16.434126,22,True,Tablet
W0007449,U00290,M00102,2026-02-08 15:04:16.434129,177,False,Tablet
W0007450,U00321,M00211,2025-10-01 15:04:16.434131,30,False,TV
W0007451,U00292,M00050,2025-07-04 15:04:16.434133,64,True,Tablet
W0007452,U00018,M00170,2025-07-19 15:04:16.434135,178,True,Tablet
W0007453,U00926,M00040,2025-07-15 15:04:16.434137,27,True,Laptop
W0007454,U00551,M00059,2025-11-03 15:04:16.434139,100,True,Laptop
W0007455,U00697,M00110,2025-09-01 15:04:16.434144,161,False,Mobile
W0007456,U00329,M00200,2026-04-30 15:04:16.434146,106,True,TV
W0007457,U00847,M00070,2025-11-03 15:04:16.434148,13,True,Mobile
W0007458,U00429,M00077,2025-07-03 15:04:16.434150,151,False,TV
W0007459,U00182,M00109,2025-12-18 15:04:16.434152,62,True,TV
W0007460,U00831,M00223,2025-11-17 15:04:16.434155,158,False,Laptop
W0007461,U00266,M00064,2026-04-19 15:04:16.434157,112,True,Laptop
W0007462,U00707,M00084,2025-08-11 15:04:16.434160,148,True,Tablet
W0007463,U00952,M00229,2025-08-01 15:04:16.434162,64,False,TV
W0007464,U00410,M00125,2026-02-21 15:04:16.434164,94,True,Laptop
W0007465,U00849,M00083,2026-03-27 15:04:16.434166,83,False,TV
W0007466,U00472,M00234,2025-05-20 15:04:16.434168,169,False,TV
W0007467,U00420,M00261,2025-10-12 15:04:16.434170,72,False,TV
W0007468,U00184,M00007,2026-03-21 15:04:16.434172,10,True,TV
W0007469,U00261,M00031,2025-10-08 15:04:16.434174,56,True,TV
W0007470,U00405,M00187,2025-10-11 15:04:16.434177,166,True,Mobile
W0007471,U00782,M00016,2026-01-03 15:04:16.434179,95,True,Mobile
W0007472,U00142,M00024,2026-01-08 15:04:16.434181,7,True,Tablet
W0007473,U00575,M00141,2025-05-12 15:04:16.434183,121,False,Mobile
W0007474,U00874,M00032,2025-09-04 15:04:16.434186,10,True,TV
W0007475,U00090,M00060,2025-08-01 15:04:16.434189,17,True,Mobile
W0007476,U00331,M00078,2026-04-18 15:04:16.434191,65,False,TV
W0007477,U00864,M00082,2026-04-20 15:04:16.434195,147,True,Laptop
W0007478,U00417,M00086,2025-12-01 15:04:16.434197,136,True,Tablet
W0007479,U00957,M00252,2025-05-12 15:04:16.434199,102,False,TV
W0007480,U00811,M00022,2026-02-23 15:04:16.434201,171,True,Tablet
W0007481,U00710,M00227,2025-07-20 15:04:16.434203,111,True,TV
W0007482,U00997,M00044,2025-11-09 15:04:16.434205,93,True,Mobile
W0007483,U00891,M00036,2025-11-16 15:04:16.434207,53,True,Laptop
W0007484,U00139,M00256,2025-10-28 15:04:16.434210,48,False,TV
W0007485,U00783,M00134,2026-03-20 15:04:16.434212,173,False,TV
W0007486,U00934,M00015,2025-08-20 15:04:16.434214,7,True,TV
W0007487,U00370,M00235,2025-07-02 15:04:16.434216,56,True,Tablet
W0007488,U00261,M00140,2025-06-12 15:04:16.434218,59,False,Mobile
W0007489,U00292,M00198,2025-07-01 15:04:16.434220,24,True,Mobile
W0007490,U00628,M00057,2026-03-16 15:04:16.434222,148,False,TV
W0007491,U00056,M00190,2025-07-02 15:04:16.434224,31,False,Tablet
W0007492,U00699,M00221,2026-02-18 15:04:16.434226,64,True,TV
W0007493,U00821,M00147,2025-11-03 15:04:16.434228,105,False,Laptop
W0007494,U00534,M00271,2025-08-24 15:04:16.434231,137,False,Laptop
W0007495,U00375,M00084,2025-06-01 15:04:16.434234,52,True,Tablet
W0007496,U00633,M00095,2025-09-04 15:04:16.434235,86,False,Tablet
W0007497,U00908,M00098,2025-12-05 15:04:16.434237,24,False,TV
W0007498,U00935,M00143,2026-04-30 15:04:16.434239,54,True,Laptop
W0007499,U01000,M00232,2025-07-09 15:04:16.434242,11,False,TV
W0007500,U00807,M00130,2025-06-06 15:04:16.434244,37,True,Tablet
W0007501,U00359,M00298,2026-02-08 15:04:16.434246,101,False,Laptop
W0007502,U00119,M00122,2026-03-20 15:04:16.434248,126,False,Mobile
W0007503,U00524,M00245,2026-03-21 15:04:16.434250,168,False,Tablet
W0007504,U00359,M00165,2025-08-30 15:04:16.434252,89,False,Mobile
W0007505,U00831,M00141,2026-03-25 15:04:16.434254,11,True,Laptop
W0007506,U00858,M00180,2025-05-19 15:04:16.434256,143,True,Tablet
W0007507,U00609,M00030,2025-07-11 15:04:16.434258,34,False,Tablet
W0007508,U00692,M00227,2025-06-02 15:04:16.434260,146,False,TV
W0007509,U00278,M00073,2026-04-07 15:04:16.434264,6,True,Laptop
W0007510,U00188,M00106,2025-09-18 15:04:16.434266,70,True,TV
W0007511,U00017,M00155,2025-08-12 15:04:16.434269,78,False,Laptop
W0007512,U00773,M00176,2025-05-16 15:04:16.434271,179,True,Mobile
W0007513,U00532,M00120,2026-01-06 15:04:16.434274,99,True,Laptop
W0007514,U00499,M00138,2026-04-20 15:04:16.434276,64,False,TV
W0007515,U00026,M00214,2026-02-25 15:04:16.434278,11,True,Tablet
W0007516,U00731,M00179,2025-12-23 15:04:16.434281,103,True,TV
W0007517,U00839,M00051,2026-02-11 15:04:16.434284,13,False,Laptop
W0007518,U00946,M00296,2026-03-19 15:04:16.434286,10,True,TV
W0007519,U00160,M00156,2025-11-10 15:04:16.434288,159,True,Mobile
W0007520,U00159,M00225,2025-10-08 15:04:16.434290,82,False,Laptop
W0007521,U00296,M00256,2025-06-03 15:04:16.434293,40,True,Mobile
W0007522,U00285,M00256,2025-10-06 15:04:16.434296,63,False,Mobile
W0007523,U00966,M00220,2025-11-21 15:04:16.434300,73,False,Mobile
W0007524,U00806,M00183,2025-10-07 15:04:16.434302,50,False,Tablet
W0007525,U00741,M00229,2025-08-31 15:04:16.434306,136,False,Tablet
W0007526,U00069,M00046,2025-08-06 15:04:16.434309,68,False,Tablet
W0007527,U00847,M00053,2025-07-22 15:04:16.434312,91,False,Tablet
W0007528,U00793,M00238,2025-06-30 15:04:16.434315,112,True,TV
W0007529,U00147,M00028,2026-01-11 15:04:16.434317,82,True,Mobile
W0007530,U00127,M00188,2025-06-30 15:04:16.434321,46,True,Laptop
W0007531,U00858,M00045,2025-06-13 15:04:16.434324,170,False,Mobile
W0007532,U00251,M00163,2025-09-14 15:04:16.434328,119,False,Laptop
W0007533,U00779,M00103,2025-06-15 15:04:16.434333,106,True,TV
W0007534,U00289,M00156,2025-09-16 15:04:16.434336,132,False,TV
W0007535,U00503,M00046,2026-04-24 15:04:16.434339,53,True,TV
W0007536,U00371,M00140,2025-12-05 15:04:16.434342,102,False,Mobile
W0007537,U00452,M00188,2025-05-21 15:04:16.434345,116,False,Tablet
W0007538,U00734,M00071,2025-11-10 15:04:16.434347,50,False,Laptop
W0007539,U00667,M00205,2026-01-14 15:04:16.434350,26,False,TV
W0007540,U00944,M00065,2026-01-12 15:04:16.434352,74,False,Tablet
W0007541,U00569,M00277,2025-09-04 15:04:16.434356,45,True,TV
W0007542,U00052,M00023,2025-08-21 15:04:16.434358,140,True,Tablet
W0007543,U00931,M00089,2026-04-12 15:04:16.434360,45,False,TV
W0007544,U00400,M00062,2026-05-06 15:04:16.434362,39,False,Tablet
W0007545,U00679,M00064,2026-01-28 15:04:16.434364,15,False,Mobile
W0007546,U00091,M00187,2025-09-27 15:04:16.434366,43,True,Laptop
W0007547,U00095,M00282,2025-07-08 15:04:16.434368,168,False,Tablet
W0007548,U00217,M00271,2025-07-19 15:04:16.434370,54,False,Tablet
W0007549,U00438,M00141,2025-07-06 15:04:16.434372,28,True,Tablet
W0007550,U00350,M00168,2026-02-25 15:04:16.434374,39,True,Laptop
W0007551,U00700,M00087,2026-02-22 15:04:16.434376,42,True,Mobile
W0007552,U00464,M00214,2025-11-04 15:04:16.434379,68,True,Tablet
W0007553,U00924,M00269,2025-08-29 15:04:16.434382,133,False,Tablet
W0007554,U00928,M00180,2025-10-19 15:04:16.434384,106,False,Laptop
W0007555,U00836,M00210,2025-12-23 15:04:16.434386,134,True,Laptop
W0007556,U00671,M00028,2025-06-22 15:04:16.434388,45,False,Mobile
W0007557,U00653,M00159,2025-10-31 15:04:16.434390,119,False,Laptop
W0007558,U00272,M00275,2025-06-16 15:04:16.434392,85,False,Tablet
W0007559,U00601,M00279,2026-04-22 15:04:16.434394,103,True,Laptop
W0007560,U00068,M00169,2025-10-04 15:04:16.434396,120,True,Laptop
W0007561,U00182,M00181,2025-10-21 15:04:16.434398,57,True,Mobile
W0007562,U00720,M00243,2025-05-20 15:04:16.434400,158,False,Mobile
W0007563,U00619,M00264,2025-07-10 15:04:16.434402,89,False,Mobile
W0007564,U00963,M00003,2025-12-26 15:04:16.434404,35,True,TV
W0007565,U00660,M00220,2026-04-24 15:04:16.434406,161,True,TV
W0007566,U00032,M00077,2026-04-03 15:04:16.434408,161,True,Mobile
W0007567,U00826,M00045,2026-05-01 15:04:16.434411,177,False,TV
W0007568,U00825,M00047,2025-09-06 15:04:16.434413,135,False,Tablet
W0007569,U00545,M00167,2025-11-24 15:04:16.434415,51,False,Laptop
W0007570,U00174,M00256,2026-02-20 15:04:16.434417,127,True,Tablet
W0007571,U00849,M00234,2026-03-23 15:04:16.434419,29,False,TV
W0007572,U00861,M00012,2025-08-08 15:04:16.434422,21,False,Tablet
W0007573,U00996,M00076,2026-03-31 15:04:16.434426,91,True,Tablet
W0007574,U00109,M00245,2025-06-18 15:04:16.434428,145,False,TV
W0007575,U00640,M00027,2025-10-11 15:04:16.434430,71,True,Tablet
W0007576,U00546,M00219,2026-05-02 15:04:16.434432,27,False,TV
W0007577,U00450,M00122,2026-03-12 15:04:16.434434,108,True,Tablet
W0007578,U00132,M00148,2025-11-27 15:04:16.434436,52,True,TV
W0007579,U00056,M00153,2025-09-30 15:04:16.434437,31,True,Mobile
W0007580,U00864,M00029,2025-10-25 15:04:16.434439,173,False,Laptop
W0007581,U00454,M00247,2026-04-14 15:04:16.434441,129,True,Tablet
W0007582,U00151,M00130,2026-03-20 15:04:16.434443,57,False,TV
W0007583,U00893,M00289,2025-12-11 15:04:16.434445,150,False,Mobile
W0007584,U00745,M00274,2026-01-30 15:04:16.434447,142,True,Laptop
W0007585,U00765,M00245,2025-09-12 15:04:16.434449,91,True,Laptop
W0007586,U00729,M00213,2025-11-27 15:04:16.434453,98,False,Tablet
W0007587,U00053,M00175,2025-08-25 15:04:16.434456,51,True,Tablet
W0007588,U00411,M00293,2026-03-18 15:04:16.434459,43,False,TV
W0007589,U00407,M00279,2026-02-14 15:04:16.434462,178,False,Mobile
W0007590,U00086,M00281,2025-10-12 15:04:16.434466,110,False,Tablet
W0007591,U00691,M00071,2025-08-19 15:04:16.434473,170,True,Tablet
W0007592,U00175,M00287,2026-03-12 15:04:16.434476,47,True,Mobile
W0007593,U00405,M00056,2025-12-22 15:04:16.434479,18,True,TV
W0007594,U00249,M00059,2026-02-11 15:04:16.434483,27,False,Mobile
W0007595,U00735,M00237,2025-10-14 15:04:16.434486,93,True,Tablet
W0007596,U00167,M00261,2025-06-21 15:04:16.434489,64,False,Mobile
W0007597,U00717,M00122,2025-06-28 15:04:16.434493,40,True,Tablet
W0007598,U00611,M00144,2026-01-21 15:04:16.434496,8,False,TV
W0007599,U00125,M00049,2025-10-13 15:04:16.434498,138,False,Laptop
W0007600,U00681,M00014,2025-12-26 15:04:16.434501,151,False,TV
W0007601,U00400,M00045,2025-08-29 15:04:16.434503,9,False,Tablet
W0007602,U00564,M00275,2025-06-08 15:04:16.434541,176,False,TV
W0007603,U00385,M00075,2025-11-12 15:04:16.434547,50,True,TV
W0007604,U00541,M00078,2025-11-23 15:04:16.434553,30,True,Laptop
W0007605,U00699,M00142,2025-08-23 15:04:16.434555,109,True,Tablet
W0007606,U00192,M00025,2026-01-31 15:04:16.434558,174,False,Tablet
W0007607,U00459,M00205,2026-01-20 15:04:16.434561,27,False,Laptop
W0007608,U00775,M00045,2025-12-21 15:04:16.434562,18,False,Laptop
W0007609,U00628,M00298,2025-10-23 15:04:16.434565,26,True,Laptop
W0007610,U00373,M00181,2025-10-18 15:04:16.434567,65,False,Laptop
W0007611,U00564,M00112,2026-02-05 15:04:16.434571,109,True,Tablet
W0007612,U00510,M00101,2025-08-29 15:04:16.434573,60,False,Laptop
W0007613,U00909,M00220,2025-09-15 15:04:16.434575,60,False,Laptop
W0007614,U00468,M00180,2025-08-14 15:04:16.434577,118,True,Tablet
W0007615,U00874,M00136,2026-03-28 15:04:16.434579,173,True,Mobile
W0007616,U00871,M00089,2026-03-09 15:04:16.434581,94,False,TV
W0007617,U00647,M00258,2026-03-01 15:04:16.434584,110,True,TV
W0007618,U00157,M00119,2026-05-09 15:04:16.434585,77,False,TV
W0007619,U00987,M00180,2025-12-08 15:04:16.434588,20,True,Tablet
W0007620,U00895,M00099,2025-11-20 15:04:16.434590,145,True,Mobile
W0007621,U00549,M00292,2026-03-16 15:04:16.434592,137,False,Tablet
W0007622,U00980,M00060,2025-05-27 15:04:16.434594,76,True,Tablet
W0007623,U00737,M00226,2025-10-21 15:04:16.434596,166,True,Laptop
W0007624,U00630,M00208,2026-05-04 15:04:16.434598,174,False,Tablet
W0007625,U00933,M00261,2025-07-09 15:04:16.434600,135,False,Mobile
W0007626,U00650,M00021,2025-09-09 15:04:16.434602,147,False,Mobile
W0007627,U00758,M00206,2026-04-14 15:04:16.434604,25,True,TV
W0007628,U00193,M00172,2025-07-11 15:04:16.434606,175,True,Laptop
W0007629,U00777,M00014,2025-12-20 15:04:16.434608,98,True,TV
W0007630,U00292,M00155,2025-12-04 15:04:16.434611,49,True,Mobile
W0007631,U00566,M00207,2025-07-03 15:04:16.434613,91,False,Mobile
W0007632,U00791,M00036,2025-08-18 15:04:16.434615,41,True,Tablet
W0007633,U00276,M00179,2025-07-06 15:04:16.434617,179,True,Mobile
W0007634,U00203,M00058,2025-05-12 15:04:16.434619,165,False,Mobile
W0007635,U00974,M00191,2026-03-24 15:04:16.434621,107,False,Mobile
W0007636,U00422,M00277,2026-04-18 15:04:16.434625,41,True,TV
W0007637,U00164,M00196,2026-04-01 15:04:16.434627,134,True,TV
W0007638,U00277,M00135,2025-09-16 15:04:16.434629,88,False,Laptop
W0007639,U00150,M00087,2025-08-14 15:04:16.434631,58,False,Laptop
W0007640,U00695,M00140,2025-08-07 15:04:16.434633,90,True,Tablet
W0007641,U00186,M00235,2025-11-10 15:04:16.434635,20,False,Tablet
W0007642,U00150,M00292,2025-12-09 15:04:16.434637,114,True,TV
W0007643,U00943,M00071,2025-05-14 15:04:16.434639,109,False,TV
W0007644,U00620,M00213,2025-07-14 15:04:16.434641,32,False,Tablet
W0007645,U00677,M00253,2025-08-20 15:04:16.434643,7,True,Mobile
W0007646,U00976,M00198,2026-03-08 15:04:16.434646,178,True,Tablet
W0007647,U00340,M00101,2025-07-02 15:04:16.434647,46,True,TV
W0007648,U00860,M00049,2025-12-23 15:04:16.434649,18,False,Laptop
W0007649,U00465,M00278,2026-04-25 15:04:16.434651,59,False,TV
W0007650,U00283,M00298,2026-01-22 15:04:16.434654,54,False,TV
W0007651,U00210,M00062,2026-02-15 15:04:16.434657,54,True,Mobile
W0007652,U00170,M00278,2025-08-29 15:04:16.434659,65,False,Tablet
W0007653,U00346,M00032,2025-10-07 15:04:16.434661,65,False,Tablet
W0007654,U00931,M00256,2025-07-26 15:04:16.434663,46,True,Laptop
W0007655,U00365,M00108,2025-09-01 15:04:16.434665,82,True,Tablet
W0007656,U00826,M00198,2025-10-23 15:04:16.434667,11,False,TV
W0007657,U00658,M00015,2025-06-05 15:04:16.434669,55,True,Mobile
W0007658,U00258,M00280,2025-06-20 15:04:16.434671,72,True,Tablet
W0007659,U00129,M00091,2025-11-26 15:04:16.434673,101,False,Mobile
W0007660,U00502,M00269,2026-02-05 15:04:16.434676,156,False,TV
W0007661,U00131,M00052,2025-11-03 15:04:16.434678,147,False,Laptop
W0007662,U00798,M00193,2025-11-15 15:04:16.434680,68,True,Tablet
W0007663,U00616,M00174,2025-05-20 15:04:16.434682,73,False,TV
W0007664,U00266,M00135,2026-05-07 15:04:16.434684,179,False,TV
W0007665,U00763,M00090,2025-10-20 15:04:16.434687,155,True,Laptop
W0007666,U00528,M00122,2025-06-11 15:04:16.434690,137,False,TV
W0007667,U00281,M00206,2025-11-03 15:04:16.434693,40,True,Tablet
W0007668,U00141,M00066,2025-08-28 15:04:16.434698,128,True,Laptop
W0007669,U00005,M00186,2025-08-19 15:04:16.434703,148,False,Tablet
W0007670,U00102,M00074,2025-10-14 15:04:16.434707,129,False,TV
W0007671,U00194,M00127,2025-09-03 15:04:16.434709,171,False,TV
W0007672,U00404,M00166,2026-03-09 15:04:16.434712,62,True,TV
W0007673,U00025,M00120,2025-08-06 15:04:16.434716,46,False,Mobile
W0007674,U00501,M00198,2025-10-20 15:04:16.434719,104,False,Mobile
W0007675,U00986,M00249,2026-01-21 15:04:16.434722,15,True,Laptop
W0007676,U00352,M00044,2025-11-13 15:04:16.434724,105,True,Laptop
W0007677,U00283,M00168,2025-07-23 15:04:16.434726,133,False,Mobile
W0007678,U00806,M00159,2026-04-25 15:04:16.434728,101,False,Mobile
W0007679,U00471,M00008,2025-10-16 15:04:16.434730,82,True,Mobile
W0007680,U00559,M00299,2026-04-24 15:04:16.434732,32,False,Laptop
W0007681,U00958,M00097,2026-03-02 15:04:16.434734,143,False,Mobile
W0007682,U00388,M00280,2026-05-03 15:04:16.434736,146,True,Mobile
W0007683,U00150,M00101,2026-03-05 15:04:16.434738,89,False,TV
W0007684,U00280,M00055,2026-04-19 15:04:16.434741,111,True,Laptop
W0007685,U00509,M00136,2025-10-04 15:04:16.434744,100,False,TV
W0007686,U00946,M00065,2026-02-24 15:04:16.434748,43,False,Tablet
W0007687,U00081,M00290,2025-07-21 15:04:16.434752,92,False,Tablet
W0007688,U00141,M00171,2026-02-04 15:04:16.434757,24,False,Mobile
W0007689,U00362,M00127,2025-12-02 15:04:16.434763,93,False,Laptop
W0007690,U00175,M00094,2026-03-01 15:04:16.434767,151,True,Laptop
W0007691,U00767,M00172,2025-05-18 15:04:16.434770,135,True,TV
W0007692,U00606,M00223,2025-05-28 15:04:16.434773,85,True,Mobile
W0007693,U00515,M00255,2025-08-09 15:04:16.434777,113,False,Mobile
W0007694,U00631,M00102,2025-06-25 15:04:16.434780,173,False,Tablet
W0007695,U00715,M00022,2025-10-14 15:04:16.434784,124,False,Laptop
W0007696,U00555,M00114,2026-02-07 15:04:16.434787,160,False,Laptop
W0007697,U00281,M00075,2025-06-10 15:04:16.434790,166,False,Laptop
W0007698,U00302,M00063,2025-10-04 15:04:16.434794,105,True,Tablet
W0007699,U00786,M00239,2026-03-19 15:04:16.434797,180,True,Laptop
W0007700,U00592,M00207,2025-08-14 15:04:16.434804,88,True,Mobile
W0007701,U00971,M00263,2025-06-12 15:04:16.434808,121,True,TV
W0007702,U00614,M00127,2025-05-26 15:04:16.434811,135,True,Laptop
W0007703,U00953,M00097,2025-06-24 15:04:16.434814,155,True,Tablet
W0007704,U00180,M00092,2025-06-08 15:04:16.434818,101,False,TV
W0007705,U00440,M00123,2026-05-08 15:04:16.434821,117,True,Tablet
W0007706,U00916,M00226,2025-09-12 15:04:16.434825,58,True,Mobile
W0007707,U00107,M00104,2026-02-11 15:04:16.434829,74,True,Tablet
W0007708,U00775,M00120,2025-05-20 15:04:16.434835,147,True,Tablet
W0007709,U00587,M00056,2026-03-01 15:04:16.434839,45,True,TV
W0007710,U00684,M00054,2025-08-04 15:04:16.434842,159,True,Mobile
W0007711,U00646,M00124,2025-11-16 15:04:16.434845,74,False,Laptop
W0007712,U00795,M00052,2025-06-27 15:04:16.434849,60,True,Mobile
W0007713,U00171,M00067,2026-04-01 15:04:16.434852,95,True,TV
W0007714,U00543,M00295,2025-08-19 15:04:16.434856,112,False,Mobile
W0007715,U00823,M00185,2026-04-19 15:04:16.434859,74,True,Tablet
W0007716,U00094,M00196,2026-01-05 15:04:16.434863,112,False,Mobile
W0007717,U00514,M00036,2025-08-27 15:04:16.434866,64,False,Tablet
W0007718,U00641,M00078,2025-06-17 15:04:16.434870,116,True,Mobile
W0007719,U00548,M00300,2026-05-05 15:04:16.434873,58,True,Laptop
W0007720,U00299,M00280,2026-04-04 15:04:16.434877,84,True,Laptop
W0007721,U00866,M00181,2026-03-18 15:04:16.434880,18,False,Tablet
W0007722,U00427,M00173,2025-07-01 15:04:16.434884,77,True,Laptop
W0007723,U00351,M00251,2025-12-09 15:04:16.434887,84,True,Laptop
W0007724,U00892,M00031,2025-09-12 15:04:16.434891,174,False,Mobile
W0007725,U00692,M00097,2025-06-05 15:04:16.434894,164,True,TV
W0007726,U00577,M00156,2025-06-23 15:04:16.434898,12,True,Laptop
W0007727,U00660,M00008,2025-09-21 15:04:16.434901,18,True,Mobile
W0007728,U00139,M00081,2025-08-28 15:04:16.434910,31,True,Laptop
W0007729,U00681,M00124,2026-03-22 15:04:16.434915,101,False,TV
W0007730,U00086,M00004,2026-03-12 15:04:16.434916,167,False,TV
W0007731,U00178,M00121,2026-02-18 15:04:16.434918,165,False,TV
W0007732,U00266,M00094,2025-10-30 15:04:16.434922,114,False,TV
W0007733,U00902,M00202,2025-08-21 15:04:16.434924,166,True,TV
W0007734,U00573,M00280,2025-05-13 15:04:16.434926,30,False,TV
W0007735,U00869,M00245,2025-08-06 15:04:16.434928,83,False,Laptop
W0007736,U00419,M00122,2025-11-01 15:04:16.434930,144,False,Mobile
W0007737,U00060,M00214,2025-10-01 15:04:16.434932,143,True,TV
W0007738,U00053,M00290,2025-06-02 15:04:16.434934,133,False,TV
W0007739,U00953,M00245,2025-08-31 15:04:16.434937,68,False,TV
W0007740,U00112,M00142,2026-04-18 15:04:16.434939,129,False,Laptop
W0007741,U00237,M00095,2026-01-22 15:04:16.434940,152,True,Mobile
W0007742,U00439,M00167,2025-07-20 15:04:16.434943,127,False,Tablet
W0007743,U00084,M00211,2026-03-18 15:04:16.434945,65,True,Laptop
W0007744,U00083,M00065,2025-07-04 15:04:16.434947,141,True,Laptop
W0007745,U00700,M00054,2025-12-27 15:04:16.434949,103,True,TV
W0007746,U00850,M00160,2025-11-16 15:04:16.434951,146,True,Tablet
W0007747,U00757,M00103,2026-03-17 15:04:16.434956,167,False,Tablet
W0007748,U00871,M00091,2025-10-02 15:04:16.434959,156,True,Mobile
W0007749,U00427,M00258,2025-07-07 15:04:16.434961,118,True,Mobile
W0007750,U00495,M00185,2025-11-20 15:04:16.434963,136,True,Mobile
W0007751,U00482,M00088,2025-11-01 15:04:16.434965,172,True,TV
W0007752,U00103,M00197,2025-11-30 15:04:16.434967,88,True,Mobile
W0007753,U00606,M00158,2026-03-06 15:04:16.434969,35,False,Tablet
W0007754,U00651,M00262,2025-10-02 15:04:16.434971,106,False,TV
W0007755,U00791,M00053,2026-03-16 15:04:16.434973,118,False,Tablet
W0007756,U00059,M00056,2025-10-02 15:04:16.434975,39,False,TV
W0007757,U00168,M00116,2025-06-01 15:04:16.434977,112,False,Mobile
W0007758,U00626,M00079,2025-11-03 15:04:16.434979,105,True,TV
W0007759,U00080,M00089,2026-02-03 15:04:16.434981,102,False,Laptop
W0007760,U00205,M00267,2025-05-15 15:04:16.434984,164,True,TV
W0007761,U00093,M00229,2025-08-18 15:04:16.434986,76,False,TV
W0007762,U00578,M00006,2025-06-26 15:04:16.434988,123,True,TV
W0007763,U00547,M00012,2025-10-24 15:04:16.434990,111,False,Tablet
W0007764,U00615,M00034,2026-02-12 15:04:16.434993,28,False,Mobile
W0007765,U00569,M00146,2025-08-08 15:04:16.434995,102,False,Tablet
W0007766,U00448,M00130,2025-06-08 15:04:16.434997,38,True,Tablet
W0007767,U00841,M00198,2026-03-23 15:04:16.435043,90,True,Mobile
W0007768,U00288,M00168,2026-02-28 15:04:16.435050,108,True,Tablet
W0007769,U00232,M00265,2026-03-16 15:04:16.435053,61,True,TV
W0007770,U00576,M00246,2026-04-05 15:04:16.435056,108,False,Tablet
W0007771,U00204,M00061,2025-12-29 15:04:16.435058,14,True,TV
W0007772,U00093,M00169,2026-05-06 15:04:16.435061,46,True,Mobile
W0007773,U00491,M00086,2025-12-20 15:04:16.435063,75,False,TV
W0007774,U00514,M00037,2025-05-27 15:04:16.435067,77,False,Mobile
W0007775,U00711,M00131,2025-09-13 15:04:16.435069,133,False,Laptop
W0007776,U00961,M00048,2026-05-05 15:04:16.435071,38,True,TV
W0007777,U00931,M00205,2025-11-23 15:04:16.435073,7,False,Laptop
W0007778,U00888,M00220,2026-04-10 15:04:16.435075,82,True,Tablet
W0007779,U00057,M00277,2025-10-20 15:04:16.435077,112,True,Laptop
W0007780,U00598,M00048,2025-07-13 15:04:16.435079,79,False,Laptop
W0007781,U00333,M00140,2026-02-15 15:04:16.435081,25,True,TV
W0007782,U00003,M00220,2025-10-20 15:04:16.435083,179,True,Tablet
W0007783,U00965,M00071,2025-06-01 15:04:16.435086,7,True,Tablet
W0007784,U00463,M00147,2025-09-01 15:04:16.435088,106,True,Mobile
W0007785,U00468,M00143,2026-01-31 15:04:16.435090,164,False,TV
W0007786,U00374,M00239,2025-07-15 15:04:16.435093,115,True,Tablet
W0007787,U00987,M00083,2026-02-25 15:04:16.435095,35,True,Tablet
W0007788,U00623,M00288,2025-07-03 15:04:16.435097,99,False,Mobile
W0007789,U00332,M00065,2025-08-24 15:04:16.435100,25,True,Mobile
W0007790,U00456,M00207,2025-08-19 15:04:16.435102,68,False,Mobile
W0007791,U00427,M00099,2025-05-13 15:04:16.435104,45,False,Laptop
W0007792,U00633,M00009,2025-11-03 15:04:16.435106,87,True,Tablet
W0007793,U00252,M00265,2026-04-27 15:04:16.435108,141,False,TV
W0007794,U00709,M00123,2026-04-27 15:04:16.435111,55,True,Tablet
W0007795,U00308,M00040,2026-01-24 15:04:16.435113,177,False,Laptop
W0007796,U00039,M00202,2025-08-13 15:04:16.435116,16,False,Laptop
W0007797,U00057,M00047,2026-04-08 15:04:16.435119,152,True,TV
W0007798,U00393,M00001,2025-09-04 15:04:16.435121,180,True,TV
W0007799,U00301,M00060,2025-10-23 15:04:16.435123,93,False,Mobile
W0007800,U00635,M00269,2026-05-07 15:04:16.435125,55,True,TV
W0007801,U00080,M00287,2025-08-07 15:04:16.435127,12,True,Mobile
W0007802,U00366,M00221,2025-09-21 15:04:16.435129,121,True,Laptop
W0007803,U00443,M00027,2025-08-22 15:04:16.435131,12,False,Tablet
W0007804,U00464,M00288,2025-10-14 15:04:16.435133,88,True,Laptop
W0007805,U00919,M00086,2025-07-16 15:04:16.435135,176,True,Tablet
W0007806,U00306,M00004,2025-08-07 15:04:16.435138,58,False,Laptop
W0007807,U00805,M00282,2025-09-03 15:04:16.435141,47,False,Laptop
W0007808,U00413,M00147,2025-08-25 15:04:16.435143,80,False,Laptop
W0007809,U00408,M00207,2026-04-07 15:04:16.435145,165,False,Tablet
W0007810,U00382,M00056,2025-05-13 15:04:16.435147,64,False,TV
W0007811,U00505,M00276,2025-07-08 15:04:16.435149,104,True,Tablet
W0007812,U00246,M00027,2026-03-02 15:04:16.435151,25,False,Tablet
W0007813,U00498,M00200,2025-12-12 15:04:16.435154,29,True,Laptop
W0007814,U00917,M00227,2026-02-26 15:04:16.435155,174,True,Laptop
W0007815,U00322,M00150,2025-12-01 15:04:16.435157,127,True,Tablet
W0007816,U00410,M00221,2026-02-08 15:04:16.435159,70,True,Tablet
W0007817,U00763,M00104,2025-09-15 15:04:16.435161,106,False,TV
W0007818,U00895,M00001,2026-04-09 15:04:16.435163,145,False,Tablet
W0007819,U00174,M00132,2025-08-22 15:04:16.435165,163,True,TV
W0007820,U00928,M00108,2025-08-25 15:04:16.435167,97,True,TV
W0007821,U00478,M00285,2025-09-26 15:04:16.435169,54,True,Mobile
W0007822,U00263,M00286,2026-01-27 15:04:16.435172,27,False,TV
W0007823,U00522,M00007,2025-11-03 15:04:16.435174,25,True,Tablet
W0007824,U00658,M00211,2025-06-29 15:04:16.435176,15,False,Mobile
W0007825,U00878,M00040,2026-05-01 15:04:16.435179,155,False,Mobile
W0007826,U00469,M00070,2026-04-12 15:04:16.435181,127,False,Laptop
W0007827,U00308,M00254,2025-12-12 15:04:16.435183,158,False,TV
W0007828,U00142,M00143,2026-01-02 15:04:16.435187,8,True,Laptop
W0007829,U00426,M00270,2025-07-26 15:04:16.435189,29,False,Tablet
W0007830,U00282,M00077,2025-10-28 15:04:16.435191,71,True,Laptop
W0007831,U00963,M00251,2025-08-30 15:04:16.435193,32,False,TV
W0007832,U00314,M00291,2025-07-15 15:04:16.435195,64,True,Tablet
W0007833,U00816,M00042,2025-12-28 15:04:16.435197,87,True,Mobile
W0007834,U00448,M00163,2025-10-19 15:04:16.435199,26,True,Laptop
W0007835,U00112,M00039,2025-12-07 15:04:16.435201,116,True,Mobile
W0007836,U00139,M00040,2026-03-16 15:04:16.435203,96,True,Mobile
W0007837,U00712,M00131,2026-03-22 15:04:16.435205,97,False,Mobile
W0007838,U00539,M00269,2025-06-20 15:04:16.435207,174,False,TV
W0007839,U00121,M00168,2026-01-10 15:04:16.435209,167,True,TV
W0007840,U00168,M00069,2025-06-12 15:04:16.435211,135,False,Laptop
W0007841,U00048,M00234,2026-02-04 15:04:16.435213,43,True,Laptop
W0007842,U00177,M00063,2025-12-05 15:04:16.435216,173,False,Tablet
W0007843,U00312,M00146,2025-07-25 15:04:16.435218,180,False,TV
W0007844,U00501,M00014,2025-12-16 15:04:16.435220,67,True,Laptop
W0007845,U00253,M00041,2025-07-20 15:04:16.435223,47,True,Laptop
W0007846,U00425,M00204,2026-05-04 15:04:16.435225,92,False,Tablet
W0007847,U00103,M00122,2025-10-05 15:04:16.435227,62,False,Laptop
W0007848,U00305,M00244,2025-07-09 15:04:16.435229,83,False,Mobile
W0007849,U00694,M00158,2026-05-09 15:04:16.435231,82,True,Tablet
W0007850,U00018,M00186,2026-02-23 15:04:16.435233,155,True,Mobile
W0007851,U00168,M00065,2025-10-04 15:04:16.435235,44,True,TV
W0007852,U00601,M00250,2025-10-17 15:04:16.435237,73,True,Mobile
W0007853,U00177,M00193,2025-12-24 15:04:16.435239,134,False,Tablet
W0007854,U00538,M00265,2026-04-27 15:04:16.435241,79,True,Tablet
W0007855,U00285,M00022,2025-08-23 15:04:16.435243,122,False,Mobile
W0007856,U00011,M00129,2025-08-07 15:04:16.435245,59,False,TV
W0007857,U00112,M00280,2025-10-15 15:04:16.435249,126,False,TV
W0007858,U00220,M00260,2025-07-03 15:04:16.435252,34,True,Laptop
W0007859,U00002,M00095,2026-05-01 15:04:16.435255,91,True,Mobile
W0007860,U00016,M00222,2025-08-16 15:04:16.435257,148,True,Tablet
W0007861,U00195,M00082,2025-10-11 15:04:16.435259,41,True,Laptop
W0007862,U00012,M00050,2026-01-10 15:04:16.435261,127,False,Laptop
W0007863,U00205,M00004,2025-09-09 15:04:16.435264,41,True,Tablet
W0007864,U00851,M00077,2026-01-11 15:04:16.435267,135,True,TV
W0007865,U00451,M00002,2026-03-05 15:04:16.435269,45,False,Mobile
W0007866,U00879,M00201,2025-10-04 15:04:16.435271,108,True,TV
W0007867,U00396,M00291,2026-03-20 15:04:16.435273,123,True,Mobile
W0007868,U00213,M00001,2025-11-17 15:04:16.435275,44,False,Tablet
W0007869,U00695,M00046,2025-05-31 15:04:16.435277,72,True,TV
W0007870,U00129,M00071,2025-07-05 15:04:16.435279,63,True,Laptop
W0007871,U00539,M00038,2025-07-11 15:04:16.435282,103,True,Mobile
W0007872,U00359,M00253,2025-09-21 15:04:16.435284,43,True,Laptop
W0007873,U00545,M00033,2025-09-09 15:04:16.435286,15,True,Laptop
W0007874,U00787,M00264,2025-10-03 15:04:16.435288,65,False,Tablet
W0007875,U00630,M00263,2025-10-04 15:04:16.435290,92,True,Mobile
W0007876,U00591,M00201,2025-10-01 15:04:16.435292,14,True,TV
W0007877,U00679,M00194,2025-10-06 15:04:16.435294,73,True,Mobile
W0007878,U00248,M00079,2025-06-26 15:04:16.435296,23,False,Tablet
W0007879,U00694,M00122,2025-11-21 15:04:16.435298,101,True,TV
W0007880,U00233,M00141,2025-07-10 15:04:16.435300,60,True,Tablet
W0007881,U00595,M00164,2025-08-30 15:04:16.435302,154,True,Tablet
W0007882,U00515,M00203,2025-08-31 15:04:16.435304,33,False,Mobile
W0007883,U00884,M00075,2025-12-06 15:04:16.435306,111,True,TV
W0007884,U00282,M00207,2026-05-06 15:04:16.435309,116,False,TV
W0007885,U00805,M00095,2025-10-11 15:04:16.435312,35,True,Laptop
W0007886,U00102,M00127,2025-08-08 15:04:16.435313,171,False,Mobile
W0007887,U00353,M00248,2025-08-26 15:04:16.435315,163,True,Mobile
W0007888,U00732,M00244,2025-11-17 15:04:16.435317,97,True,Mobile
W0007889,U00726,M00032,2025-10-23 15:04:16.435320,55,False,Laptop
W0007890,U00347,M00237,2026-01-29 15:04:16.435322,113,False,TV
W0007891,U00238,M00180,2026-04-11 15:04:16.435325,21,False,Tablet
W0007892,U00020,M00177,2025-09-25 15:04:16.435327,15,False,Mobile
W0007893,U00829,M00283,2026-01-17 15:04:16.435329,141,False,Laptop
W0007894,U00813,M00227,2026-03-24 15:04:16.435331,28,False,Tablet
W0007895,U00950,M00223,2025-10-25 15:04:16.435333,64,False,Tablet
W0007896,U00882,M00234,2026-04-30 15:04:16.435335,71,False,Laptop
W0007897,U00609,M00223,2025-07-26 15:04:16.435337,70,True,TV
W0007898,U00846,M00120,2025-08-09 15:04:16.435339,31,True,Tablet
W0007899,U00053,M00197,2025-11-10 15:04:16.435341,32,True,Laptop
W0007900,U00764,M00264,2026-03-29 15:04:16.435343,168,False,TV
W0007901,U00471,M00022,2025-11-17 15:04:16.435345,161,False,Mobile
W0007902,U00446,M00162,2025-09-20 15:04:16.435347,25,False,TV
W0007903,U00566,M00118,2026-01-06 15:04:16.435351,100,False,TV
W0007904,U00808,M00222,2025-09-30 15:04:16.435353,73,False,TV
W0007905,U00631,M00207,2025-08-20 15:04:16.435355,137,False,TV
W0007906,U00602,M00260,2025-10-10 15:04:16.435357,41,True,Mobile
W0007907,U00569,M00280,2026-05-09 15:04:16.435359,168,False,Tablet
W0007908,U00618,M00053,2025-09-11 15:04:16.435362,33,False,TV
W0007909,U00983,M00013,2025-10-23 15:04:16.435363,103,True,Laptop
W0007910,U00285,M00247,2025-07-23 15:04:16.435366,116,False,TV
W0007911,U00059,M00202,2025-07-22 15:04:16.435368,58,True,Tablet
W0007912,U00537,M00001,2025-07-21 15:04:16.435370,12,True,Laptop
W0007913,U00003,M00053,2025-11-06 15:04:16.435372,93,False,Tablet
W0007914,U00509,M00057,2026-04-15 15:04:16.435374,52,True,Mobile
W0007915,U00368,M00230,2026-04-22 15:04:16.435376,91,True,Tablet
W0007916,U00012,M00045,2026-03-04 15:04:16.435378,52,False,Tablet
W0007917,U00845,M00073,2026-02-25 15:04:16.435379,163,True,Laptop
W0007918,U00404,M00275,2025-05-28 15:04:16.435381,71,True,Tablet
W0007919,U00014,M00189,2025-10-09 15:04:16.435384,132,True,Tablet
W0007920,U00377,M00285,2025-12-05 15:04:16.435386,36,True,Mobile
W0007921,U00193,M00024,2025-07-01 15:04:16.435388,178,True,Tablet
W0007922,U00193,M00208,2025-10-01 15:04:16.435390,152,True,Tablet
W0007923,U00587,M00084,2025-10-07 15:04:16.435394,174,True,Laptop
W0007924,U00523,M00165,2026-04-27 15:04:16.435396,161,True,Tablet
W0007925,U00744,M00235,2026-04-06 15:04:16.435398,132,True,Mobile
W0007926,U00644,M00257,2025-08-21 15:04:16.435401,166,True,Mobile
W0007927,U00863,M00024,2026-02-08 15:04:16.435403,146,False,Tablet
W0007928,U00246,M00110,2025-05-26 15:04:16.435405,96,False,TV
W0007929,U00558,M00095,2026-03-10 15:04:16.435407,105,False,Mobile
W0007930,U00087,M00110,2025-11-22 15:04:16.435409,173,False,Mobile
W0007931,U00804,M00176,2025-11-04 15:04:16.435411,45,False,Mobile
W0007932,U00049,M00256,2025-08-16 15:04:16.435413,37,False,Laptop
W0007933,U00926,M00111,2026-03-05 15:04:16.435415,46,True,Laptop
W0007934,U00587,M00023,2026-03-16 15:04:16.435417,21,True,Laptop
W0007935,U00971,M00172,2025-08-05 15:04:16.435419,43,True,Laptop
W0007936,U00114,M00106,2025-11-26 15:04:16.435421,27,False,Laptop
W0007937,U00945,M00166,2026-04-24 15:04:16.435423,13,True,TV
W0007938,U00502,M00111,2026-02-13 15:04:16.435426,45,True,Tablet
W0007939,U00066,M00145,2026-03-28 15:04:16.435428,134,False,Laptop
W0007940,U00715,M00240,2025-07-26 15:04:16.435429,90,False,TV
W0007941,U00338,M00017,2025-06-05 15:04:16.435431,115,True,Mobile
W0007942,U00437,M00289,2026-03-18 15:04:16.435480,32,True,Tablet
W0007943,U00531,M00080,2026-03-08 15:04:16.435487,99,True,Tablet
W0007944,U00805,M00160,2025-07-17 15:04:16.435490,13,False,Laptop
W0007945,U00608,M00008,2025-06-05 15:04:16.435492,153,True,TV
W0007946,U00319,M00036,2025-12-24 15:04:16.435494,123,True,Tablet
W0007947,U00554,M00288,2025-07-25 15:04:16.435497,12,False,Tablet
W0007948,U00414,M00295,2026-03-18 15:04:16.435499,53,True,Mobile
W0007949,U00040,M00185,2025-12-18 15:04:16.435501,24,True,Tablet
W0007950,U00405,M00194,2025-08-31 15:04:16.435503,68,False,TV
W0007951,U00658,M00186,2026-03-01 15:04:16.435505,47,True,TV
W0007952,U00658,M00004,2025-12-16 15:04:16.435507,50,False,Tablet
W0007953,U00304,M00233,2025-08-18 15:04:16.435509,67,True,Laptop
W0007954,U00014,M00154,2025-09-19 15:04:16.435511,156,False,Tablet
W0007955,U00070,M00024,2025-09-11 15:04:16.435515,67,False,TV
W0007956,U00545,M00265,2025-12-14 15:04:16.435518,5,False,Laptop
W0007957,U00903,M00047,2025-12-24 15:04:16.435520,98,True,Laptop
W0007958,U00003,M00117,2026-04-12 15:04:16.435522,160,True,Mobile
W0007959,U00570,M00121,2026-05-05 15:04:16.435524,79,False,Laptop
W0007960,U00254,M00035,2025-06-23 15:04:16.435526,39,True,Mobile
W0007961,U00904,M00152,2026-01-19 15:04:16.435528,84,True,Mobile
W0007962,U00154,M00240,2025-07-01 15:04:16.435531,136,True,Mobile
W0007963,U00076,M00162,2026-02-16 15:04:16.435533,24,True,Mobile
W0007964,U00746,M00057,2025-11-10 15:04:16.435535,170,False,Laptop
W0007965,U00999,M00242,2025-09-09 15:04:16.435538,18,False,Laptop
W0007966,U00206,M00069,2026-04-30 15:04:16.435540,35,False,Tablet
W0007967,U00700,M00001,2026-03-20 15:04:16.435542,153,True,TV
W0007968,U00193,M00265,2026-01-19 15:04:16.435544,70,False,TV
W0007969,U00882,M00120,2025-09-21 15:04:16.435546,161,False,TV
W0007970,U00712,M00201,2025-08-19 15:04:16.435548,26,False,Mobile
W0007971,U00150,M00076,2025-11-17 15:04:16.435550,147,False,Tablet
W0007972,U00586,M00260,2025-11-08 15:04:16.435552,159,False,Mobile
W0007973,U00675,M00017,2026-01-12 15:04:16.435554,155,False,Mobile
W0007974,U00515,M00024,2026-05-06 15:04:16.435555,29,False,TV
W0007975,U00970,M00298,2026-01-25 15:04:16.435557,74,False,Laptop
W0007976,U00765,M00051,2026-01-11 15:04:16.435559,18,False,Tablet
W0007977,U00377,M00028,2026-04-14 15:04:16.435561,157,False,TV
W0007978,U00093,M00023,2025-07-27 15:04:16.435563,143,False,Tablet
W0007979,U00267,M00213,2025-06-18 15:04:16.435565,71,False,Mobile
W0007980,U00004,M00075,2025-06-14 15:04:16.435567,7,False,Tablet
W0007981,U00111,M00111,2026-01-16 15:04:16.435571,126,True,Laptop
W0007982,U00242,M00276,2025-07-13 15:04:16.435573,42,False,Tablet
W0007983,U00535,M00149,2026-01-11 15:04:16.435575,156,True,TV
W0007984,U00996,M00270,2025-06-13 15:04:16.435577,169,True,Tablet
W0007985,U00435,M00104,2026-03-18 15:04:16.435579,92,True,TV
W0007986,U00274,M00215,2025-09-07 15:04:16.435582,24,False,Mobile
W0007987,U00466,M00093,2025-07-29 15:04:16.435585,69,True,Mobile
W0007988,U00552,M00234,2026-03-14 15:04:16.435587,19,True,Laptop
W0007989,U00774,M00095,2025-12-04 15:04:16.435589,33,True,Mobile
W0007990,U00336,M00233,2026-01-13 15:04:16.435591,163,False,Tablet
W0007991,U00164,M00077,2025-06-04 15:04:16.435593,58,False,Laptop
W0007992,U00664,M00264,2025-08-22 15:04:16.435595,161,False,Tablet
W0007993,U00937,M00116,2026-05-02 15:04:16.435598,58,False,TV
W0007994,U00315,M00102,2025-12-18 15:04:16.435600,111,False,Laptop
W0007995,U00783,M00008,2025-08-23 15:04:16.435602,49,False,Laptop
W0007996,U00870,M00272,2025-09-27 15:04:16.435604,38,False,TV
W0007997,U00578,M00162,2025-10-10 15:04:16.435606,179,False,Laptop
W0007998,U00309,M00002,2026-04-10 15:04:16.435607,40,True,Mobile
W0007999,U00496,M00254,2025-06-18 15:04:16.435609,173,True,Tablet
W0008000,U00124,M00228,2026-03-29 15:04:16.435611,23,False,Tablet
W0008001,U00767,M00010,2025-07-27 15:04:16.435614,51,False,Tablet
W0008002,U00268,M00163,2025-07-11 15:04:16.435617,31,True,Tablet
W0008003,U00680,M00056,2026-03-17 15:04:16.435619,100,False,TV
W0008004,U00638,M00128,2025-06-02 15:04:16.435621,58,False,Mobile
W0008005,U00537,M00163,2025-07-07 15:04:16.435623,61,True,TV
W0008006,U00733,M00300,2026-02-21 15:04:16.435626,18,True,Laptop
W0008007,U00239,M00119,2026-04-16 15:04:16.435627,39,True,Mobile
W0008008,U00742,M00030,2025-08-25 15:04:16.435629,98,False,Laptop
W0008009,U00282,M00287,2025-12-29 15:04:16.435631,135,False,Mobile
W0008010,U00544,M00010,2025-07-18 15:04:16.435633,112,True,Tablet
W0008011,U00533,M00052,2025-12-14 15:04:16.435635,60,True,Laptop
W0008012,U00677,M00170,2025-07-05 15:04:16.435637,100,False,Laptop
W0008013,U00093,M00184,2025-09-19 15:04:16.435639,13,False,Tablet
W0008014,U00229,M00161,2025-05-19 15:04:16.435641,92,False,Laptop
W0008015,U00506,M00122,2025-12-20 15:04:16.435643,159,True,TV
W0008016,U00455,M00270,2026-03-21 15:04:16.435645,123,False,TV
W0008017,U00673,M00123,2025-11-06 15:04:16.435647,174,False,Mobile
W0008018,U00599,M00188,2026-01-22 15:04:16.435649,88,False,Mobile
W0008019,U00875,M00040,2026-01-18 15:04:16.435653,128,True,Laptop
W0008020,U00475,M00004,2025-11-28 15:04:16.435657,32,True,Laptop
W0008021,U00236,M00110,2026-04-13 15:04:16.435659,180,False,Laptop
W0008022,U00177,M00014,2026-01-17 15:04:16.435661,62,True,Laptop
W0008023,U00600,M00183,2026-02-15 15:04:16.435663,82,False,TV
W0008024,U00387,M00104,2026-03-22 15:04:16.435665,79,True,TV
W0008025,U00554,M00125,2025-11-05 15:04:16.435667,128,False,Tablet
W0008026,U00377,M00138,2026-01-15 15:04:16.435668,47,False,Mobile
W0008027,U00496,M00064,2025-08-04 15:04:16.435671,26,True,Laptop
W0008028,U00805,M00106,2026-05-02 15:04:16.435674,17,True,Mobile
W0008029,U00573,M00056,2026-05-07 15:04:16.435676,121,False,Tablet
W0008030,U00594,M00160,2025-12-17 15:04:16.435678,42,True,Tablet
W0008031,U00579,M00102,2025-11-14 15:04:16.435680,78,True,Mobile
W0008032,U00194,M00291,2025-11-11 15:04:16.435682,75,True,Laptop
W0008033,U00858,M00163,2026-01-16 15:04:16.435684,56,False,TV
W0008034,U00528,M00119,2025-06-20 15:04:16.435686,91,False,TV
W0008035,U00639,M00127,2026-02-19 15:04:16.435689,29,False,Mobile
W0008036,U00898,M00077,2025-11-27 15:04:16.435691,163,False,Laptop
W0008037,U00661,M00176,2025-09-25 15:04:16.435692,64,True,Mobile
W0008038,U00938,M00004,2026-01-07 15:04:16.435694,124,True,TV
W0008039,U00656,M00026,2025-07-28 15:04:16.435696,8,False,TV
W0008040,U00282,M00085,2026-03-18 15:04:16.435699,93,False,Laptop
W0008041,U00828,M00174,2025-12-28 15:04:16.435702,34,False,Mobile
W0008042,U00409,M00049,2025-10-17 15:04:16.435704,31,True,Mobile
W0008043,U00920,M00221,2025-10-11 15:04:16.435706,29,False,Tablet
W0008044,U00843,M00093,2025-08-29 15:04:16.435708,50,True,Mobile
W0008045,U00674,M00054,2025-09-03 15:04:16.435710,58,True,TV
W0008046,U00996,M00243,2026-02-28 15:04:16.435712,42,False,Laptop
W0008047,U00357,M00221,2026-01-07 15:04:16.435714,60,False,Mobile
W0008048,U00440,M00085,2025-08-01 15:04:16.435716,14,False,TV
W0008049,U00522,M00265,2025-12-29 15:04:16.435718,43,False,TV
W0008050,U00272,M00183,2025-08-20 15:04:16.435721,135,False,Mobile
W0008051,U00144,M00223,2026-02-12 15:04:16.435725,164,False,Mobile
W0008052,U00056,M00090,2025-06-15 15:04:16.435727,103,True,TV
W0008053,U00954,M00298,2025-06-12 15:04:16.435729,56,False,TV
W0008054,U00204,M00275,2025-06-11 15:04:16.435731,156,True,Mobile
W0008055,U00115,M00011,2025-06-06 15:04:16.435733,87,True,TV
W0008056,U00485,M00264,2025-05-23 15:04:16.435735,180,True,Laptop
W0008057,U00682,M00281,2026-01-17 15:04:16.435737,8,False,Mobile
W0008058,U00808,M00195,2025-06-11 15:04:16.435740,135,True,Tablet
W0008059,U00802,M00124,2025-10-04 15:04:16.435744,27,False,Mobile
W0008060,U00245,M00052,2026-03-04 15:04:16.435746,94,False,Tablet
W0008061,U00966,M00033,2025-08-05 15:04:16.435748,104,False,TV
W0008062,U00425,M00274,2025-07-01 15:04:16.435751,160,False,TV
W0008063,U00292,M00155,2025-10-25 15:04:16.435753,117,False,Tablet
W0008064,U00185,M00135,2025-12-23 15:04:16.435754,54,False,Mobile
W0008065,U00679,M00124,2025-09-18 15:04:16.435756,147,True,Laptop
W0008066,U00084,M00081,2025-11-12 15:04:16.435759,139,True,Mobile
W0008067,U00532,M00253,2025-05-28 15:04:16.435761,174,True,Tablet
W0008068,U00151,M00224,2025-09-12 15:04:16.435763,11,True,Mobile
W0008069,U00959,M00030,2025-09-13 15:04:16.435765,78,False,TV
W0008070,U00905,M00160,2026-02-24 15:04:16.435767,164,True,Tablet
W0008071,U00877,M00161,2025-11-23 15:04:16.435769,64,True,Tablet
W0008072,U00891,M00077,2025-06-04 15:04:16.435771,69,False,TV
W0008073,U00176,M00023,2025-11-11 15:04:16.435773,94,True,Laptop
W0008074,U00619,M00185,2025-12-31 15:04:16.435775,67,True,Tablet
W0008075,U00009,M00177,2025-06-30 15:04:16.435777,139,False,Laptop
W0008076,U00684,M00101,2026-02-20 15:04:16.435779,73,True,Mobile
W0008077,U00498,M00024,2026-03-22 15:04:16.435781,36,True,Laptop
W0008078,U00967,M00119,2025-11-30 15:04:16.435783,137,True,Laptop
W0008079,U00926,M00291,2025-07-09 15:04:16.435788,60,True,Mobile
W0008080,U00681,M00095,2026-03-31 15:04:16.435790,20,False,Laptop
W0008081,U00104,M00297,2025-12-13 15:04:16.435793,21,False,Mobile
W0008082,U00120,M00197,2025-09-22 15:04:16.435795,16,True,TV
W0008083,U00279,M00193,2025-12-17 15:04:16.435798,180,True,TV
W0008084,U00109,M00136,2026-03-29 15:04:16.435800,95,True,Mobile
W0008085,U00624,M00066,2025-11-21 15:04:16.435802,28,True,Mobile
W0008086,U00517,M00157,2025-07-02 15:04:16.435804,163,False,Laptop
W0008087,U00374,M00240,2025-12-05 15:04:16.435806,175,False,TV
W0008088,U00016,M00071,2026-04-18 15:04:16.435809,23,False,TV
W0008089,U00380,M00191,2025-09-01 15:04:16.435811,148,True,Mobile
W0008090,U00242,M00077,2025-09-19 15:04:16.435813,137,False,Tablet
W0008091,U00862,M00190,2025-11-16 15:04:16.435815,86,True,Mobile
W0008092,U00017,M00139,2025-10-09 15:04:16.435817,69,False,Tablet
W0008093,U00768,M00185,2025-10-21 15:04:16.435819,96,False,TV
W0008094,U00324,M00040,2025-07-19 15:04:16.435821,118,False,Laptop
W0008095,U00447,M00074,2025-09-16 15:04:16.435823,16,True,TV
W0008096,U00867,M00240,2025-08-13 15:04:16.435825,152,False,Laptop
W0008097,U00900,M00239,2025-12-19 15:04:16.435827,17,True,Laptop
W0008098,U00533,M00258,2026-03-10 15:04:16.435829,165,True,Tablet
W0008099,U00321,M00151,2025-06-18 15:04:16.435832,88,False,Tablet
W0008100,U00915,M00227,2025-07-01 15:04:16.435834,147,True,Tablet
W0008101,U00017,M00229,2025-12-01 15:04:16.435836,35,True,TV
W0008102,U00849,M00081,2025-11-21 15:04:16.435838,112,False,Laptop
W0008103,U00276,M00184,2025-12-04 15:04:16.435840,57,True,Tablet
W0008104,U00834,M00183,2025-07-23 15:04:16.435842,46,False,Tablet
W0008105,U00792,M00003,2026-05-06 15:04:16.435844,110,False,Tablet
W0008106,U00153,M00166,2026-01-07 15:04:16.435846,70,False,Tablet
W0008107,U00532,M00219,2026-04-28 15:04:16.435848,38,False,Tablet
W0008108,U00732,M00079,2025-07-21 15:04:16.435850,12,True,Laptop
W0008109,U00815,M00004,2025-10-29 15:04:16.435852,73,True,Laptop
W0008110,U00285,M00136,2026-01-16 15:04:16.435854,100,True,TV
W0008111,U00354,M00272,2026-04-15 15:04:16.435856,151,True,Tablet
W0008112,U00510,M00106,2026-01-09 15:04:16.435894,81,False,Mobile
W0008113,U00809,M00252,2025-05-31 15:04:16.435898,55,False,Mobile
W0008114,U00204,M00124,2025-10-02 15:04:16.435902,33,False,Laptop
W0008115,U00521,M00044,2026-02-06 15:04:16.435904,120,True,Mobile
W0008116,U00579,M00198,2025-05-26 15:04:16.435906,175,True,TV
W0008117,U00164,M00107,2025-11-28 15:04:16.435908,40,True,TV
W0008118,U00835,M00298,2025-08-01 15:04:16.435912,15,True,Tablet
W0008119,U00020,M00092,2025-10-03 15:04:16.435914,152,False,Tablet
W0008120,U00005,M00257,2026-03-24 15:04:16.435916,13,True,Mobile
W0008121,U00447,M00269,2025-06-12 15:04:16.435918,146,False,Laptop
W0008122,U00922,M00039,2026-03-30 15:04:16.435920,20,False,TV
W0008123,U00555,M00199,2025-09-08 15:04:16.435922,51,True,Laptop
W0008124,U00157,M00297,2025-10-15 15:04:16.435924,173,False,TV
W0008125,U00355,M00222,2025-09-15 15:04:16.435926,106,False,Mobile
W0008126,U00333,M00267,2026-01-17 15:04:16.435928,24,True,Tablet
W0008127,U00096,M00002,2025-10-03 15:04:16.435930,174,True,Tablet
W0008128,U00880,M00012,2025-06-25 15:04:16.435932,46,True,Laptop
W0008129,U00445,M00154,2025-12-19 15:04:16.435934,19,False,Laptop
W0008130,U00855,M00080,2026-01-17 15:04:16.435936,25,True,Laptop
W0008131,U00803,M00274,2025-10-22 15:04:16.435939,142,True,TV
W0008132,U00983,M00273,2026-01-04 15:04:16.435941,105,False,Laptop
W0008133,U00711,M00237,2026-04-17 15:04:16.435942,131,True,Laptop
W0008134,U00101,M00284,2025-06-13 15:04:16.435944,96,True,Laptop
W0008135,U00448,M00271,2026-03-03 15:04:16.435946,77,False,Tablet
W0008136,U00487,M00173,2025-05-19 15:04:16.435949,92,False,Mobile
W0008137,U00720,M00087,2026-01-01 15:04:16.435952,138,False,Laptop
W0008138,U00094,M00082,2025-10-04 15:04:16.435955,44,False,Laptop
W0008139,U00769,M00021,2025-11-18 15:04:16.435957,41,True,Tablet
W0008140,U00001,M00062,2025-09-29 15:04:16.435959,142,False,TV
W0008141,U00712,M00213,2025-08-04 15:04:16.435961,127,False,Laptop
W0008142,U00669,M00212,2025-09-16 15:04:16.435963,159,True,TV
W0008143,U00671,M00242,2026-02-25 15:04:16.435965,25,False,Mobile
W0008144,U00639,M00032,2025-11-04 15:04:16.435967,86,True,Laptop
W0008145,U00139,M00056,2025-12-26 15:04:16.435969,173,True,Tablet
W0008146,U00949,M00244,2025-08-04 15:04:16.435972,25,True,Laptop
W0008147,U00559,M00087,2025-08-13 15:04:16.435974,150,False,Laptop
W0008148,U00801,M00254,2026-01-25 15:04:16.435976,91,False,Tablet
W0008149,U00255,M00266,2026-02-23 15:04:16.435978,166,True,Laptop
W0008150,U00889,M00102,2026-02-06 15:04:16.435980,172,False,Laptop
W0008151,U00074,M00074,2025-09-24 15:04:16.435982,82,False,TV
W0008152,U00124,M00121,2025-06-16 15:04:16.435984,93,True,Tablet
W0008153,U00636,M00284,2026-02-03 15:04:16.435986,63,True,Mobile
W0008154,U00935,M00031,2026-05-04 15:04:16.435988,120,True,TV
W0008155,U00385,M00166,2025-11-21 15:04:16.435990,116,True,Tablet
W0008156,U00638,M00248,2026-04-13 15:04:16.435993,41,False,Mobile
W0008157,U00649,M00266,2025-11-16 15:04:16.435996,114,False,Tablet
W0008158,U00201,M00075,2025-10-21 15:04:16.435998,176,False,TV
W0008159,U00880,M00279,2025-12-28 15:04:16.436001,159,True,TV
W0008160,U00176,M00041,2025-06-15 15:04:16.436002,64,False,Tablet
W0008161,U00226,M00040,2025-07-27 15:04:16.436004,64,True,Laptop
W0008162,U00218,M00010,2025-05-29 15:04:16.436007,114,False,TV
W0008163,U00653,M00129,2025-07-17 15:04:16.436009,24,False,Laptop
W0008164,U00243,M00143,2025-08-12 15:04:16.436011,178,False,TV
W0008165,U00810,M00281,2026-05-09 15:04:16.436013,168,False,Laptop
W0008166,U00960,M00300,2025-07-08 15:04:16.436015,109,False,Mobile
W0008167,U00332,M00105,2025-06-06 15:04:16.436017,34,False,TV
W0008168,U00175,M00075,2025-08-01 15:04:16.436019,140,True,Mobile
W0008169,U00955,M00284,2026-04-03 15:04:16.436022,33,True,Tablet
W0008170,U00193,M00221,2026-04-17 15:04:16.436024,56,False,Laptop
W0008171,U00365,M00119,2025-09-16 15:04:16.436026,98,False,Laptop
W0008172,U00584,M00059,2026-01-25 15:04:16.436027,129,False,TV
W0008173,U00130,M00152,2025-11-08 15:04:16.436029,11,True,Mobile
W0008174,U00265,M00257,2025-12-24 15:04:16.436032,150,True,Mobile
W0008175,U00682,M00025,2026-03-10 15:04:16.436034,135,True,Laptop
W0008176,U00867,M00132,2026-01-21 15:04:16.436037,173,False,Mobile
W0008177,U00407,M00051,2025-09-23 15:04:16.436039,84,True,TV
W0008178,U00163,M00024,2025-07-24 15:04:16.436042,84,False,Laptop
W0008179,U00702,M00038,2025-10-14 15:04:16.436044,117,False,Tablet
W0008180,U00946,M00158,2026-02-15 15:04:16.436047,137,True,Laptop
W0008181,U00893,M00153,2026-04-28 15:04:16.436048,14,False,Mobile
W0008182,U00655,M00098,2025-05-27 15:04:16.436050,124,True,TV
W0008183,U00909,M00083,2025-11-22 15:04:16.436052,117,True,Mobile
W0008184,U00495,M00213,2025-05-15 15:04:16.436054,107,False,TV
W0008185,U00378,M00087,2025-08-10 15:04:16.436056,144,True,TV
W0008186,U00133,M00152,2025-08-04 15:04:16.436059,74,True,Laptop
W0008187,U00983,M00037,2025-12-11 15:04:16.436061,162,False,TV
W0008188,U00014,M00088,2026-01-07 15:04:16.436064,74,True,Tablet
W0008189,U00326,M00103,2025-09-10 15:04:16.436066,35,False,Tablet
W0008190,U00550,M00279,2025-07-01 15:04:16.436067,116,False,Tablet
W0008191,U00913,M00127,2026-04-16 15:04:16.436070,88,True,Tablet
W0008192,U00761,M00125,2025-08-29 15:04:16.436071,156,False,Mobile
W0008193,U00371,M00006,2025-09-19 15:04:16.436073,108,True,Mobile
W0008194,U00063,M00128,2026-01-30 15:04:16.436075,118,False,Laptop
W0008195,U00594,M00172,2025-06-11 15:04:16.436077,42,True,Mobile
W0008196,U00530,M00117,2026-03-15 15:04:16.436080,126,False,Tablet
W0008197,U00445,M00031,2025-05-11 15:04:16.436084,32,False,Tablet
W0008198,U00211,M00013,2026-01-25 15:04:16.436086,45,True,Laptop
W0008199,U00161,M00004,2025-06-29 15:04:16.436088,90,False,Laptop
W0008200,U00883,M00214,2026-04-07 15:04:16.436090,90,False,Mobile
W0008201,U00132,M00139,2026-03-06 15:04:16.436092,118,False,Tablet
W0008202,U00794,M00005,2026-03-20 15:04:16.436094,147,True,Mobile
W0008203,U00753,M00115,2026-02-12 15:04:16.436096,174,False,Laptop
W0008204,U00407,M00007,2026-01-11 15:04:16.436098,85,False,Laptop
W0008205,U00358,M00069,2025-08-12 15:04:16.436100,62,True,Mobile
W0008206,U00470,M00137,2025-08-18 15:04:16.436102,179,True,Mobile
W0008207,U00057,M00204,2026-03-03 15:04:16.436104,146,True,Tablet
W0008208,U00158,M00104,2025-09-29 15:04:16.436106,172,True,Laptop
W0008209,U00278,M00045,2025-09-22 15:04:16.436108,87,True,Laptop
W0008210,U00269,M00176,2025-10-20 15:04:16.436112,52,False,Tablet
W0008211,U00215,M00224,2026-02-03 15:04:16.436114,36,True,TV
W0008212,U00826,M00280,2025-08-14 15:04:16.436116,167,True,TV
W0008213,U00785,M00238,2025-12-21 15:04:16.436118,58,False,Laptop
W0008214,U00579,M00133,2025-11-08 15:04:16.436120,109,True,Mobile
W0008215,U00605,M00080,2025-11-08 15:04:16.436124,119,False,TV
W0008216,U00230,M00289,2025-11-22 15:04:16.436126,106,False,Tablet
W0008217,U00208,M00294,2025-07-11 15:04:16.436128,105,False,Mobile
W0008218,U00664,M00241,2025-12-21 15:04:16.436131,51,False,Tablet
W0008219,U00708,M00180,2025-08-14 15:04:16.436133,15,True,Laptop
W0008220,U00940,M00293,2025-12-16 15:04:16.436135,130,False,Tablet
W0008221,U00228,M00032,2025-10-07 15:04:16.436137,172,False,Mobile
W0008222,U00716,M00254,2025-07-17 15:04:16.436139,159,False,Laptop
W0008223,U00288,M00176,2026-02-16 15:04:16.436141,61,True,Laptop
W0008224,U00471,M00045,2025-12-28 15:04:16.436143,109,True,Mobile
W0008225,U00395,M00078,2025-09-03 15:04:16.436145,39,True,Mobile
W0008226,U00323,M00238,2025-05-12 15:04:16.436147,114,False,Mobile
W0008227,U00583,M00299,2026-01-27 15:04:16.436148,83,True,Tablet
W0008228,U00132,M00001,2025-11-12 15:04:16.436150,155,True,TV
W0008229,U00397,M00249,2025-08-30 15:04:16.436153,49,False,Tablet
W0008230,U00092,M00019,2026-01-19 15:04:16.436155,118,False,Tablet
W0008231,U00088,M00149,2026-01-01 15:04:16.436157,155,False,TV
W0008232,U00991,M00137,2025-09-16 15:04:16.436159,15,False,TV
W0008233,U00600,M00019,2025-09-08 15:04:16.436161,150,True,Mobile
W0008234,U00695,M00260,2025-06-09 15:04:16.436163,7,True,Laptop
W0008235,U00328,M00258,2026-01-24 15:04:16.436166,83,True,Tablet
W0008236,U00890,M00167,2026-03-04 15:04:16.436168,91,False,Tablet
W0008237,U00581,M00295,2025-10-18 15:04:16.436170,37,True,Mobile
W0008238,U00212,M00004,2026-01-10 15:04:16.436172,25,True,Tablet
W0008239,U00697,M00299,2026-04-06 15:04:16.436174,55,False,Mobile
W0008240,U00999,M00069,2025-09-20 15:04:16.436176,67,True,Tablet
W0008241,U00964,M00222,2025-09-22 15:04:16.436178,44,False,Tablet
W0008242,U00494,M00203,2025-11-15 15:04:16.436182,75,False,Laptop
W0008243,U00770,M00021,2025-06-21 15:04:16.436184,158,True,Tablet
W0008244,U00935,M00259,2025-05-12 15:04:16.436186,67,False,Mobile
W0008245,U00111,M00254,2026-02-21 15:04:16.436188,143,False,Mobile
W0008246,U00517,M00127,2025-11-26 15:04:16.436190,73,False,Mobile
W0008247,U00346,M00224,2025-12-19 15:04:16.436192,165,False,Mobile
W0008248,U00066,M00169,2026-02-12 15:04:16.436194,43,False,Tablet
W0008249,U00600,M00007,2026-01-07 15:04:16.436196,87,True,TV
W0008250,U00093,M00212,2025-11-20 15:04:16.436198,161,False,Mobile
W0008251,U00645,M00290,2026-04-01 15:04:16.436200,145,True,TV
W0008252,U00966,M00211,2025-06-30 15:04:16.436202,124,False,Tablet
W0008253,U00235,M00171,2025-11-22 15:04:16.436204,28,True,Tablet
W0008254,U00186,M00266,2025-08-20 15:04:16.436207,42,True,Laptop
W0008255,U00569,M00173,2025-08-10 15:04:16.436209,167,True,Laptop
W0008256,U00729,M00088,2026-01-19 15:04:16.436211,41,True,Mobile
W0008257,U00826,M00249,2026-02-20 15:04:16.436214,13,False,Mobile
W0008258,U00386,M00215,2025-08-03 15:04:16.436216,53,False,Mobile
W0008259,U00037,M00123,2025-05-31 15:04:16.436218,60,False,Tablet
W0008260,U00085,M00132,2025-07-15 15:04:16.436220,132,True,Mobile
W0008261,U00188,M00011,2026-02-17 15:04:16.436222,75,False,Tablet
W0008262,U00991,M00057,2025-12-16 15:04:16.436224,180,False,Tablet
W0008263,U00485,M00104,2026-01-28 15:04:16.436226,133,True,TV
W0008264,U00683,M00162,2025-08-13 15:04:16.436228,154,False,Tablet
W0008265,U00936,M00004,2026-03-20 15:04:16.436230,22,True,Laptop
W0008266,U00699,M00234,2025-07-30 15:04:16.436232,41,True,TV
W0008267,U00665,M00004,2025-07-18 15:04:16.436234,75,True,Mobile
W0008268,U00754,M00204,2026-04-14 15:04:16.436237,98,True,Tablet
W0008269,U00267,M00131,2026-03-24 15:04:16.436239,143,False,Laptop
W0008270,U00523,M00058,2025-12-14 15:04:16.436241,37,True,Laptop
W0008271,U00701,M00136,2025-06-02 15:04:16.436243,38,True,TV
W0008272,U00932,M00104,2026-01-02 15:04:16.436245,85,False,TV
W0008273,U00812,M00130,2026-03-11 15:04:16.436247,176,False,Tablet
W0008274,U00414,M00227,2025-12-11 15:04:16.436279,83,True,TV
W0008275,U00671,M00262,2025-05-12 15:04:16.436285,18,False,Tablet
W0008276,U00801,M00163,2025-08-03 15:04:16.436288,38,False,Tablet
W0008277,U00732,M00196,2025-06-18 15:04:16.436290,93,True,Mobile
W0008278,U00453,M00228,2026-04-01 15:04:16.436293,115,True,TV
W0008279,U00954,M00076,2026-01-03 15:04:16.436295,21,True,Tablet
W0008280,U00502,M00145,2026-02-09 15:04:16.436297,24,True,Laptop
W0008281,U00332,M00174,2025-10-29 15:04:16.436299,57,True,TV
W0008282,U00505,M00136,2025-09-23 15:04:16.436303,129,True,TV
W0008283,U00836,M00233,2025-08-15 15:04:16.436305,132,False,Tablet
W0008284,U00053,M00093,2026-04-07 15:04:16.436307,162,True,Laptop
W0008285,U00826,M00185,2026-01-01 15:04:16.436309,19,False,TV
W0008286,U00680,M00126,2025-05-22 15:04:16.436311,76,False,Tablet
W0008287,U00771,M00249,2025-11-27 15:04:16.436313,136,False,Laptop
W0008288,U00013,M00081,2025-11-25 15:04:16.436316,108,True,TV
W0008289,U00948,M00128,2025-08-02 15:04:16.436318,19,False,Mobile
W0008290,U00306,M00014,2025-08-27 15:04:16.436320,101,True,Laptop
W0008291,U00582,M00113,2026-01-09 15:04:16.436322,123,False,Tablet
W0008292,U00042,M00068,2025-08-07 15:04:16.436324,13,True,TV
W0008293,U00294,M00235,2025-06-14 15:04:16.436327,75,True,Tablet
W0008294,U00959,M00100,2025-06-30 15:04:16.436330,117,True,Tablet
W0008295,U00758,M00141,2025-08-12 15:04:16.436332,140,False,Mobile
W0008296,U00918,M00138,2025-10-05 15:04:16.436334,134,True,Laptop
W0008297,U00288,M00042,2025-07-25 15:04:16.436336,79,False,Mobile
W0008298,U00649,M00093,2026-04-08 15:04:16.436338,34,True,TV
W0008299,U00409,M00291,2025-12-13 15:04:16.436339,99,True,Mobile
W0008300,U00245,M00220,2025-06-16 15:04:16.436341,62,False,Laptop
W0008301,U00845,M00074,2026-05-08 15:04:16.436344,8,True,Tablet
W0008302,U00661,M00177,2025-05-09 15:04:16.436346,150,True,Tablet
W0008303,U00667,M00116,2025-08-11 15:04:16.436348,69,True,TV
W0008304,U00790,M00094,2025-05-22 15:04:16.436350,24,True,Tablet
W0008305,U00775,M00055,2025-06-15 15:04:16.436352,103,True,TV
W0008306,U00690,M00154,2025-06-15 15:04:16.436355,76,False,Tablet
W0008307,U00837,M00027,2025-09-09 15:04:16.436357,109,True,Tablet
W0008308,U00635,M00282,2025-05-10 15:04:16.436360,179,True,Laptop
W0008309,U00067,M00243,2025-11-26 15:04:16.436362,63,False,Mobile
W0008310,U00284,M00180,2025-11-08 15:04:16.436364,109,True,Tablet
W0008311,U00642,M00065,2025-09-06 15:04:16.436366,101,False,Mobile
W0008312,U00355,M00202,2025-11-21 15:04:16.436368,167,False,TV
W0008313,U00982,M00058,2025-11-08 15:04:16.436371,154,True,TV
W0008314,U00934,M00243,2025-09-20 15:04:16.436373,153,False,Laptop
W0008315,U00744,M00255,2025-05-17 15:04:16.436375,72,False,Laptop
W0008316,U00383,M00014,2025-05-12 15:04:16.436378,24,False,Tablet
W0008317,U00470,M00004,2025-07-09 15:04:16.436380,117,False,Laptop
W0008318,U00276,M00260,2026-03-14 15:04:16.436382,136,False,Tablet
W0008319,U00052,M00219,2025-09-22 15:04:16.436384,33,False,Tablet
W0008320,U00633,M00289,2025-06-04 15:04:16.436386,40,False,Tablet
W0008321,U00632,M00129,2025-05-19 15:04:16.436388,26,False,Laptop
W0008322,U00526,M00069,2025-09-03 15:04:16.436390,137,False,Tablet
W0008323,U00031,M00188,2026-01-23 15:04:16.436392,121,True,Laptop
W0008324,U00388,M00071,2025-12-10 15:04:16.436394,87,True,TV
W0008325,U00892,M00065,2026-02-14 15:04:16.436397,164,True,Laptop
W0008326,U00115,M00093,2026-01-19 15:04:16.436399,146,True,TV
W0008327,U00732,M00295,2025-12-01 15:04:16.436401,75,True,Mobile
W0008328,U00113,M00048,2025-06-28 15:04:16.436403,61,True,TV
W0008329,U00423,M00068,2026-04-02 15:04:16.436405,126,False,Mobile
W0008330,U00089,M00037,2025-09-09 15:04:16.436407,105,False,Laptop
W0008331,U00215,M00201,2025-08-21 15:04:16.436409,130,False,Mobile
W0008332,U00480,M00154,2025-11-15 15:04:16.436412,73,False,Tablet
W0008333,U00474,M00268,2025-09-27 15:04:16.436415,115,True,Laptop
W0008334,U00925,M00115,2025-08-04 15:04:16.436417,33,False,Tablet
W0008335,U00079,M00200,2026-01-16 15:04:16.436419,15,False,Mobile
W0008336,U00272,M00178,2025-10-01 15:04:16.436421,147,False,Laptop
W0008337,U00557,M00257,2025-07-08 15:04:16.436423,10,False,Tablet
W0008338,U00654,M00245,2025-12-02 15:04:16.436426,161,False,TV
W0008339,U00284,M00261,2025-07-30 15:04:16.436428,108,False,Laptop
W0008340,U00206,M00214,2026-03-15 15:04:16.436430,118,False,Laptop
W0008341,U00277,M00050,2025-07-27 15:04:16.436432,104,False,Laptop
W0008342,U00732,M00279,2026-04-18 15:04:16.436434,28,True,TV
W0008343,U00814,M00272,2026-03-23 15:04:16.436435,10,False,Mobile
W0008344,U00917,M00086,2025-09-15 15:04:16.436437,118,False,TV
W0008345,U00287,M00283,2025-06-06 15:04:16.436440,108,True,Laptop
W0008346,U00578,M00023,2026-02-26 15:04:16.436442,29,False,Tablet
W0008347,U00009,M00160,2025-08-10 15:04:16.436444,138,True,Mobile
W0008348,U00834,M00281,2026-03-27 15:04:16.436446,142,True,TV
W0008349,U00650,M00134,2026-04-29 15:04:16.436448,71,True,Tablet
W0008350,U00423,M00230,2025-08-26 15:04:16.436450,149,False,Laptop
W0008351,U00753,M00041,2025-05-22 15:04:16.436452,111,True,TV
W0008352,U00053,M00283,2025-12-19 15:04:16.436455,80,False,Laptop
W0008353,U00879,M00275,2025-11-26 15:04:16.436457,173,True,Mobile
W0008354,U00896,M00153,2025-12-26 15:04:16.436459,119,True,Tablet
W0008355,U00367,M00245,2025-09-14 15:04:16.436461,74,False,Mobile
W0008356,U00796,M00293,2025-09-28 15:04:16.436463,136,False,Mobile
W0008357,U00605,M00162,2025-08-23 15:04:16.436465,122,True,Laptop
W0008358,U00479,M00031,2025-06-15 15:04:16.436467,103,True,TV
W0008359,U00773,M00035,2025-08-30 15:04:16.436469,25,True,Mobile
W0008360,U00533,M00189,2026-04-22 15:04:16.436471,21,True,Tablet
W0008361,U00962,M00157,2025-09-09 15:04:16.436474,109,True,Mobile
W0008362,U00690,M00069,2025-09-20 15:04:16.436475,112,True,TV
W0008363,U00924,M00277,2026-03-18 15:04:16.436478,172,True,TV
W0008364,U00419,M00106,2026-01-27 15:04:16.436479,169,False,Laptop
W0008365,U00288,M00256,2025-09-14 15:04:16.436481,67,False,Laptop
W0008366,U00667,M00213,2025-08-03 15:04:16.436483,48,False,Mobile
W0008367,U00313,M00043,2026-01-17 15:04:16.436485,165,True,TV
W0008368,U00073,M00199,2025-06-02 15:04:16.436489,71,False,TV
W0008369,U00869,M00215,2026-03-04 15:04:16.436492,72,False,Tablet
W0008370,U00754,M00238,2025-06-15 15:04:16.436494,68,False,Tablet
W0008371,U00025,M00130,2026-01-09 15:04:16.436498,128,False,TV
W0008372,U00530,M00220,2026-02-23 15:04:16.436500,79,False,TV
W0008373,U00566,M00011,2025-10-10 15:04:16.436502,25,False,Mobile
W0008374,U00792,M00208,2026-02-10 15:04:16.436504,57,False,Tablet
W0008375,U00390,M00007,2026-02-25 15:04:16.436506,99,True,Mobile
W0008376,U00305,M00232,2025-09-28 15:04:16.436508,125,False,Laptop
W0008377,U00713,M00186,2026-04-10 15:04:16.436510,11,False,Laptop
W0008378,U00590,M00179,2026-03-06 15:04:16.436512,128,False,Mobile
W0008379,U00008,M00256,2026-01-12 15:04:16.436514,61,True,Tablet
W0008380,U00055,M00125,2025-05-16 15:04:16.436516,180,True,Tablet
W0008381,U00411,M00108,2026-02-01 15:04:16.436518,172,False,Laptop
W0008382,U00552,M00141,2025-07-11 15:04:16.436520,86,False,Laptop
W0008383,U00130,M00143,2026-04-27 15:04:16.436522,138,True,Laptop
W0008384,U00365,M00051,2025-10-24 15:04:16.436524,28,False,TV
W0008385,U00859,M00285,2025-12-10 15:04:16.436526,13,True,Tablet
W0008386,U00197,M00220,2025-07-02 15:04:16.436528,119,True,TV
W0008387,U00734,M00053,2026-02-23 15:04:16.436530,40,False,Laptop
W0008388,U00606,M00065,2026-03-30 15:04:16.436533,105,True,TV
W0008389,U00832,M00056,2025-10-18 15:04:16.436535,103,False,TV
W0008390,U00285,M00223,2026-03-01 15:04:16.436537,31,False,Tablet
W0008391,U00461,M00062,2026-01-09 15:04:16.436540,29,True,Tablet
W0008392,U00409,M00058,2025-10-05 15:04:16.436542,77,False,TV
W0008393,U00444,M00074,2025-06-06 15:04:16.436544,16,False,Mobile
W0008394,U00043,M00270,2025-06-10 15:04:16.436546,154,True,Tablet
W0008395,U00344,M00159,2025-10-20 15:04:16.436548,84,False,Laptop
W0008396,U00856,M00220,2025-05-09 15:04:16.436550,152,False,TV
W0008397,U00301,M00013,2025-09-28 15:04:16.436552,68,False,Tablet
W0008398,U00294,M00122,2026-04-10 15:04:16.436555,133,False,TV
W0008399,U00485,M00041,2025-06-12 15:04:16.436558,26,False,Mobile
W0008400,U00138,M00026,2025-10-17 15:04:16.436559,25,True,Mobile
W0008401,U00989,M00207,2025-10-09 15:04:16.436563,136,False,Tablet
W0008402,U00286,M00159,2025-10-19 15:04:16.436565,94,False,Laptop
W0008403,U00310,M00226,2026-01-15 15:04:16.436569,10,False,TV
W0008404,U00963,M00182,2026-02-11 15:04:16.436572,161,False,Laptop
W0008405,U00240,M00025,2025-11-13 15:04:16.436575,67,True,Laptop
W0008406,U00433,M00264,2025-09-30 15:04:16.436579,115,False,Tablet
W0008407,U00473,M00056,2025-06-15 15:04:16.436582,129,True,Tablet
W0008408,U00473,M00014,2026-01-19 15:04:16.436584,129,False,Mobile
W0008409,U00349,M00072,2025-12-26 15:04:16.436586,45,True,Tablet
W0008410,U00467,M00152,2026-01-06 15:04:16.436589,60,True,Mobile
W0008411,U00122,M00069,2025-11-30 15:04:16.436592,160,False,Mobile
W0008412,U00152,M00025,2025-09-06 15:04:16.436594,90,True,Tablet
W0008413,U00841,M00216,2025-07-24 15:04:16.436596,132,True,Laptop
W0008414,U00087,M00108,2025-11-26 15:04:16.436598,40,True,Laptop
W0008415,U00510,M00295,2026-04-26 15:04:16.436600,83,True,Tablet
W0008416,U00489,M00296,2026-01-08 15:04:16.436602,10,False,Laptop
W0008417,U00987,M00224,2025-08-31 15:04:16.436604,116,False,Mobile
W0008418,U00496,M00300,2025-10-14 15:04:16.436606,56,True,Tablet
W0008419,U00706,M00083,2026-01-23 15:04:16.436608,8,True,TV
W0008420,U00772,M00243,2025-08-20 15:04:16.436610,87,False,Laptop
W0008421,U00095,M00075,2025-07-27 15:04:16.436612,164,True,Mobile
W0008422,U00600,M00131,2025-08-10 15:04:16.436614,164,True,TV
W0008423,U00693,M00093,2025-07-21 15:04:16.436616,92,True,TV
W0008424,U00756,M00031,2025-09-07 15:04:16.436618,32,False,Laptop
W0008425,U00253,M00279,2025-07-31 15:04:16.436620,104,False,TV
W0008426,U00771,M00112,2026-05-05 15:04:16.436622,99,False,Laptop
W0008427,U00190,M00142,2025-07-29 15:04:16.436624,71,False,TV
W0008428,U00803,M00109,2025-07-22 15:04:16.436626,125,False,Mobile
W0008429,U00205,M00248,2026-02-27 15:04:16.436628,174,True,Mobile
W0008430,U00829,M00202,2025-11-29 15:04:16.436631,101,False,TV
W0008431,U00019,M00213,2026-01-24 15:04:16.436633,79,False,Tablet
W0008432,U00558,M00049,2026-05-09 15:04:16.436635,80,False,Tablet
W0008433,U00302,M00277,2025-08-11 15:04:16.436638,154,False,TV
W0008434,U00061,M00145,2025-05-29 15:04:16.436641,126,False,TV
W0008435,U00147,M00076,2026-01-12 15:04:16.436643,71,False,TV
W0008436,U00963,M00216,2026-01-19 15:04:16.436645,65,False,TV
W0008437,U00061,M00037,2026-01-16 15:04:16.436647,91,False,TV
W0008438,U00324,M00150,2025-12-26 15:04:16.436649,173,False,TV
W0008439,U00420,M00120,2026-03-01 15:04:16.436650,86,False,TV
W0008440,U00610,M00271,2026-02-07 15:04:16.436653,53,True,Laptop
W0008441,U00448,M00045,2025-08-16 15:04:16.436654,111,False,Mobile
W0008442,U00664,M00116,2025-10-05 15:04:16.436656,11,False,Tablet
W0008443,U00982,M00155,2026-02-17 15:04:16.436658,107,True,Mobile
W0008444,U00119,M00003,2025-11-11 15:04:16.436660,147,True,Tablet
W0008445,U00989,M00272,2026-03-17 15:04:16.436662,99,False,Mobile
W0008446,U00761,M00248,2025-08-23 15:04:16.436664,176,True,Laptop
W0008447,U00171,M00079,2026-03-23 15:04:16.436666,116,False,TV
W0008448,U00340,M00061,2025-11-26 15:04:16.436668,43,True,Mobile
W0008449,U00202,M00110,2025-10-30 15:04:16.436696,173,True,Tablet
W0008450,U00697,M00102,2026-04-16 15:04:16.436703,165,False,Mobile
W0008451,U00463,M00182,2026-04-29 15:04:16.436708,122,False,Tablet
W0008452,U00862,M00089,2026-05-04 15:04:16.436713,11,True,Laptop
W0008453,U00661,M00275,2026-04-12 15:04:16.436716,123,True,Tablet
W0008454,U00986,M00207,2025-11-21 15:04:16.436718,60,False,Mobile
W0008455,U00938,M00125,2026-03-17 15:04:16.436720,105,False,Mobile
W0008456,U00436,M00019,2025-06-26 15:04:16.436722,117,True,Mobile
W0008457,U00201,M00261,2025-11-08 15:04:16.436725,19,False,Mobile
W0008458,U00284,M00023,2025-12-11 15:04:16.436727,12,True,TV
W0008459,U00728,M00202,2026-03-20 15:04:16.436729,19,False,Mobile
W0008460,U00193,M00167,2025-08-09 15:04:16.436731,153,True,Mobile
W0008461,U00127,M00007,2025-12-16 15:04:16.436733,91,False,Mobile
W0008462,U00233,M00139,2025-06-07 15:04:16.436735,26,True,Tablet
W0008463,U00197,M00001,2026-05-03 15:04:16.436737,175,False,Mobile
W0008464,U00536,M00138,2026-02-13 15:04:16.436739,100,False,Tablet
W0008465,U00089,M00262,2026-02-11 15:04:16.436742,50,False,Mobile
W0008466,U00240,M00219,2025-09-09 15:04:16.436744,137,True,Tablet
W0008467,U00410,M00031,2026-01-18 15:04:16.436746,143,True,TV
W0008468,U00730,M00116,2025-12-16 15:04:16.436748,144,True,TV
W0008469,U00147,M00170,2025-10-25 15:04:16.436751,96,False,Tablet
W0008470,U00334,M00192,2025-08-21 15:04:16.436753,97,True,Laptop
W0008471,U00805,M00094,2025-06-02 15:04:16.436756,75,True,Mobile
W0008472,U00466,M00205,2025-08-14 15:04:16.436759,53,False,TV
W0008473,U00618,M00258,2025-07-13 15:04:16.436762,79,False,Mobile
W0008474,U00669,M00224,2025-06-25 15:04:16.436766,127,False,Laptop
W0008475,U00957,M00194,2026-03-31 15:04:16.436769,125,True,Tablet
W0008476,U00697,M00280,2026-04-30 15:04:16.436772,43,False,Tablet
W0008477,U00623,M00272,2025-11-29 15:04:16.436775,179,True,Mobile
W0008478,U00370,M00144,2025-10-16 15:04:16.436778,16,True,TV
W0008479,U00993,M00079,2026-01-07 15:04:16.436781,68,False,Tablet
W0008480,U00947,M00013,2026-02-24 15:04:16.436784,170,False,Mobile
W0008481,U00318,M00061,2025-12-25 15:04:16.436787,26,False,Mobile
W0008482,U00920,M00151,2025-08-28 15:04:16.436789,127,True,TV
W0008483,U00033,M00161,2025-11-27 15:04:16.436791,43,False,Tablet
W0008484,U00488,M00158,2026-05-01 15:04:16.436793,153,True,Tablet
W0008485,U00153,M00009,2025-05-28 15:04:16.436795,174,False,TV
W0008486,U00363,M00206,2026-03-12 15:04:16.436797,76,False,TV
W0008487,U00818,M00136,2026-02-19 15:04:16.436799,71,True,Mobile
W0008488,U00996,M00140,2025-07-13 15:04:16.436802,89,True,Laptop
W0008489,U00402,M00166,2025-10-26 15:04:16.436804,25,False,Tablet
W0008490,U00495,M00094,2025-10-13 15:04:16.436806,86,False,TV
W0008491,U00306,M00003,2026-01-04 15:04:16.436808,167,True,Laptop
W0008492,U00714,M00173,2026-01-07 15:04:16.436810,37,True,Mobile
W0008493,U00958,M00107,2025-10-05 15:04:16.436812,152,False,Tablet
W0008494,U00288,M00174,2025-10-15 15:04:16.436814,27,False,TV
W0008495,U00998,M00156,2026-04-14 15:04:16.436816,45,True,Laptop
W0008496,U00685,M00123,2025-11-06 15:04:16.436818,39,False,Mobile
W0008497,U00367,M00219,2025-08-22 15:04:16.436822,129,False,Mobile
W0008498,U00559,M00265,2025-06-26 15:04:16.436824,156,False,Laptop
W0008499,U00310,M00167,2025-10-10 15:04:16.436826,39,True,Mobile
W0008500,U00286,M00239,2026-01-09 15:04:16.436828,24,False,Mobile
W0008501,U00471,M00035,2026-05-08 15:04:16.436829,104,False,TV
W0008502,U00328,M00201,2025-05-20 15:04:16.436831,5,True,Tablet
W0008503,U00884,M00247,2025-12-27 15:04:16.436833,77,False,Mobile
W0008504,U00608,M00167,2025-10-22 15:04:16.436835,138,False,TV
W0008505,U00695,M00058,2026-01-14 15:04:16.436837,86,False,Mobile
W0008506,U00054,M00128,2025-10-11 15:04:16.436839,91,False,Tablet
W0008507,U00374,M00055,2025-12-15 15:04:16.436842,151,False,Tablet
W0008508,U00574,M00184,2025-12-26 15:04:16.436844,16,True,Mobile
W0008509,U00312,M00114,2025-12-12 15:04:16.436846,149,False,Mobile
W0008510,U00345,M00261,2026-01-01 15:04:16.436848,124,True,Tablet
W0008511,U00799,M00158,2026-01-14 15:04:16.436850,10,True,Tablet
W0008512,U00135,M00068,2025-05-31 15:04:16.436853,9,False,Tablet
W0008513,U00966,M00049,2025-11-14 15:04:16.436855,62,False,Tablet
W0008514,U00774,M00067,2025-10-28 15:04:16.436856,132,False,Mobile
W0008515,U00197,M00042,2025-05-25 15:04:16.436858,75,True,Tablet
W0008516,U00312,M00047,2025-09-06 15:04:16.436860,180,True,Laptop
W0008517,U00767,M00004,2025-10-05 15:04:16.436862,166,True,Tablet
W0008518,U00707,M00028,2025-06-27 15:04:16.436865,96,True,Tablet
W0008519,U00800,M00032,2025-08-26 15:04:16.436867,163,True,Mobile
W0008520,U00310,M00175,2025-10-23 15:04:16.436869,147,True,TV
W0008521,U00493,M00164,2026-04-02 15:04:16.436871,66,True,Laptop
W0008522,U00494,M00036,2025-11-07 15:04:16.436872,84,False,Tablet
W0008523,U00406,M00262,2026-02-19 15:04:16.436874,7,False,Mobile
W0008524,U00369,M00003,2025-10-08 15:04:16.436876,80,True,Mobile
W0008525,U00059,M00030,2025-08-26 15:04:16.436878,64,True,Laptop
W0008526,U00286,M00255,2025-11-02 15:04:16.436881,101,False,TV
W0008527,U00952,M00295,2025-12-25 15:04:16.436884,83,False,Mobile
W0008528,U00637,M00028,2026-04-11 15:04:16.436886,121,True,TV
W0008529,U00848,M00250,2025-07-13 15:04:16.436889,179,False,Tablet
W0008530,U00037,M00285,2025-06-13 15:04:16.436891,32,False,Mobile
W0008531,U00283,M00245,2026-01-27 15:04:16.436893,117,False,Mobile
W0008532,U00819,M00271,2025-11-28 15:04:16.436895,125,True,TV
W0008533,U00850,M00208,2026-01-08 15:04:16.436897,130,False,Mobile
W0008534,U00176,M00068,2026-02-09 15:04:16.436899,103,True,TV
W0008535,U00550,M00275,2025-11-17 15:04:16.436902,151,True,Tablet
W0008536,U00246,M00235,2025-07-30 15:04:16.436904,93,True,Laptop
W0008537,U00910,M00109,2025-07-08 15:04:16.436908,50,False,TV
W0008538,U00951,M00124,2026-01-17 15:04:16.436910,149,True,Laptop
W0008539,U00241,M00160,2025-11-19 15:04:16.436912,56,True,Mobile
W0008540,U00727,M00248,2025-06-06 15:04:16.436914,78,False,TV
W0008541,U00897,M00100,2025-09-27 15:04:16.436916,86,True,Mobile
W0008542,U00085,M00284,2026-05-06 15:04:16.436918,157,True,Laptop
W0008543,U00944,M00132,2025-09-13 15:04:16.436920,149,False,Laptop
W0008544,U00674,M00083,2026-02-10 15:04:16.436921,5,False,TV
W0008545,U00148,M00125,2026-01-08 15:04:16.436924,170,False,Tablet
W0008546,U00691,M00248,2025-12-06 15:04:16.436925,174,True,Laptop
W0008547,U00227,M00039,2025-05-20 15:04:16.436928,87,True,Laptop
W0008548,U00816,M00137,2026-02-04 15:04:16.436931,16,True,Laptop
W0008549,U00398,M00028,2026-03-01 15:04:16.436933,44,True,Laptop
W0008550,U00552,M00161,2025-12-25 15:04:16.436935,72,False,Mobile
W0008551,U00390,M00024,2025-06-26 15:04:16.436937,20,True,Laptop
W0008552,U00139,M00081,2026-03-26 15:04:16.436939,89,False,Laptop
W0008553,U00485,M00133,2025-05-22 15:04:16.436941,34,False,Tablet
W0008554,U00328,M00199,2026-03-26 15:04:16.436943,172,False,Mobile
W0008555,U00973,M00258,2026-01-28 15:04:16.436945,7,True,Mobile
W0008556,U00731,M00070,2026-01-19 15:04:16.436947,10,False,Tablet
W0008557,U00872,M00179,2025-06-14 15:04:16.436949,112,False,Laptop
W0008558,U00648,M00035,2026-02-10 15:04:16.436951,12,True,Laptop
W0008559,U00235,M00281,2025-10-11 15:04:16.436953,174,False,Laptop
W0008560,U00987,M00016,2025-07-21 15:04:16.436956,131,True,Mobile
W0008561,U00704,M00018,2026-02-14 15:04:16.436959,150,False,Laptop
W0008562,U00623,M00166,2026-02-15 15:04:16.436962,64,True,Laptop
W0008563,U00040,M00278,2026-01-08 15:04:16.436964,21,False,TV
W0008564,U00334,M00135,2026-03-21 15:04:16.436966,85,False,Laptop
W0008565,U00942,M00145,2025-08-12 15:04:16.436967,39,True,TV
W0008566,U00351,M00222,2025-12-19 15:04:16.436970,60,False,TV
W0008567,U00132,M00200,2025-09-05 15:04:16.436973,84,False,TV
W0008568,U00629,M00025,2026-03-19 15:04:16.436975,45,False,Mobile
W0008569,U00270,M00290,2025-11-13 15:04:16.436977,45,False,TV
W0008570,U00050,M00226,2025-11-06 15:04:16.436979,109,True,Laptop
W0008571,U00077,M00278,2026-04-03 15:04:16.436981,86,False,Tablet
W0008572,U00957,M00155,2025-08-11 15:04:16.436983,34,True,Laptop
W0008573,U00356,M00190,2025-11-26 15:04:16.436985,84,False,Tablet
W0008574,U00847,M00071,2026-01-07 15:04:16.436987,48,False,Mobile
W0008575,U00169,M00049,2025-12-23 15:04:16.436989,157,True,TV
W0008576,U00326,M00198,2025-09-25 15:04:16.436991,137,False,TV
W0008577,U00935,M00143,2025-12-02 15:04:16.436993,59,False,Mobile
W0008578,U00722,M00038,2025-05-26 15:04:16.436994,26,True,Laptop
W0008579,U00898,M00112,2025-08-29 15:04:16.436997,114,False,Mobile
W0008580,U00819,M00075,2026-04-28 15:04:16.436999,138,True,Tablet
W0008581,U00544,M00240,2026-05-05 15:04:16.437001,16,False,Mobile
W0008582,U00321,M00136,2025-10-13 15:04:16.437003,153,False,Mobile
W0008583,U00407,M00099,2026-05-03 15:04:16.437005,32,True,Mobile
W0008584,U00903,M00142,2026-01-01 15:04:16.437007,135,True,Mobile
W0008585,U00260,M00030,2025-12-23 15:04:16.437009,111,True,Laptop
W0008586,U00871,M00131,2025-07-25 15:04:16.437012,89,False,TV
W0008587,U00623,M00086,2025-07-29 15:04:16.437014,174,False,Laptop
W0008588,U00903,M00040,2025-11-06 15:04:16.437017,168,True,Laptop
W0008589,U00340,M00212,2025-12-05 15:04:16.437019,109,False,Tablet
W0008590,U00637,M00121,2025-07-03 15:04:16.437021,166,True,Laptop
W0008591,U00490,M00177,2025-10-13 15:04:16.437023,11,True,Tablet
W0008592,U00181,M00251,2026-01-16 15:04:16.437025,98,False,Laptop
W0008593,U00956,M00156,2025-12-16 15:04:16.437028,77,False,TV
W0008594,U00460,M00183,2025-09-13 15:04:16.437030,81,True,TV
W0008595,U00482,M00210,2025-06-28 15:04:16.437032,108,False,TV
W0008596,U00346,M00086,2026-01-10 15:04:16.437034,122,False,Laptop
W0008597,U00430,M00233,2025-10-02 15:04:16.437037,94,True,Laptop
W0008598,U00887,M00225,2026-04-12 15:04:16.437039,71,True,TV
W0008599,U00371,M00206,2025-07-21 15:04:16.437041,91,False,Laptop
W0008600,U00158,M00068,2026-03-23 15:04:16.437043,161,False,TV
W0008601,U00319,M00013,2026-01-29 15:04:16.437045,148,False,Tablet
W0008602,U00732,M00086,2025-06-25 15:04:16.437046,141,False,Laptop
W0008603,U00075,M00124,2026-03-24 15:04:16.437048,5,True,TV
W0008604,U00962,M00029,2025-05-18 15:04:16.437050,110,False,TV
W0008605,U00172,M00204,2026-01-09 15:04:16.437053,7,False,Tablet
W0008606,U00732,M00145,2026-03-25 15:04:16.437055,103,False,Tablet
W0008607,U00446,M00052,2026-05-04 15:04:16.437058,86,True,Mobile
W0008608,U00477,M00133,2025-10-21 15:04:16.437060,141,True,TV
W0008609,U00929,M00261,2025-07-16 15:04:16.437062,35,True,Mobile
W0008610,U00986,M00207,2025-07-27 15:04:16.437064,22,False,Laptop
W0008611,U00339,M00092,2025-09-02 15:04:16.437066,120,True,Tablet
W0008612,U00599,M00022,2025-09-03 15:04:16.437068,112,True,Mobile
W0008613,U00471,M00154,2025-11-13 15:04:16.437070,171,True,Laptop
W0008614,U00929,M00144,2025-09-04 15:04:16.437072,35,True,Tablet
W0008615,U00373,M00196,2025-09-20 15:04:16.437074,158,True,Laptop
W0008616,U00751,M00127,2026-02-10 15:04:16.437075,37,False,Laptop
W0008617,U00751,M00160,2026-01-28 15:04:16.437077,76,True,Mobile
W0008618,U00696,M00045,2025-06-01 15:04:16.437079,141,True,TV
W0008619,U00344,M00292,2026-01-01 15:04:16.437082,176,False,Laptop
W0008620,U00860,M00279,2025-08-25 15:04:16.437084,5,False,Mobile
W0008621,U00408,M00092,2025-12-21 15:04:16.437086,170,False,Tablet
W0008622,U00485,M00202,2026-01-06 15:04:16.437116,54,False,Mobile
W0008623,U00132,M00153,2026-04-09 15:04:16.437120,146,True,Laptop
W0008624,U00705,M00154,2025-12-11 15:04:16.437124,178,True,Tablet
W0008625,U00209,M00120,2026-03-30 15:04:16.437128,29,True,Mobile
W0008626,U00833,M00033,2025-08-14 15:04:16.437130,78,True,Mobile
W0008627,U00577,M00066,2025-11-25 15:04:16.437132,152,True,Tablet
W0008628,U00644,M00137,2026-01-13 15:04:16.437134,145,False,TV
W0008629,U00118,M00058,2025-07-17 15:04:16.437136,141,False,Laptop
W0008630,U00744,M00095,2026-03-01 15:04:16.437138,156,True,TV
W0008631,U00399,M00292,2026-01-25 15:04:16.437140,93,True,Laptop
W0008632,U00022,M00157,2025-12-10 15:04:16.437142,174,False,Laptop
W0008633,U00655,M00056,2025-08-11 15:04:16.437144,156,True,Mobile
W0008634,U00034,M00156,2025-07-19 15:04:16.437146,104,True,Laptop
W0008635,U00175,M00199,2025-12-21 15:04:16.437148,40,True,Tablet
W0008636,U00992,M00109,2026-03-07 15:04:16.437150,160,True,Tablet
W0008637,U00179,M00135,2025-07-11 15:04:16.437152,31,True,Tablet
W0008638,U00048,M00240,2025-08-30 15:04:16.437154,115,False,Tablet
W0008639,U00838,M00209,2026-03-21 15:04:16.437175,110,False,Tablet
W0008640,U00691,M00232,2025-12-16 15:04:16.437177,62,False,Mobile
W0008641,U00348,M00236,2026-03-11 15:04:16.437179,120,True,Tablet
W0008642,U00020,M00029,2026-02-03 15:04:16.437181,62,False,Laptop
W0008643,U00741,M00045,2025-08-29 15:04:16.437183,93,True,Laptop
W0008644,U00062,M00105,2025-07-22 15:04:16.437186,23,False,Laptop
W0008645,U00014,M00046,2026-04-21 15:04:16.437189,156,False,Tablet
W0008646,U00172,M00269,2026-05-05 15:04:16.437191,50,True,Tablet
W0008647,U00301,M00150,2026-02-23 15:04:16.437193,22,True,Tablet
W0008648,U00827,M00141,2025-10-04 15:04:16.437195,112,True,Mobile
W0008649,U00770,M00093,2026-02-06 15:04:16.437197,173,True,Tablet
W0008650,U01000,M00114,2026-04-16 15:04:16.437199,179,True,Mobile
W0008651,U00460,M00109,2025-11-23 15:04:16.437201,84,True,TV
W0008652,U00002,M00081,2025-06-04 15:04:16.437203,12,False,Mobile
W0008653,U00962,M00298,2025-07-23 15:04:16.437205,162,True,TV
W0008654,U00187,M00101,2026-01-16 15:04:16.437207,130,True,Tablet
W0008655,U00529,M00113,2025-10-12 15:04:16.437209,75,True,Mobile
W0008656,U00482,M00124,2026-01-08 15:04:16.437212,102,False,Tablet
W0008657,U00763,M00228,2025-07-10 15:04:16.437214,157,False,Laptop
W0008658,U00924,M00070,2026-03-12 15:04:16.437216,144,True,Tablet
W0008659,U00023,M00187,2026-02-19 15:04:16.437218,53,False,Tablet
W0008660,U00612,M00032,2025-07-04 15:04:16.437220,92,True,Mobile
W0008661,U00576,M00131,2025-10-30 15:04:16.437223,37,False,Laptop
W0008662,U00711,M00198,2025-08-19 15:04:16.437225,104,True,TV
W0008663,U00571,M00270,2025-10-28 15:04:16.437227,73,False,TV
W0008664,U00259,M00050,2025-05-19 15:04:16.437230,176,True,Mobile
W0008665,U00971,M00284,2026-03-25 15:04:16.437233,32,True,Mobile
W0008666,U00118,M00147,2026-04-28 15:04:16.437235,128,False,Mobile
W0008667,U00324,M00004,2026-03-10 15:04:16.437237,173,False,Laptop
W0008668,U00627,M00155,2025-08-31 15:04:16.437238,139,True,Laptop
W0008669,U00015,M00233,2026-03-04 15:04:16.437241,153,False,Mobile
W0008670,U00487,M00230,2025-07-22 15:04:16.437243,24,True,Mobile
W0008671,U00084,M00163,2026-03-28 15:04:16.437245,137,False,Laptop
W0008672,U00077,M00206,2026-01-14 15:04:16.437247,10,True,Tablet
W0008673,U00269,M00154,2025-10-02 15:04:16.437249,102,True,Mobile
W0008674,U00864,M00148,2026-04-29 15:04:16.437251,8,True,Laptop
W0008675,U00911,M00290,2025-06-30 15:04:16.437253,61,True,Laptop
W0008676,U00046,M00207,2025-06-17 15:04:16.437255,113,False,Laptop
W0008677,U00247,M00185,2026-05-08 15:04:16.437257,34,True,TV
W0008678,U00673,M00159,2025-12-04 15:04:16.437259,161,True,TV
W0008679,U00895,M00258,2025-06-25 15:04:16.437261,164,True,Tablet
W0008680,U00287,M00008,2026-04-26 15:04:16.437263,65,False,TV
W0008681,U00299,M00076,2025-10-09 15:04:16.437265,14,True,Tablet
W0008682,U00672,M00077,2025-12-19 15:04:16.437267,90,True,TV
W0008683,U00765,M00219,2026-03-11 15:04:16.437270,18,False,Mobile
W0008684,U00701,M00075,2026-03-20 15:04:16.437272,76,False,Laptop
W0008685,U00001,M00003,2025-06-08 15:04:16.437274,87,True,TV
W0008686,U00139,M00134,2025-06-05 15:04:16.437276,60,True,Mobile
W0008687,U00424,M00176,2026-04-22 15:04:16.437278,15,True,TV
W0008688,U00131,M00210,2026-03-31 15:04:16.437282,112,True,Tablet
W0008689,U00536,M00172,2025-09-01 15:04:16.437284,52,True,Mobile
W0008690,U00577,M00060,2025-09-27 15:04:16.437286,119,True,Mobile
W0008691,U00977,M00219,2025-08-11 15:04:16.437288,45,False,Tablet
W0008692,U00167,M00258,2026-03-28 15:04:16.437290,100,False,Tablet
W0008693,U00422,M00162,2025-06-17 15:04:16.437292,91,False,TV
W0008694,U00335,M00024,2025-08-19 15:04:16.437294,98,False,TV
W0008695,U00082,M00208,2025-12-04 15:04:16.437296,110,False,TV
W0008696,U00236,M00183,2026-02-26 15:04:16.437298,75,False,Laptop
W0008697,U00882,M00177,2025-09-11 15:04:16.437300,31,False,Tablet
W0008698,U00700,M00295,2026-04-20 15:04:16.437302,48,True,Tablet
W0008699,U00087,M00295,2025-11-02 15:04:16.437304,31,True,TV
W0008700,U00278,M00156,2026-02-11 15:04:16.437306,136,True,Laptop
W0008701,U00304,M00073,2026-01-07 15:04:16.437308,92,False,Mobile
W0008702,U00342,M00184,2026-02-19 15:04:16.437310,46,False,Tablet
W0008703,U00057,M00090,2025-10-17 15:04:16.437314,39,True,Laptop
W0008704,U00242,M00247,2026-04-14 15:04:16.437317,180,False,Mobile
W0008705,U00053,M00108,2025-09-07 15:04:16.437319,109,False,TV
W0008706,U00557,M00185,2026-04-10 15:04:16.437321,11,True,Mobile
W0008707,U00565,M00159,2025-11-10 15:04:16.437324,99,False,Tablet
W0008708,U00689,M00181,2025-06-22 15:04:16.437327,42,True,TV
W0008709,U00449,M00085,2025-07-11 15:04:16.437329,24,True,Tablet
W0008710,U00653,M00149,2026-02-28 15:04:16.437331,146,False,TV
W0008711,U00920,M00277,2026-02-19 15:04:16.437333,19,False,TV
W0008712,U00983,M00139,2026-05-01 15:04:16.437335,158,False,Laptop
W0008713,U00108,M00151,2025-07-04 15:04:16.437337,142,True,TV
W0008714,U00776,M00224,2025-07-01 15:04:16.437339,99,True,Laptop
W0008715,U00299,M00069,2025-11-19 15:04:16.437341,39,True,Tablet
W0008716,U00418,M00082,2026-04-17 15:04:16.437343,36,False,Mobile
W0008717,U00230,M00291,2026-02-16 15:04:16.437345,44,True,TV
W0008718,U00573,M00093,2026-02-02 15:04:16.437347,102,False,Laptop
W0008719,U00172,M00103,2025-08-28 15:04:16.437349,70,True,Laptop
W0008720,U00886,M00242,2025-10-23 15:04:16.437352,5,False,Tablet
W0008721,U00807,M00199,2026-02-27 15:04:16.437354,141,True,Laptop
W0008722,U00408,M00286,2025-08-25 15:04:16.437357,78,False,Mobile
W0008723,U00178,M00104,2025-10-02 15:04:16.437360,42,False,Laptop
W0008724,U00749,M00277,2026-04-15 15:04:16.437362,88,True,Mobile
W0008725,U00487,M00089,2025-10-20 15:04:16.437364,77,True,Mobile
W0008726,U00216,M00140,2025-12-12 15:04:16.437366,146,False,Tablet
W0008727,U00563,M00165,2025-08-19 15:04:16.437368,19,True,TV
W0008728,U00988,M00246,2025-11-14 15:04:16.437370,57,False,TV
W0008729,U00652,M00182,2026-01-11 15:04:16.437372,100,False,Laptop
W0008730,U00169,M00210,2026-01-10 15:04:16.437374,12,True,Tablet
W0008731,U00702,M00276,2026-01-27 15:04:16.437376,47,True,TV
W0008732,U00742,M00177,2025-09-24 15:04:16.437378,111,True,Mobile
W0008733,U00793,M00235,2025-06-27 15:04:16.437380,13,False,Tablet
W0008734,U00943,M00140,2026-03-22 15:04:16.437382,46,False,Laptop
W0008735,U00284,M00265,2025-08-01 15:04:16.437384,180,True,Laptop
W0008736,U00790,M00105,2025-05-30 15:04:16.437386,41,False,Tablet
W0008737,U00159,M00074,2025-11-08 15:04:16.437388,103,False,Laptop
W0008738,U00435,M00241,2025-06-11 15:04:16.437390,86,False,Mobile
W0008739,U00141,M00213,2025-06-29 15:04:16.437392,30,True,Laptop
W0008740,U00799,M00081,2025-05-15 15:04:16.437394,127,True,Laptop
W0008741,U00744,M00194,2026-04-14 15:04:16.437396,172,False,TV
W0008742,U00492,M00082,2026-02-21 15:04:16.437414,157,True,Mobile
W0008743,U00578,M00292,2025-11-24 15:04:16.437421,84,True,Tablet
W0008744,U00402,M00014,2026-04-23 15:04:16.437424,169,True,TV
W0008745,U00818,M00193,2025-08-27 15:04:16.437427,86,True,Mobile
W0008746,U00385,M00056,2025-10-13 15:04:16.437429,98,True,Mobile
W0008747,U00609,M00299,2026-04-19 15:04:16.437431,104,False,Tablet
W0008748,U00710,M00286,2025-07-19 15:04:16.437433,68,True,Laptop
W0008749,U00553,M00264,2026-03-31 15:04:16.437435,54,False,TV
W0008750,U00813,M00065,2025-09-13 15:04:16.437437,132,False,Laptop
W0008751,U00324,M00192,2025-07-26 15:04:16.437439,82,True,TV
W0008752,U00663,M00256,2026-02-23 15:04:16.437442,149,True,Laptop
W0008753,U00814,M00139,2026-05-07 15:04:16.437445,6,False,Tablet
W0008754,U00301,M00250,2026-04-17 15:04:16.437447,158,True,Mobile
W0008755,U00063,M00084,2025-09-18 15:04:16.437449,57,True,Mobile
W0008756,U00420,M00271,2025-10-18 15:04:16.437451,107,False,Laptop
W0008757,U00195,M00242,2025-09-21 15:04:16.437452,134,True,TV
W0008758,U00937,M00272,2025-12-25 15:04:16.437455,150,False,Tablet
W0008759,U00553,M00236,2025-10-17 15:04:16.437457,81,True,TV
W0008760,U00340,M00107,2026-03-14 15:04:16.437458,44,True,Tablet
W0008761,U00265,M00152,2025-12-18 15:04:16.437461,62,True,TV
W0008762,U00566,M00088,2025-09-12 15:04:16.437463,150,True,Mobile
W0008763,U00775,M00010,2026-03-13 15:04:16.437466,98,True,TV
W0008764,U00917,M00070,2025-09-18 15:04:16.437468,64,False,Mobile
W0008765,U00251,M00116,2025-12-26 15:04:16.437470,71,True,Mobile
W0008766,U00562,M00106,2026-01-24 15:04:16.437472,73,False,Mobile
W0008767,U00504,M00128,2025-05-11 15:04:16.437474,128,True,Laptop
W0008768,U00625,M00215,2026-03-16 15:04:16.437489,126,False,TV
W0008769,U00284,M00112,2025-12-23 15:04:16.437493,140,False,Laptop
W0008770,U00749,M00240,2025-12-13 15:04:16.437495,92,True,TV
W0008771,U00247,M00087,2025-06-18 15:04:16.437497,48,False,TV
W0008772,U00809,M00230,2025-12-18 15:04:16.437499,100,False,Tablet
W0008773,U00212,M00167,2025-07-16 15:04:16.437501,177,True,Mobile
W0008774,U00304,M00029,2026-02-19 15:04:16.437503,63,False,Tablet
W0008775,U00270,M00141,2025-11-14 15:04:16.437506,150,False,Mobile
W0008776,U00415,M00019,2025-05-10 15:04:16.437508,73,True,TV
W0008777,U00125,M00082,2025-11-14 15:04:16.437510,114,True,Mobile
W0008778,U00710,M00022,2025-10-13 15:04:16.437512,35,False,TV
W0008779,U00733,M00116,2026-04-03 15:04:16.437514,25,False,Laptop
W0008780,U00630,M00155,2025-06-01 15:04:16.437516,146,False,TV
W0008781,U00777,M00088,2025-12-29 15:04:16.437519,156,True,Mobile
W0008782,U00044,M00077,2025-10-01 15:04:16.437521,53,True,Laptop
W0008783,U00052,M00017,2025-05-14 15:04:16.437523,164,True,Laptop
W0008784,U00953,M00123,2025-12-28 15:04:16.437551,66,False,Mobile
W0008785,U00851,M00007,2025-06-01 15:04:16.437555,168,True,TV
W0008786,U00104,M00045,2026-04-27 15:04:16.437558,28,False,TV
W0008787,U00082,M00037,2025-10-08 15:04:16.437560,78,True,TV
W0008788,U00294,M00141,2025-09-23 15:04:16.437562,177,False,Tablet
W0008789,U00831,M00168,2025-06-03 15:04:16.437564,106,True,Mobile
W0008790,U00954,M00247,2026-02-11 15:04:16.437567,171,False,Mobile
W0008791,U00595,M00111,2025-06-30 15:04:16.437569,142,False,Mobile
W0008792,U00670,M00111,2025-09-30 15:04:16.437572,76,True,Mobile
W0008793,U00194,M00171,2025-07-22 15:04:16.437575,81,True,TV
W0008794,U00377,M00093,2025-08-13 15:04:16.437577,84,False,Laptop
W0008795,U00393,M00020,2025-08-23 15:04:16.437579,167,False,Tablet
W0008796,U00070,M00296,2025-05-16 15:04:16.437581,144,False,TV
W0008797,U00609,M00017,2025-05-20 15:04:16.437583,160,True,Tablet
W0008798,U00465,M00182,2025-10-22 15:04:16.437585,59,True,Tablet
W0008799,U00508,M00201,2025-05-30 15:04:16.437587,117,False,Laptop
W0008800,U00724,M00175,2025-11-25 15:04:16.437590,27,False,Laptop
W0008801,U00432,M00172,2026-01-10 15:04:16.437593,64,True,Tablet
W0008802,U00629,M00177,2025-08-08 15:04:16.437595,68,False,TV
W0008803,U00033,M00187,2025-11-18 15:04:16.437597,108,False,TV
W0008804,U00779,M00221,2025-08-03 15:04:16.437599,115,False,TV
W0008805,U00132,M00142,2026-01-17 15:04:16.437601,13,False,Tablet
W0008806,U00683,M00126,2026-01-17 15:04:16.437603,141,False,TV
W0008807,U00953,M00089,2026-03-18 15:04:16.437605,23,True,Tablet
W0008808,U00951,M00251,2026-03-20 15:04:16.437607,91,False,Laptop
W0008809,U00940,M00111,2025-09-11 15:04:16.437609,34,True,TV
W0008810,U00218,M00205,2025-11-10 15:04:16.437611,135,False,Laptop
W0008811,U00126,M00081,2026-04-17 15:04:16.437613,37,True,Laptop
W0008812,U00136,M00140,2026-04-15 15:04:16.437615,174,False,Tablet
W0008813,U00512,M00298,2025-11-25 15:04:16.437617,54,True,Mobile
W0008814,U00650,M00224,2025-05-22 15:04:16.437619,35,False,Mobile
W0008815,U00485,M00133,2025-08-03 15:04:16.437621,20,True,Laptop
W0008816,U00139,M00219,2026-01-16 15:04:16.437625,116,True,Laptop
W0008817,U00794,M00148,2025-08-13 15:04:16.437627,108,True,Mobile
W0008818,U00739,M00272,2025-11-28 15:04:16.437629,29,False,TV
W0008819,U00768,M00281,2025-10-20 15:04:16.437631,162,False,Laptop
W0008820,U00821,M00288,2026-03-10 15:04:16.437634,46,False,Laptop
W0008821,U00138,M00297,2025-07-10 15:04:16.437636,57,False,Mobile
W0008822,U00689,M00095,2026-01-19 15:04:16.437638,50,True,Tablet
W0008823,U00483,M00105,2025-11-29 15:04:16.437640,80,False,Mobile
W0008824,U00724,M00064,2026-05-05 15:04:16.437642,62,False,Mobile
W0008825,U00741,M00098,2025-05-12 15:04:16.437644,180,True,Tablet
W0008826,U00901,M00236,2025-06-22 15:04:16.437646,97,True,Tablet
W0008827,U00030,M00032,2026-04-26 15:04:16.437648,174,False,Tablet
W0008828,U00445,M00277,2025-05-31 15:04:16.437650,21,False,Tablet
W0008829,U00713,M00285,2025-07-20 15:04:16.437652,11,False,Mobile
W0008830,U00813,M00095,2025-11-03 15:04:16.437654,93,False,Laptop
W0008831,U00743,M00015,2025-10-30 15:04:16.437656,174,True,Mobile
W0008832,U00951,M00086,2025-07-25 15:04:16.437658,18,False,Tablet
W0008833,U00830,M00020,2025-05-11 15:04:16.437660,168,True,Tablet
W0008834,U00591,M00287,2025-11-12 15:04:16.437662,166,False,Mobile
W0008835,U00116,M00170,2025-09-06 15:04:16.437664,47,True,TV
W0008836,U00730,M00094,2026-05-06 15:04:16.437666,153,False,Mobile
W0008837,U00692,M00161,2026-01-05 15:04:16.437668,141,True,Laptop
W0008838,U00941,M00086,2025-12-07 15:04:16.437670,165,False,Mobile
W0008839,U00944,M00196,2026-02-02 15:04:16.437673,34,False,Mobile
W0008840,U00100,M00225,2025-05-19 15:04:16.437675,140,False,Mobile
W0008841,U00019,M00217,2025-06-14 15:04:16.437678,164,True,Tablet
W0008842,U00685,M00250,2025-12-28 15:04:16.437680,176,True,Mobile
W0008843,U00590,M00224,2025-06-15 15:04:16.437682,34,True,Tablet
W0008844,U00669,M00224,2025-09-06 15:04:16.437684,146,True,Mobile
W0008845,U00169,M00290,2025-05-16 15:04:16.437686,32,True,TV
W0008846,U00010,M00128,2025-12-17 15:04:16.437688,5,True,Mobile
W0008847,U00264,M00124,2025-05-20 15:04:16.437690,155,False,TV
W0008848,U00545,M00136,2026-02-11 15:04:16.437694,88,False,Mobile
W0008849,U00429,M00260,2025-12-19 15:04:16.437695,39,False,Tablet
W0008850,U00759,M00031,2025-06-11 15:04:16.437697,70,False,Laptop
W0008851,U00411,M00266,2025-06-20 15:04:16.437699,138,True,Tablet
W0008852,U00483,M00141,2026-02-19 15:04:16.437701,100,False,Laptop
W0008853,U00410,M00003,2025-12-28 15:04:16.437704,114,True,TV
W0008854,U00310,M00291,2026-02-23 15:04:16.437705,35,False,Mobile
W0008855,U00043,M00081,2025-07-25 15:04:16.437707,43,True,Tablet
W0008856,U00997,M00160,2026-02-01 15:04:16.437709,174,False,Laptop
W0008857,U00090,M00134,2026-03-15 15:04:16.437711,120,True,TV
W0008858,U00139,M00229,2025-08-13 15:04:16.437713,43,True,Tablet
W0008859,U00518,M00216,2026-03-27 15:04:16.437718,173,False,Laptop
W0008860,U00235,M00079,2026-04-29 15:04:16.437720,112,True,Tablet
W0008861,U00151,M00141,2025-05-27 15:04:16.437722,20,False,TV
W0008862,U00421,M00098,2025-11-20 15:04:16.437724,160,False,Tablet
W0008863,U00555,M00264,2025-05-28 15:04:16.437726,66,False,Laptop
W0008864,U00289,M00246,2025-10-11 15:04:16.437728,164,True,Tablet
W0008865,U00050,M00228,2025-11-05 15:04:16.437730,107,False,Tablet
W0008866,U00757,M00175,2026-05-07 15:04:16.437733,98,True,Laptop
W0008867,U00510,M00171,2025-05-24 15:04:16.437735,28,True,TV
W0008868,U00196,M00080,2025-08-26 15:04:16.437737,118,False,Tablet
W0008869,U00965,M00289,2025-10-31 15:04:16.437739,158,False,Tablet
W0008870,U00669,M00256,2025-10-23 15:04:16.437741,30,False,Mobile
W0008871,U00535,M00085,2025-08-13 15:04:16.437742,92,False,TV
W0008872,U00861,M00032,2025-11-23 15:04:16.437744,180,True,Mobile
W0008873,U00229,M00283,2026-01-06 15:04:16.437746,31,False,Laptop
W0008874,U00878,M00128,2025-08-08 15:04:16.437748,164,True,TV
W0008875,U00964,M00234,2025-09-19 15:04:16.437750,123,True,Mobile
W0008876,U00495,M00283,2026-02-21 15:04:16.437752,121,True,Tablet
W0008877,U00907,M00161,2026-05-06 15:04:16.437756,165,True,Laptop
W0008878,U00667,M00239,2025-08-27 15:04:16.437760,171,True,Mobile
W0008879,U00491,M00170,2025-07-09 15:04:16.437763,11,False,Mobile
W0008880,U00523,M00024,2026-04-20 15:04:16.437765,126,True,TV
W0008881,U00150,M00148,2025-12-19 15:04:16.437767,77,False,TV
W0008882,U00307,M00204,2026-04-22 15:04:16.437769,63,True,TV
W0008883,U00969,M00269,2025-06-30 15:04:16.437771,78,False,Mobile
W0008884,U00902,M00087,2026-03-20 15:04:16.437773,129,False,Mobile
W0008885,U00617,M00223,2026-02-18 15:04:16.437775,42,False,Mobile
W0008886,U00599,M00058,2026-01-05 15:04:16.437776,33,False,Tablet
W0008887,U00077,M00178,2026-04-18 15:04:16.437778,132,False,TV
W0008888,U00581,M00265,2025-12-31 15:04:16.437780,169,False,Mobile
W0008889,U00842,M00063,2026-03-17 15:04:16.437782,97,False,TV
W0008890,U00208,M00102,2025-09-06 15:04:16.437784,85,True,Laptop
W0008891,U00320,M00180,2025-07-29 15:04:16.437786,76,True,TV
W0008892,U00918,M00227,2026-02-24 15:04:16.437788,140,False,Tablet
W0008893,U00031,M00094,2025-05-30 15:04:16.437790,123,False,TV
W0008894,U00543,M00003,2026-02-26 15:04:16.437792,146,True,Laptop
W0008895,U00979,M00143,2025-12-27 15:04:16.437794,166,False,TV
W0008896,U00655,M00291,2025-07-19 15:04:16.437796,66,True,Mobile
W0008897,U00050,M00181,2025-08-15 15:04:16.437798,16,True,Tablet
W0008898,U00540,M00084,2026-02-21 15:04:16.437801,115,False,TV
W0008899,U00039,M00229,2026-02-28 15:04:16.437803,63,True,TV
W0008900,U00582,M00001,2026-04-21 15:04:16.437806,167,True,Tablet
W0008901,U00602,M00061,2026-03-19 15:04:16.437808,115,False,Laptop
W0008902,U00184,M00070,2025-10-18 15:04:16.437810,31,False,Mobile
W0008903,U00077,M00013,2025-05-28 15:04:16.437812,114,False,Mobile
W0008904,U00644,M00168,2025-11-11 15:04:16.437814,104,True,TV
W0008905,U00481,M00044,2025-11-11 15:04:16.437816,125,True,Laptop
W0008906,U00458,M00047,2025-12-25 15:04:16.437818,124,False,TV
W0008907,U00562,M00217,2025-09-15 15:04:16.437820,111,False,TV
W0008908,U00933,M00243,2025-07-22 15:04:16.437822,107,True,TV
W0008909,U00797,M00187,2025-08-12 15:04:16.437824,154,False,Mobile
W0008910,U00427,M00170,2026-04-10 15:04:16.437826,107,False,Tablet
W0008911,U00027,M00164,2025-05-12 15:04:16.437830,15,False,Tablet
W0008912,U00616,M00018,2026-01-18 15:04:16.437832,61,True,Tablet
W0008913,U00635,M00121,2026-04-17 15:04:16.437834,145,False,TV
W0008914,U00606,M00275,2026-03-09 15:04:16.437836,40,True,Laptop
W0008915,U00845,M00040,2026-04-10 15:04:16.437838,131,True,Mobile
W0008916,U00569,M00039,2026-04-28 15:04:16.437840,100,True,TV
W0008917,U00961,M00191,2026-02-19 15:04:16.437843,16,False,Tablet
W0008918,U00171,M00257,2025-07-30 15:04:16.437846,153,True,TV
W0008919,U00169,M00277,2025-08-20 15:04:16.437847,6,False,Laptop
W0008920,U00318,M00211,2026-04-06 15:04:16.437849,29,True,Mobile
W0008921,U00128,M00030,2025-12-15 15:04:16.437851,27,False,Tablet
W0008922,U00319,M00023,2025-11-30 15:04:16.437853,72,False,Mobile
W0008923,U00479,M00180,2026-04-15 15:04:16.437855,56,True,Mobile
W0008924,U00089,M00252,2025-11-15 15:04:16.437857,136,False,TV
W0008925,U00090,M00184,2025-12-23 15:04:16.437859,177,True,Mobile
W0008926,U00631,M00018,2026-03-16 15:04:16.437861,50,False,TV
W0008927,U00176,M00177,2025-12-26 15:04:16.437862,96,True,Mobile
W0008928,U00379,M00052,2026-02-09 15:04:16.437864,48,False,Mobile
W0008929,U00684,M00039,2026-03-12 15:04:16.437866,43,False,TV
W0008930,U00838,M00169,2025-05-22 15:04:16.437868,155,True,TV
W0008931,U00561,M00264,2025-07-14 15:04:16.437870,36,False,Laptop
W0008932,U00754,M00196,2026-05-06 15:04:16.437872,60,False,Laptop
W0008933,U00583,M00142,2026-05-07 15:04:16.437874,175,True,TV
W0008934,U00372,M00294,2025-10-30 15:04:16.437876,26,False,TV
W0008935,U00754,M00172,2025-07-12 15:04:16.437878,96,False,Laptop
W0008936,U00454,M00117,2026-02-21 15:04:16.437880,108,True,TV
W0008937,U00038,M00192,2026-02-20 15:04:16.437883,175,False,Tablet
W0008938,U00843,M00007,2025-12-16 15:04:16.437885,116,False,Tablet
W0008939,U00214,M00189,2025-07-03 15:04:16.437887,99,True,Mobile
W0008940,U00293,M00065,2025-12-01 15:04:16.437889,44,True,Laptop
W0008941,U00835,M00238,2026-05-06 15:04:16.437891,89,True,TV
W0008942,U00531,M00106,2025-10-24 15:04:16.437893,163,False,TV
W0008943,U00427,M00041,2025-05-22 15:04:16.437896,160,False,Mobile
W0008944,U00189,M00083,2025-10-13 15:04:16.437898,87,True,TV
W0008945,U00540,M00016,2025-06-25 15:04:16.437900,147,False,TV
W0008946,U00245,M00062,2026-03-23 15:04:16.437902,138,False,Mobile
W0008947,U00326,M00240,2025-12-04 15:04:16.437904,109,False,Tablet
W0008948,U00195,M00123,2025-05-17 15:04:16.437906,136,False,Tablet
W0008949,U00023,M00201,2026-02-11 15:04:16.437908,81,False,Laptop
W0008950,U00801,M00017,2026-03-18 15:04:16.437910,94,False,Tablet
W0008951,U00625,M00160,2026-03-14 15:04:16.437912,175,False,TV
W0008952,U00167,M00181,2025-06-22 15:04:16.437914,89,True,Laptop
W0008953,U00254,M00235,2025-07-07 15:04:16.437915,124,False,TV
W0008954,U00145,M00072,2026-01-27 15:04:16.437918,62,False,Laptop
W0008955,U00566,M00240,2025-12-26 15:04:16.437920,104,False,Mobile
W0008956,U00079,M00202,2025-09-14 15:04:16.437946,58,False,Mobile
W0008957,U00087,M00021,2025-07-18 15:04:16.437952,142,False,TV
W0008958,U00021,M00173,2025-12-17 15:04:16.437955,17,False,Tablet
W0008959,U00986,M00097,2025-12-09 15:04:16.437957,71,True,TV
W0008960,U00540,M00173,2025-07-19 15:04:16.437960,152,True,Tablet
W0008961,U00030,M00238,2025-11-15 15:04:16.437962,40,True,Laptop
W0008962,U00031,M00187,2025-11-25 15:04:16.437966,69,False,Laptop
W0008963,U00453,M00122,2025-11-14 15:04:16.437968,36,True,Laptop
W0008964,U00276,M00174,2026-03-28 15:04:16.437970,180,True,TV
W0008965,U00156,M00062,2025-11-19 15:04:16.437972,51,True,Mobile
W0008966,U00630,M00142,2026-03-19 15:04:16.437974,47,False,TV
W0008967,U00691,M00196,2026-03-02 15:04:16.437976,168,True,Tablet
W0008968,U00878,M00171,2025-09-05 15:04:16.437978,61,False,Mobile
W0008969,U00592,M00251,2026-04-05 15:04:16.437980,133,True,Laptop
W0008970,U00681,M00111,2025-10-21 15:04:16.437982,166,True,Laptop
W0008971,U00540,M00199,2025-10-23 15:04:16.437983,156,False,Laptop
W0008972,U00816,M00135,2025-07-29 15:04:16.437985,43,False,TV
W0008973,U00364,M00182,2026-02-25 15:04:16.437987,142,False,Mobile
W0008974,U00069,M00214,2025-10-15 15:04:16.437989,180,False,Laptop
W0008975,U00229,M00080,2026-04-20 15:04:16.437992,16,True,TV
W0008976,U00720,M00229,2026-01-08 15:04:16.437996,125,True,Laptop
W0008977,U00919,M00243,2025-12-23 15:04:16.437998,25,True,Laptop
W0008978,U00665,M00043,2026-04-13 15:04:16.438000,116,False,TV
W0008979,U00685,M00190,2026-04-04 15:04:16.438002,164,False,Mobile
W0008980,U00776,M00027,2025-10-09 15:04:16.438004,26,False,TV
W0008981,U00852,M00116,2025-07-16 15:04:16.438006,173,False,Laptop
W0008982,U00993,M00146,2025-10-13 15:04:16.438008,119,True,Laptop
W0008983,U00527,M00115,2025-12-22 15:04:16.438010,113,False,Tablet
W0008984,U00293,M00227,2025-11-29 15:04:16.438012,76,False,Tablet
W0008985,U00724,M00244,2025-07-31 15:04:16.438014,106,False,TV
W0008986,U00516,M00256,2025-06-22 15:04:16.438016,166,False,Mobile
W0008987,U00921,M00271,2025-10-08 15:04:16.438018,137,True,Laptop
W0008988,U00362,M00140,2025-11-10 15:04:16.438020,102,False,Mobile
W0008989,U00954,M00246,2025-07-07 15:04:16.438022,67,False,Mobile
W0008990,U00395,M00290,2026-04-10 15:04:16.438024,99,False,Mobile
W0008991,U00828,M00084,2025-09-08 15:04:16.438026,13,False,Laptop
W0008992,U00719,M00235,2025-11-29 15:04:16.438028,61,True,Tablet
W0008993,U00376,M00296,2025-10-14 15:04:16.438029,7,False,Laptop
W0008994,U00950,M00037,2025-11-15 15:04:16.438031,120,False,Laptop
W0008995,U00719,M00190,2025-09-25 15:04:16.438034,92,False,Mobile
W0008996,U00643,M00196,2026-01-30 15:04:16.438037,15,False,Mobile
W0008997,U00827,M00061,2026-02-05 15:04:16.438039,112,True,TV
W0008998,U00897,M00214,2025-10-07 15:04:16.438041,60,True,Laptop
W0008999,U00175,M00257,2025-07-16 15:04:16.438043,70,True,Laptop
W0009000,U00394,M00129,2026-02-15 15:04:16.438045,111,False,Laptop
W0009001,U00948,M00066,2025-07-18 15:04:16.438046,37,True,TV
W0009002,U00467,M00025,2026-02-05 15:04:16.438048,96,False,Mobile
W0009003,U00928,M00084,2025-09-19 15:04:16.438051,160,True,Laptop
W0009004,U00433,M00208,2026-04-27 15:04:16.438053,153,False,Laptop
W0009005,U00934,M00170,2026-03-28 15:04:16.438055,163,True,Laptop
W0009006,U00922,M00011,2026-01-10 15:04:16.438057,128,True,Laptop
W0009007,U00738,M00096,2026-02-11 15:04:16.438060,79,False,Mobile
W0009008,U00490,M00156,2025-05-09 15:04:16.438062,147,True,TV
W0009009,U00170,M00019,2025-05-13 15:04:16.438064,68,True,TV
W0009010,U00214,M00257,2025-08-19 15:04:16.438066,67,True,Mobile
W0009011,U00647,M00271,2025-09-03 15:04:16.438068,80,True,TV
W0009012,U00547,M00152,2026-01-30 15:04:16.438070,99,False,Tablet
W0009013,U00983,M00068,2026-03-06 15:04:16.438072,119,False,Laptop
W0009014,U00104,M00165,2026-04-09 15:04:16.438074,11,False,Tablet
W0009015,U00310,M00185,2025-08-03 15:04:16.438078,129,False,Tablet
W0009016,U00275,M00251,2026-03-02 15:04:16.438080,131,False,Laptop
W0009017,U00890,M00274,2026-02-10 15:04:16.438082,78,True,Laptop
W0009018,U00938,M00224,2025-09-23 15:04:16.438084,59,True,Mobile
W0009019,U00873,M00034,2026-04-02 15:04:16.438086,108,True,Tablet
W0009020,U00753,M00008,2025-08-26 15:04:16.438088,119,False,Laptop
W0009021,U00271,M00211,2025-07-23 15:04:16.438090,121,False,Laptop
W0009022,U00398,M00275,2025-08-01 15:04:16.438092,126,False,Mobile
W0009023,U00565,M00154,2025-05-17 15:04:16.438094,48,False,Mobile
W0009024,U00791,M00162,2025-10-09 15:04:16.438096,61,False,Laptop
W0009025,U00822,M00079,2026-03-06 15:04:16.438098,50,False,Mobile
W0009026,U00413,M00283,2025-09-12 15:04:16.438100,142,True,TV
W0009027,U00241,M00292,2025-05-21 15:04:16.438102,88,False,TV
W0009028,U00759,M00295,2026-04-16 15:04:16.438104,55,False,TV
W0009029,U00674,M00037,2025-10-29 15:04:16.438106,152,True,Tablet
W0009030,U00180,M00263,2025-11-14 15:04:16.438108,162,True,Mobile
W0009031,U00108,M00164,2025-12-15 15:04:16.438110,107,True,Laptop
W0009032,U00577,M00103,2026-04-12 15:04:16.438112,88,True,TV
W0009033,U00972,M00281,2025-06-23 15:04:16.438114,180,False,Tablet
W0009034,U00516,M00173,2025-08-01 15:04:16.438117,120,True,Tablet
W0009035,U00692,M00262,2025-06-07 15:04:16.438120,21,True,Mobile
W0009036,U00678,M00033,2025-09-16 15:04:16.438122,144,False,Mobile
W0009037,U00136,M00225,2025-11-05 15:04:16.438124,180,False,TV
W0009038,U00285,M00244,2025-08-21 15:04:16.438126,18,False,TV
W0009039,U00691,M00297,2025-11-25 15:04:16.438129,134,True,Mobile
W0009040,U00793,M00040,2025-10-20 15:04:16.438131,10,False,TV
W0009041,U00490,M00160,2025-08-11 15:04:16.438133,146,False,TV
W0009042,U00023,M00108,2026-01-21 15:04:16.438135,88,True,Mobile
W0009043,U00498,M00158,2025-06-11 15:04:16.438137,133,True,Laptop
W0009044,U00150,M00266,2026-01-30 15:04:16.438139,172,True,TV
W0009045,U00003,M00070,2025-12-01 15:04:16.438141,29,False,Laptop
W0009046,U00161,M00058,2025-09-03 15:04:16.438144,30,False,Laptop
W0009047,U00905,M00166,2025-08-05 15:04:16.438146,89,True,Laptop
W0009048,U00545,M00202,2026-03-08 15:04:16.438149,95,True,Mobile
W0009049,U00536,M00140,2025-08-20 15:04:16.438151,89,True,TV
W0009050,U00167,M00121,2025-09-17 15:04:16.438153,38,False,Tablet
W0009051,U00930,M00211,2025-07-18 15:04:16.438155,105,False,Laptop
W0009052,U00809,M00112,2025-09-15 15:04:16.438157,58,True,Laptop
W0009053,U00555,M00031,2026-04-12 15:04:16.438159,125,True,Tablet
W0009054,U00932,M00078,2025-06-20 15:04:16.438162,51,True,TV
W0009055,U00138,M00155,2025-06-01 15:04:16.438164,101,True,Laptop
W0009056,U00378,M00101,2026-01-01 15:04:16.438166,161,False,TV
W0009057,U00482,M00146,2025-11-24 15:04:16.438168,82,True,Laptop
W0009058,U00134,M00216,2025-11-04 15:04:16.438170,106,True,TV
W0009059,U00598,M00269,2026-03-15 15:04:16.438172,133,False,Laptop
W0009060,U00836,M00079,2025-08-22 15:04:16.438174,85,True,TV
W0009061,U00355,M00288,2025-08-08 15:04:16.438176,80,False,TV
W0009062,U00159,M00083,2025-05-16 15:04:16.438178,8,False,TV
W0009063,U00231,M00227,2025-06-02 15:04:16.438180,30,True,Laptop
W0009064,U00934,M00268,2025-12-07 15:04:16.438182,25,True,TV
W0009065,U00518,M00037,2026-04-08 15:04:16.438184,84,True,Mobile
W0009066,U00135,M00045,2026-02-05 15:04:16.438186,55,True,Laptop
W0009067,U00879,M00201,2026-05-05 15:04:16.438188,166,False,Mobile
W0009068,U00408,M00200,2026-05-08 15:04:16.438190,128,True,Mobile
W0009069,U00732,M00132,2025-10-17 15:04:16.438192,80,True,Mobile
W0009070,U00910,M00254,2025-08-28 15:04:16.438194,155,False,Laptop
W0009071,U00957,M00099,2025-09-26 15:04:16.438198,17,True,Tablet
W0009072,U00954,M00116,2025-09-23 15:04:16.438200,18,False,TV
W0009073,U00308,M00058,2026-03-15 15:04:16.438203,34,True,TV
W0009074,U01000,M00017,2025-09-03 15:04:16.438205,89,True,Tablet
W0009075,U00207,M00053,2025-05-14 15:04:16.438207,31,False,Laptop
W0009076,U00960,M00197,2025-05-16 15:04:16.438209,136,False,Mobile
W0009077,U00890,M00189,2026-01-10 15:04:16.438211,177,True,Tablet
W0009078,U00547,M00230,2026-05-02 15:04:16.438213,16,False,TV
W0009079,U00069,M00153,2026-02-18 15:04:16.438215,11,False,Laptop
W0009080,U00599,M00189,2025-05-27 15:04:16.438217,115,True,Mobile
W0009081,U00816,M00300,2025-10-18 15:04:16.438219,137,False,TV
W0009082,U00482,M00115,2026-04-07 15:04:16.438221,9,False,Tablet
W0009083,U00654,M00167,2025-05-20 15:04:16.438223,73,True,Tablet
W0009084,U00394,M00159,2025-05-13 15:04:16.438225,175,True,TV
W0009085,U00641,M00296,2025-08-08 15:04:16.438227,35,False,Tablet
W0009086,U00822,M00209,2026-05-06 15:04:16.438229,79,True,TV
W0009087,U00012,M00079,2026-05-02 15:04:16.438231,42,True,Mobile
W0009088,U00665,M00241,2025-08-03 15:04:16.438233,175,True,TV
W0009089,U00207,M00204,2025-12-12 15:04:16.438235,30,True,Mobile
W0009090,U00021,M00231,2026-03-29 15:04:16.438237,158,True,Tablet
W0009091,U00746,M00176,2026-05-01 15:04:16.438239,40,False,Laptop
W0009092,U00454,M00217,2026-04-01 15:04:16.438241,115,False,Tablet
W0009093,U00062,M00240,2025-11-26 15:04:16.438244,109,False,Tablet
W0009094,U00605,M00231,2026-02-08 15:04:16.438246,17,False,Mobile
W0009095,U00582,M00067,2025-06-17 15:04:16.438248,154,False,Mobile
W0009096,U00618,M00024,2025-06-27 15:04:16.438250,97,True,TV
W0009097,U00397,M00254,2025-09-03 15:04:16.438252,77,False,Mobile
W0009098,U00754,M00078,2025-09-04 15:04:16.438254,112,True,Laptop
W0009099,U00814,M00195,2025-07-06 15:04:16.438256,145,False,Mobile
W0009100,U00543,M00091,2025-10-02 15:04:16.438258,61,True,TV
W0009101,U00117,M00161,2025-10-16 15:04:16.438260,167,False,TV
W0009102,U00581,M00066,2025-07-06 15:04:16.438262,101,True,Laptop
W0009103,U00679,M00143,2026-04-17 15:04:16.438266,132,True,Laptop
W0009104,U00323,M00219,2026-04-08 15:04:16.438268,155,False,Mobile
W0009105,U00283,M00170,2026-03-08 15:04:16.438270,120,True,Tablet
W0009106,U00810,M00299,2026-02-08 15:04:16.438272,131,True,Laptop
W0009107,U00683,M00237,2026-04-03 15:04:16.438274,136,True,Mobile
W0009108,U00186,M00286,2026-01-26 15:04:16.438276,144,False,Mobile
W0009109,U00880,M00029,2025-06-29 15:04:16.438278,86,True,Laptop
W0009110,U00666,M00133,2025-12-15 15:04:16.438280,174,False,Tablet
W0009111,U00189,M00241,2025-08-30 15:04:16.438282,38,False,Laptop
W0009112,U00731,M00228,2026-03-01 15:04:16.438286,21,True,Mobile
W0009113,U00224,M00036,2026-01-08 15:04:16.438288,73,True,TV
W0009114,U00769,M00256,2026-01-03 15:04:16.438290,83,False,TV
W0009115,U00634,M00284,2025-06-02 15:04:16.438292,147,True,Mobile
W0009116,U00266,M00268,2025-09-07 15:04:16.438294,24,True,TV
W0009117,U00230,M00232,2026-01-17 15:04:16.438296,24,True,Tablet
W0009118,U00807,M00259,2025-07-03 15:04:16.438298,176,True,Tablet
W0009119,U00755,M00180,2026-03-20 15:04:16.438300,105,False,Laptop
W0009120,U00974,M00173,2026-03-26 15:04:16.438302,153,False,Mobile
W0009121,U00962,M00261,2025-08-09 15:04:16.438305,163,False,Mobile
W0009122,U00872,M00185,2025-06-03 15:04:16.438306,59,True,TV
W0009123,U00870,M00123,2025-07-11 15:04:16.438309,88,True,Tablet
W0009124,U00396,M00034,2025-05-30 15:04:16.438311,28,True,Mobile
W0009125,U00917,M00018,2025-10-13 15:04:16.438313,83,True,Mobile
W0009126,U00084,M00091,2025-09-17 15:04:16.438315,101,True,TV
W0009127,U00182,M00182,2025-09-27 15:04:16.438317,18,True,TV
W0009128,U00543,M00091,2025-06-09 15:04:16.438319,156,False,Tablet
W0009129,U00291,M00020,2025-09-29 15:04:16.438321,61,True,TV
W0009130,U00970,M00135,2025-10-23 15:04:16.438323,113,True,Mobile
W0009131,U00062,M00081,2026-03-06 15:04:16.438325,72,False,Tablet
W0009132,U00946,M00002,2025-12-24 15:04:16.438356,153,True,Mobile
W0009133,U00259,M00109,2025-09-08 15:04:16.438361,13,False,Mobile
W0009134,U00881,M00113,2026-01-23 15:04:16.438364,18,False,TV
W0009135,U00601,M00135,2025-05-17 15:04:16.438367,56,True,Mobile
W0009136,U00733,M00267,2026-02-05 15:04:16.438369,77,False,Laptop
W0009137,U00818,M00036,2026-05-04 15:04:16.438371,90,False,Laptop
W0009138,U00854,M00093,2026-02-19 15:04:16.438374,24,True,Mobile
W0009139,U00393,M00140,2026-01-03 15:04:16.438375,69,False,Laptop
W0009140,U00386,M00237,2025-11-23 15:04:16.438377,174,True,TV
W0009141,U00927,M00057,2025-09-20 15:04:16.438379,147,True,TV
W0009142,U00110,M00177,2026-04-06 15:04:16.438381,69,False,Laptop
W0009143,U00520,M00207,2025-09-23 15:04:16.438383,22,False,Laptop
W0009144,U00890,M00107,2025-07-18 15:04:16.438385,11,False,TV
W0009145,U00601,M00015,2025-11-23 15:04:16.438387,86,True,TV
W0009146,U00572,M00125,2026-03-08 15:04:16.438389,70,True,Tablet
W0009147,U00583,M00280,2026-01-16 15:04:16.438391,62,True,Mobile
W0009148,U00821,M00240,2025-10-12 15:04:16.438393,157,True,Tablet
W0009149,U00454,M00235,2026-04-15 15:04:16.438395,6,False,Mobile
W0009150,U00860,M00130,2025-12-02 15:04:16.438396,41,True,Tablet
W0009151,U00283,M00247,2025-09-15 15:04:16.438400,149,True,Mobile
W0009152,U00913,M00042,2026-03-05 15:04:16.438402,109,True,Tablet
W0009153,U00061,M00062,2025-06-18 15:04:16.438404,133,True,Laptop
W0009154,U00126,M00276,2025-07-03 15:04:16.438406,155,False,TV
W0009155,U00726,M00281,2025-08-28 15:04:16.438408,99,False,Tablet
W0009156,U00958,M00273,2025-09-28 15:04:16.438410,141,True,Tablet
W0009157,U00133,M00289,2025-06-04 15:04:16.438412,112,False,Laptop
W0009158,U00768,M00242,2026-04-17 15:04:16.438415,108,False,Laptop
W0009159,U00676,M00223,2026-03-15 15:04:16.438417,156,False,Laptop
W0009160,U00912,M00246,2025-09-03 15:04:16.438419,82,True,Tablet
W0009161,U00238,M00122,2026-04-06 15:04:16.438421,87,False,Mobile
W0009162,U00495,M00136,2026-04-13 15:04:16.438423,142,True,Mobile
W0009163,U00378,M00174,2025-08-10 15:04:16.438425,170,False,Laptop
W0009164,U00116,M00141,2025-10-17 15:04:16.438427,146,True,TV
W0009165,U00938,M00036,2025-11-06 15:04:16.438429,68,True,Tablet
W0009166,U00204,M00251,2025-10-11 15:04:16.438432,112,True,Laptop
W0009167,U00759,M00011,2025-11-18 15:04:16.438434,5,True,Tablet
W0009168,U00219,M00041,2025-05-26 15:04:16.438436,114,True,Tablet
W0009169,U00125,M00293,2025-05-23 15:04:16.438439,44,True,Tablet
W0009170,U00437,M00291,2025-07-21 15:04:16.438441,75,False,Tablet
W0009171,U00299,M00016,2026-02-20 15:04:16.438445,17,False,Tablet
W0009172,U00353,M00231,2026-02-01 15:04:16.438447,90,True,TV
W0009173,U00526,M00286,2025-11-14 15:04:16.438449,22,False,TV
W0009174,U00098,M00221,2025-06-30 15:04:16.438452,128,False,Laptop
W0009175,U00411,M00290,2025-09-19 15:04:16.438454,150,True,Laptop
W0009176,U00665,M00219,2025-09-07 15:04:16.438456,151,False,Laptop
W0009177,U00327,M00268,2026-03-10 15:04:16.438458,148,True,TV
W0009178,U00709,M00087,2025-10-21 15:04:16.438460,165,True,Mobile
W0009179,U00472,M00129,2026-02-25 15:04:16.438462,55,False,TV
W0009180,U00463,M00042,2025-09-09 15:04:16.438464,163,False,Laptop
W0009181,U00939,M00073,2025-11-25 15:04:16.438466,129,False,Tablet
W0009182,U00461,M00300,2025-09-14 15:04:16.438468,56,False,Tablet
W0009183,U00614,M00104,2025-12-24 15:04:16.438470,108,False,Laptop
W0009184,U00240,M00029,2026-05-08 15:04:16.438472,82,True,Mobile
W0009185,U00464,M00141,2025-06-25 15:04:16.438473,123,True,TV
W0009186,U00313,M00011,2025-12-23 15:04:16.438475,8,False,Laptop
W0009187,U00988,M00247,2025-07-16 15:04:16.438477,85,False,Laptop
W0009188,U00503,M00171,2026-05-04 15:04:16.438480,72,True,Mobile
W0009189,U00602,M00122,2025-07-16 15:04:16.438482,100,False,TV
W0009190,U00708,M00128,2025-11-21 15:04:16.438485,13,False,TV
W0009191,U00601,M00249,2025-05-16 15:04:16.438487,91,False,Tablet
W0009192,U00619,M00132,2025-09-03 15:04:16.438489,158,True,Mobile
W0009193,U00619,M00027,2026-03-27 15:04:16.438491,59,True,TV
W0009194,U00137,M00256,2025-09-01 15:04:16.438493,23,True,TV
W0009195,U00729,M00254,2026-02-16 15:04:16.438495,169,False,Mobile
W0009196,U00852,M00094,2026-01-21 15:04:16.438497,74,False,TV
W0009197,U00300,M00128,2025-11-03 15:04:16.438499,131,False,TV
W0009198,U00616,M00083,2025-11-27 15:04:16.438502,105,False,Laptop
W0009199,U00712,M00270,2025-12-06 15:04:16.438504,124,True,Mobile
W0009200,U00029,M00189,2025-08-30 15:04:16.438506,175,False,TV
W0009201,U00334,M00295,2026-04-14 15:04:16.438508,102,False,TV
W0009202,U00698,M00006,2025-06-30 15:04:16.438510,104,True,TV
W0009203,U00152,M00128,2026-04-03 15:04:16.438512,73,False,Mobile
W0009204,U00265,M00276,2025-12-08 15:04:16.438514,8,True,Laptop
W0009205,U00527,M00215,2025-05-21 15:04:16.438516,19,True,TV
W0009206,U00665,M00147,2025-11-23 15:04:16.438518,7,False,TV
W0009207,U00237,M00121,2026-04-28 15:04:16.438520,160,True,TV
W0009208,U00582,M00288,2025-07-17 15:04:16.438522,162,True,Tablet
W0009209,U00633,M00089,2025-10-29 15:04:16.438524,159,True,Mobile
W0009210,U00998,M00076,2025-10-28 15:04:16.438526,131,True,Mobile
W0009211,U00723,M00144,2025-08-08 15:04:16.438529,153,False,Mobile
W0009212,U00626,M00022,2026-02-02 15:04:16.438531,57,False,Tablet
W0009213,U00118,M00274,2026-01-26 15:04:16.438533,112,False,Laptop
W0009214,U00437,M00154,2026-02-05 15:04:16.438535,21,True,Laptop
W0009215,U00887,M00257,2025-12-04 15:04:16.438537,148,False,Tablet
W0009216,U00694,M00247,2025-06-17 15:04:16.438539,120,True,Mobile
W0009217,U00449,M00032,2025-07-30 15:04:16.438542,18,False,Laptop
W0009218,U00531,M00203,2025-08-27 15:04:16.438544,44,True,TV
W0009219,U00921,M00289,2025-06-09 15:04:16.438546,32,False,Laptop
W0009220,U00578,M00285,2025-06-14 15:04:16.438548,25,True,Mobile
W0009221,U00077,M00105,2025-08-15 15:04:16.438550,7,True,Mobile
W0009222,U00061,M00166,2026-02-16 15:04:16.438552,12,False,Mobile
W0009223,U00684,M00105,2025-11-06 15:04:16.438554,49,False,TV
W0009224,U00755,M00234,2026-04-04 15:04:16.438556,66,True,Laptop
W0009225,U00746,M00198,2025-12-23 15:04:16.438558,13,False,Mobile
W0009226,U00922,M00272,2025-11-11 15:04:16.438560,68,False,Tablet
W0009227,U00304,M00097,2025-12-21 15:04:16.438562,115,True,Mobile
W0009228,U00485,M00282,2025-11-30 15:04:16.438564,169,False,TV
W0009229,U00116,M00005,2025-06-20 15:04:16.438567,75,True,Laptop
W0009230,U00878,M00293,2025-12-16 15:04:16.438571,30,False,Laptop
W0009231,U00860,M00097,2025-08-18 15:04:16.438573,56,False,Tablet
W0009232,U00564,M00100,2026-05-07 15:04:16.438575,115,True,Tablet
W0009233,U00213,M00009,2025-11-17 15:04:16.438577,180,False,Laptop
W0009234,U00552,M00052,2025-11-16 15:04:16.438579,166,False,Tablet
W0009235,U00992,M00152,2026-02-09 15:04:16.438581,119,True,Laptop
W0009236,U00978,M00276,2026-04-11 15:04:16.438583,85,False,Laptop
W0009237,U00751,M00052,2026-03-02 15:04:16.438585,126,False,Mobile
W0009238,U00281,M00211,2026-02-22 15:04:16.438587,19,False,TV
W0009239,U00720,M00241,2026-02-03 15:04:16.438589,79,False,Mobile
W0009240,U00826,M00185,2026-04-04 15:04:16.438591,20,True,Tablet
W0009241,U00471,M00029,2025-12-10 15:04:16.438593,63,False,Mobile
W0009242,U00833,M00097,2026-03-23 15:04:16.438595,71,True,TV
W0009243,U00681,M00300,2026-01-30 15:04:16.438598,147,False,Mobile
W0009244,U00484,M00172,2025-07-28 15:04:16.438599,110,True,Mobile
W0009245,U00586,M00224,2025-12-08 15:04:16.438602,68,True,Mobile
W0009246,U00254,M00057,2026-04-15 15:04:16.438603,170,False,TV
W0009247,U00880,M00162,2026-04-20 15:04:16.438605,47,False,Laptop
W0009248,U00462,M00049,2025-08-17 15:04:16.438607,87,False,TV
W0009249,U00731,M00279,2025-05-22 15:04:16.438611,27,False,Mobile
W0009250,U00315,M00157,2025-07-07 15:04:16.438613,179,False,TV
W0009251,U00155,M00034,2026-03-06 15:04:16.438615,92,True,Laptop
W0009252,U00538,M00137,2025-12-20 15:04:16.438617,157,True,TV
W0009253,U00957,M00023,2025-12-12 15:04:16.438619,127,True,TV
W0009254,U00342,M00029,2026-02-12 15:04:16.438621,75,False,Laptop
W0009255,U00043,M00212,2025-10-27 15:04:16.438623,165,True,TV
W0009256,U00463,M00062,2026-05-08 15:04:16.438625,10,True,TV
W0009257,U00898,M00083,2026-05-01 15:04:16.438627,173,True,Laptop
W0009258,U00520,M00172,2025-07-27 15:04:16.438629,122,False,Laptop
W0009259,U00467,M00005,2025-09-01 15:04:16.438631,18,False,Mobile
W0009260,U00966,M00172,2026-02-12 15:04:16.438634,56,False,TV
W0009261,U00582,M00224,2025-05-26 15:04:16.438636,116,True,TV
W0009262,U00103,M00216,2025-07-24 15:04:16.438639,68,True,TV
W0009263,U00288,M00292,2025-12-06 15:04:16.438641,141,True,TV
W0009264,U00464,M00153,2025-08-17 15:04:16.438644,70,True,Laptop
W0009265,U00932,M00113,2025-05-15 15:04:16.438645,127,False,Tablet
W0009266,U00422,M00026,2025-08-26 15:04:16.438647,50,False,Laptop
W0009267,U00778,M00008,2025-06-28 15:04:16.438649,31,False,Mobile
W0009268,U00063,M00190,2026-02-20 15:04:16.438652,11,False,Laptop
W0009269,U00779,M00042,2026-01-19 15:04:16.438655,149,True,TV
W0009270,U00906,M00269,2025-06-16 15:04:16.438657,58,False,Mobile
W0009271,U00144,M00029,2025-10-27 15:04:16.438659,39,False,Mobile
W0009272,U00528,M00294,2025-07-27 15:04:16.438661,84,False,Tablet
W0009273,U00796,M00192,2025-10-29 15:04:16.438663,140,False,Laptop
W0009274,U00345,M00094,2025-10-09 15:04:16.438665,168,True,Tablet
W0009275,U00525,M00121,2025-07-03 15:04:16.438667,123,False,TV
W0009276,U00455,M00197,2026-01-01 15:04:16.438669,86,True,Laptop
W0009277,U00190,M00277,2025-10-18 15:04:16.438671,148,True,Mobile
W0009278,U00837,M00106,2025-11-15 15:04:16.438673,25,False,TV
W0009279,U00742,M00300,2025-07-30 15:04:16.438675,137,True,Mobile
W0009280,U00849,M00074,2026-02-04 15:04:16.438677,135,False,Mobile
W0009281,U00993,M00114,2025-09-04 15:04:16.438679,45,False,Laptop
W0009282,U00504,M00092,2026-02-17 15:04:16.438681,134,True,TV
W0009283,U00535,M00185,2026-02-09 15:04:16.438683,180,False,Mobile
W0009284,U00561,M00281,2026-01-29 15:04:16.438685,40,True,TV
W0009285,U00446,M00201,2026-03-13 15:04:16.438687,40,False,Mobile
W0009286,U00772,M00060,2026-02-24 15:04:16.438689,62,True,TV
W0009287,U00948,M00137,2026-04-01 15:04:16.438691,71,False,Mobile
W0009288,U00795,M00161,2025-12-02 15:04:16.438694,108,False,Laptop
W0009289,U00085,M00157,2026-03-18 15:04:16.438696,109,True,TV
W0009290,U00051,M00176,2025-06-30 15:04:16.438698,120,False,Laptop
W0009291,U00454,M00186,2026-01-26 15:04:16.438700,101,False,Tablet
W0009292,U00701,M00130,2026-02-13 15:04:16.438702,124,False,Laptop
W0009293,U00154,M00293,2026-04-10 15:04:16.438704,47,False,Tablet
W0009294,U00202,M00149,2026-03-09 15:04:16.438734,142,True,Mobile
W0009295,U00570,M00089,2025-12-30 15:04:16.438738,25,False,Tablet
W0009296,U00012,M00276,2026-04-30 15:04:16.438740,97,False,Laptop
W0009297,U00928,M00252,2026-01-10 15:04:16.438743,45,False,Tablet
W0009298,U00508,M00003,2026-02-24 15:04:16.438745,24,True,Tablet
W0009299,U00767,M00100,2026-04-29 15:04:16.438747,124,False,Tablet
W0009300,U00953,M00246,2025-08-14 15:04:16.438749,85,True,TV
W0009301,U00956,M00026,2026-03-01 15:04:16.438751,58,False,Mobile
W0009302,U00993,M00015,2026-01-24 15:04:16.438755,20,False,TV
W0009303,U00764,M00077,2025-07-24 15:04:16.438757,143,True,Laptop
W0009304,U00154,M00174,2026-01-22 15:04:16.438759,126,False,TV
W0009305,U00736,M00104,2025-06-19 15:04:16.438761,126,False,TV
W0009306,U00441,M00214,2025-07-18 15:04:16.438764,93,False,Laptop
W0009307,U00368,M00020,2025-11-16 15:04:16.438766,21,False,Laptop
W0009308,U00808,M00206,2025-11-22 15:04:16.438769,100,False,Tablet
W0009309,U00261,M00111,2025-09-13 15:04:16.438771,19,False,Tablet
W0009310,U00271,M00190,2025-09-29 15:04:16.438773,50,True,Laptop
W0009311,U00406,M00209,2026-03-05 15:04:16.438775,125,True,Tablet
W0009312,U00162,M00186,2025-06-03 15:04:16.438777,148,True,Laptop
W0009313,U00661,M00031,2026-01-26 15:04:16.438779,102,True,Tablet
W0009314,U00537,M00034,2025-07-22 15:04:16.438781,171,True,Mobile
W0009315,U00134,M00045,2025-08-27 15:04:16.438783,124,True,Tablet
W0009316,U00483,M00203,2026-04-02 15:04:16.438785,47,True,Laptop
W0009317,U00724,M00094,2026-04-02 15:04:16.438787,36,True,Laptop
W0009318,U00616,M00233,2026-02-23 15:04:16.438789,147,True,Laptop
W0009319,U00684,M00272,2025-06-20 15:04:16.438791,65,False,TV
W0009320,U00403,M00284,2025-07-07 15:04:16.438793,75,True,Tablet
W0009321,U00733,M00050,2025-12-05 15:04:16.438795,101,True,Laptop
W0009322,U00739,M00084,2025-11-13 15:04:16.438797,119,False,Mobile
W0009323,U00300,M00282,2025-07-09 15:04:16.438799,104,False,TV
W0009324,U00756,M00182,2025-10-19 15:04:16.438801,26,False,TV
W0009325,U00534,M00297,2025-09-28 15:04:16.438803,149,True,Mobile
W0009326,U00291,M00250,2025-08-23 15:04:16.438806,134,True,Mobile
W0009327,U00302,M00056,2025-09-22 15:04:16.438810,60,False,Tablet
W0009328,U00582,M00195,2025-09-02 15:04:16.438812,73,False,Tablet
W0009329,U00272,M00112,2025-06-17 15:04:16.438814,59,False,Mobile
W0009330,U00208,M00251,2025-12-23 15:04:16.438816,84,False,Laptop
W0009331,U00168,M00091,2025-07-07 15:04:16.438818,159,True,TV
W0009332,U00731,M00065,2025-08-16 15:04:16.438820,174,False,Laptop
W0009333,U00529,M00247,2026-02-02 15:04:16.438823,89,False,Tablet
W0009334,U00002,M00123,2025-11-03 15:04:16.438825,60,True,TV
W0009335,U00598,M00231,2026-01-31 15:04:16.438827,42,False,Tablet
W0009336,U00082,M00146,2025-08-28 15:04:16.438829,153,False,Laptop
W0009337,U00762,M00277,2025-12-07 15:04:16.438830,106,False,Laptop
W0009338,U00518,M00279,2025-06-22 15:04:16.438833,71,False,Laptop
W0009339,U00588,M00200,2025-06-11 15:04:16.438835,170,False,Tablet
W0009340,U00620,M00082,2026-01-28 15:04:16.438837,131,True,TV
W0009341,U00079,M00131,2026-02-02 15:04:16.438839,105,False,Mobile
W0009342,U00221,M00035,2025-11-04 15:04:16.438841,117,False,TV
W0009343,U00616,M00008,2025-10-28 15:04:16.438842,30,False,TV
W0009344,U00559,M00085,2026-02-09 15:04:16.438844,91,False,TV
W0009345,U00060,M00138,2025-11-17 15:04:16.438846,150,False,TV
W0009346,U00935,M00112,2026-03-05 15:04:16.438850,121,True,TV
W0009347,U00094,M00219,2025-08-15 15:04:16.438852,92,True,Mobile
W0009348,U00489,M00083,2026-04-05 15:04:16.438854,13,False,TV
W0009349,U00918,M00147,2026-02-10 15:04:16.438856,151,True,Laptop
W0009350,U00443,M00236,2025-08-24 15:04:16.438858,159,True,Tablet
W0009351,U00146,M00225,2025-10-14 15:04:16.438860,103,False,TV
W0009352,U00139,M00062,2026-03-28 15:04:16.438862,101,True,Mobile
W0009353,U00256,M00157,2025-09-08 15:04:16.438864,115,True,TV
W0009354,U00041,M00234,2026-02-28 15:04:16.438866,179,True,Tablet
W0009355,U00362,M00256,2025-05-30 15:04:16.438869,134,False,Tablet
W0009356,U00469,M00275,2026-03-26 15:04:16.438871,161,False,Laptop
W0009357,U00701,M00164,2025-12-04 15:04:16.438873,137,False,TV
W0009358,U00290,M00018,2025-07-15 15:04:16.438876,78,False,Mobile
W0009359,U00902,M00271,2026-02-21 15:04:16.438879,113,True,Laptop
W0009360,U00540,M00049,2025-10-29 15:04:16.438881,66,True,Tablet
W0009361,U00309,M00195,2026-04-27 15:04:16.438883,29,False,Laptop
W0009362,U00467,M00129,2026-04-12 15:04:16.438885,6,False,TV
W0009363,U00907,M00010,2025-05-30 15:04:16.438887,71,True,Mobile
W0009364,U00406,M00168,2026-02-10 15:04:16.438889,136,True,TV
W0009365,U00672,M00125,2026-03-21 15:04:16.438891,48,True,Laptop
W0009366,U00648,M00241,2025-10-25 15:04:16.438894,105,False,Mobile
W0009367,U00065,M00131,2025-12-02 15:04:16.438896,90,False,Tablet
W0009368,U00302,M00122,2026-02-24 15:04:16.438898,27,True,TV
W0009369,U00968,M00049,2026-02-08 15:04:16.438900,24,False,Mobile
W0009370,U00900,M00164,2025-09-16 15:04:16.438902,124,False,Mobile
W0009371,U00950,M00070,2025-10-06 15:04:16.438904,64,False,Mobile
W0009372,U00819,M00281,2025-09-24 15:04:16.438906,16,True,TV
W0009373,U00079,M00153,2025-06-30 15:04:16.438908,89,False,TV
W0009374,U00190,M00121,2025-12-25 15:04:16.438910,171,True,Tablet
W0009375,U00954,M00074,2025-08-10 15:04:16.438912,83,False,Mobile
W0009376,U00128,M00009,2026-03-23 15:04:16.438915,61,False,Laptop
W0009377,U00079,M00199,2025-10-21 15:04:16.438917,171,False,TV
W0009378,U00254,M00246,2025-07-15 15:04:16.438919,157,False,Laptop
W0009379,U00242,M00208,2026-04-18 15:04:16.438921,169,False,Tablet
W0009380,U00643,M00269,2025-07-12 15:04:16.438923,180,True,TV
W0009381,U00485,M00287,2026-05-04 15:04:16.438925,125,True,Laptop
W0009382,U00285,M00281,2026-03-22 15:04:16.438926,143,True,Mobile
W0009383,U00741,M00013,2026-02-02 15:04:16.438928,11,False,Mobile
W0009384,U00175,M00009,2025-07-21 15:04:16.438930,32,True,Laptop
W0009385,U00164,M00170,2025-12-11 15:04:16.438933,104,False,TV
W0009386,U00167,M00231,2025-11-26 15:04:16.438936,88,False,Tablet
W0009387,U00790,M00240,2025-05-18 15:04:16.438938,48,False,Mobile
W0009388,U00652,M00164,2026-03-09 15:04:16.438941,57,False,Laptop
W0009389,U00575,M00241,2025-07-24 15:04:16.438944,17,False,Mobile
W0009390,U00268,M00295,2025-11-06 15:04:16.438946,95,True,Tablet
W0009391,U00154,M00293,2026-02-26 15:04:16.438948,172,False,Tablet
W0009392,U00063,M00129,2026-03-21 15:04:16.438950,109,False,Laptop
W0009393,U00434,M00107,2025-11-07 15:04:16.438952,11,False,Tablet
W0009394,U00261,M00285,2025-09-10 15:04:16.438955,156,True,Tablet
W0009395,U00987,M00244,2025-12-09 15:04:16.438957,169,True,TV
W0009396,U00574,M00177,2025-09-10 15:04:16.438959,19,True,Tablet
W0009397,U00039,M00076,2026-01-12 15:04:16.438961,139,False,Tablet
W0009398,U00969,M00196,2025-08-23 15:04:16.438963,148,True,TV
W0009399,U00350,M00216,2025-05-27 15:04:16.438965,153,False,Laptop
W0009400,U00073,M00024,2025-07-04 15:04:16.438967,110,True,Laptop
W0009401,U00095,M00036,2026-03-16 15:04:16.438969,159,False,Laptop
W0009402,U00522,M00124,2026-05-01 15:04:16.438971,46,True,Mobile
W0009403,U00541,M00155,2026-03-17 15:04:16.438973,27,True,TV
W0009404,U00659,M00065,2026-01-13 15:04:16.438975,77,True,Tablet
W0009405,U00028,M00023,2026-01-23 15:04:16.438979,62,True,Tablet
W0009406,U00785,M00071,2025-07-05 15:04:16.438981,167,True,Tablet
W0009407,U00197,M00070,2026-04-07 15:04:16.438983,178,True,Laptop
W0009408,U00362,M00036,2025-05-30 15:04:16.438985,118,True,TV
W0009409,U00738,M00125,2026-01-14 15:04:16.438987,153,False,Tablet
W0009410,U00061,M00092,2025-12-14 15:04:16.438989,123,True,Mobile
W0009411,U00322,M00002,2025-09-01 15:04:16.438991,170,False,TV
W0009412,U00752,M00053,2026-02-20 15:04:16.438993,123,False,Laptop
W0009413,U00297,M00232,2025-05-26 15:04:16.438995,106,True,TV
W0009414,U00547,M00223,2025-06-29 15:04:16.438997,79,True,Laptop
W0009415,U00571,M00215,2026-02-14 15:04:16.438999,14,True,Mobile
W0009416,U00975,M00073,2026-02-19 15:04:16.439001,89,True,Tablet
W0009417,U00831,M00225,2025-12-10 15:04:16.439003,90,False,TV
W0009418,U00557,M00179,2025-10-23 15:04:16.439005,6,False,Laptop
W0009419,U00861,M00290,2025-11-30 15:04:16.439007,138,True,TV
W0009420,U00045,M00073,2025-07-10 15:04:16.439009,43,True,TV
W0009421,U00785,M00276,2026-03-11 15:04:16.439014,97,True,Tablet
W0009422,U00967,M00260,2025-09-12 15:04:16.439016,53,True,TV
W0009423,U00742,M00105,2026-01-22 15:04:16.439018,54,False,TV
W0009424,U00127,M00176,2025-07-06 15:04:16.439021,168,True,Laptop
W0009425,U00137,M00112,2026-01-27 15:04:16.439023,150,True,TV
W0009426,U00965,M00042,2026-03-27 15:04:16.439025,11,False,Mobile
W0009427,U00401,M00091,2026-04-18 15:04:16.439027,91,True,Laptop
W0009428,U00171,M00277,2025-06-27 15:04:16.439029,57,True,Laptop
W0009429,U00058,M00219,2025-11-05 15:04:16.439031,26,False,Mobile
W0009430,U00722,M00112,2025-08-08 15:04:16.439033,38,True,Tablet
W0009431,U00364,M00129,2025-11-18 15:04:16.439035,90,True,Tablet
W0009432,U00929,M00018,2025-11-26 15:04:16.439037,91,True,Mobile
W0009433,U00544,M00049,2025-06-18 15:04:16.439039,106,True,TV
W0009434,U00077,M00193,2026-03-28 15:04:16.439041,109,True,TV
W0009435,U00326,M00174,2025-05-18 15:04:16.439043,15,True,TV
W0009436,U00672,M00039,2025-12-02 15:04:16.439045,25,True,TV
W0009437,U00330,M00025,2025-09-13 15:04:16.439046,114,True,Tablet
W0009438,U00488,M00194,2025-12-06 15:04:16.439048,53,False,Mobile
W0009439,U00312,M00141,2026-01-01 15:04:16.439050,147,True,Laptop
W0009440,U00429,M00253,2025-05-24 15:04:16.439052,64,True,Tablet
W0009441,U00943,M00181,2025-10-26 15:04:16.439054,165,False,TV
W0009442,U00171,M00088,2025-11-01 15:04:16.439056,165,False,TV
W0009443,U00253,M00205,2026-05-08 15:04:16.439058,102,False,Mobile
W0009444,U00758,M00076,2025-06-03 15:04:16.439061,90,False,TV
W0009445,U00534,M00035,2025-07-10 15:04:16.439064,7,False,Tablet
W0009446,U00551,M00007,2025-07-27 15:04:16.439066,113,True,TV
W0009447,U00610,M00249,2025-05-10 15:04:16.439068,163,False,Mobile
W0009448,U00478,M00206,2025-08-26 15:04:16.439070,153,True,TV
W0009449,U00632,M00059,2025-10-20 15:04:16.439072,24,True,Mobile
W0009450,U00105,M00093,2025-06-04 15:04:16.439074,117,True,Tablet
W0009451,U00639,M00054,2025-11-28 15:04:16.439076,83,True,Laptop
W0009452,U00141,M00027,2025-05-24 15:04:16.439078,172,True,Mobile
W0009453,U00663,M00054,2026-04-29 15:04:16.439082,151,True,Mobile
W0009454,U00217,M00189,2025-06-04 15:04:16.439085,170,True,Tablet
W0009455,U00602,M00051,2025-05-12 15:04:16.439087,41,False,TV
W0009456,U00089,M00213,2025-08-21 15:04:16.439089,89,False,TV
W0009457,U00056,M00194,2025-07-15 15:04:16.439091,114,False,Mobile
W0009458,U00737,M00131,2025-06-02 15:04:16.439093,68,True,Laptop
W0009459,U00920,M00152,2026-01-17 15:04:16.439095,131,True,Mobile
W0009460,U00291,M00089,2026-02-08 15:04:16.439097,22,True,TV
W0009461,U00358,M00176,2026-02-19 15:04:16.439099,143,True,Mobile
W0009462,U00635,M00049,2025-07-24 15:04:16.439101,55,True,Tablet
W0009463,U00292,M00221,2025-10-08 15:04:16.439127,170,False,Laptop
W0009464,U00949,M00270,2026-03-06 15:04:16.439134,148,True,Mobile
W0009465,U00099,M00143,2025-10-30 15:04:16.439136,128,True,Laptop
W0009466,U00428,M00061,2025-12-28 15:04:16.439139,17,False,TV
W0009467,U00666,M00005,2026-01-30 15:04:16.439142,159,True,TV
W0009468,U00466,M00230,2025-08-29 15:04:16.439144,14,True,Laptop
W0009469,U00207,M00121,2026-03-14 15:04:16.439147,36,False,Mobile
W0009470,U00243,M00071,2026-03-26 15:04:16.439149,32,True,Laptop
W0009471,U00740,M00259,2026-03-07 15:04:16.439151,31,False,Mobile
W0009472,U00523,M00214,2025-07-23 15:04:16.439154,5,False,TV
W0009473,U00476,M00165,2025-10-11 15:04:16.439157,162,False,Tablet
W0009474,U00398,M00176,2025-06-08 15:04:16.439158,160,True,TV
W0009475,U00177,M00097,2025-08-18 15:04:16.439160,32,False,Mobile
W0009476,U00266,M00098,2025-06-27 15:04:16.439163,63,False,Mobile
W0009477,U00759,M00223,2026-03-12 15:04:16.439164,144,True,Laptop
W0009478,U00477,M00022,2025-12-09 15:04:16.439166,88,False,Tablet
W0009479,U00746,M00167,2025-07-05 15:04:16.439168,153,False,TV
W0009480,U00023,M00298,2025-09-05 15:04:16.439170,167,True,Tablet
W0009481,U00970,M00183,2025-07-16 15:04:16.439172,130,True,TV
W0009482,U00542,M00015,2025-08-28 15:04:16.439174,126,True,Mobile
W0009483,U00336,M00213,2025-11-13 15:04:16.439194,32,False,Mobile
W0009484,U00324,M00133,2025-07-17 15:04:16.439197,88,False,Laptop
W0009485,U00100,M00288,2025-11-23 15:04:16.439201,94,True,TV
W0009486,U00020,M00153,2026-01-01 15:04:16.439203,42,True,TV
W0009487,U00288,M00070,2025-06-05 15:04:16.439205,117,False,TV
W0009488,U00065,M00154,2025-11-23 15:04:16.439207,7,True,Laptop
W0009489,U00803,M00167,2025-07-18 15:04:16.439209,168,True,Mobile
W0009490,U00379,M00035,2025-09-28 15:04:16.439211,106,False,Tablet
W0009491,U00066,M00099,2025-09-10 15:04:16.439213,67,True,Tablet
W0009492,U00662,M00107,2025-05-12 15:04:16.439215,34,False,Tablet
W0009493,U00648,M00268,2025-09-02 15:04:16.439217,62,True,Mobile
W0009494,U00535,M00183,2026-02-23 15:04:16.439219,66,True,Tablet
W0009495,U00796,M00095,2025-06-17 15:04:16.439232,136,False,Laptop
W0009496,U00808,M00199,2025-05-23 15:04:16.439237,101,True,Mobile
W0009497,U00967,M00171,2026-03-24 15:04:16.439241,85,True,Mobile
W0009498,U00047,M00128,2025-07-03 15:04:16.439243,114,False,Tablet
W0009499,U00077,M00087,2026-01-28 15:04:16.439246,137,True,Mobile
W0009500,U00270,M00157,2025-06-05 15:04:16.439248,112,False,Tablet
W0009501,U00871,M00118,2025-07-16 15:04:16.439250,172,False,Laptop
W0009502,U00520,M00240,2026-03-23 15:04:16.439253,87,False,Laptop
W0009503,U00278,M00090,2026-04-23 15:04:16.439256,92,True,Mobile
W0009504,U00444,M00265,2026-03-12 15:04:16.439258,124,False,TV
W0009505,U00183,M00069,2025-09-27 15:04:16.439260,171,False,Mobile
W0009506,U00804,M00122,2025-06-28 15:04:16.439262,100,False,TV
W0009507,U00292,M00214,2025-11-24 15:04:16.439264,64,True,Laptop
W0009508,U00446,M00290,2025-08-29 15:04:16.439266,118,True,Mobile
W0009509,U00975,M00148,2025-12-16 15:04:16.439268,81,True,Laptop
W0009510,U00642,M00234,2025-08-20 15:04:16.439270,22,True,TV
W0009511,U00213,M00065,2025-10-10 15:04:16.439272,51,True,Mobile
W0009512,U00279,M00075,2025-06-15 15:04:16.439274,81,False,Tablet
W0009513,U00169,M00015,2025-09-22 15:04:16.439276,97,True,TV
W0009514,U00217,M00247,2025-09-27 15:04:16.439279,125,False,Tablet
W0009515,U00155,M00061,2026-04-25 15:04:16.439281,72,False,Mobile
W0009516,U00009,M00004,2025-11-03 15:04:16.439283,149,False,Laptop
W0009517,U00227,M00276,2026-01-22 15:04:16.439286,107,True,Mobile
W0009518,U00568,M00178,2025-07-27 15:04:16.439288,57,True,TV
W0009519,U00066,M00102,2025-06-13 15:04:16.439290,76,False,Laptop
W0009520,U00281,M00197,2025-12-27 15:04:16.439292,99,True,Tablet
W0009521,U00357,M00168,2026-04-06 15:04:16.439294,75,True,Tablet
W0009522,U00820,M00008,2026-01-12 15:04:16.439297,127,False,Laptop
W0009523,U00484,M00270,2025-12-01 15:04:16.439299,5,True,Laptop
W0009524,U00985,M00229,2026-01-13 15:04:16.439301,113,True,Laptop
W0009525,U00006,M00001,2025-07-09 15:04:16.439303,14,False,TV
W0009526,U00351,M00173,2026-04-02 15:04:16.439306,92,False,TV
W0009527,U00431,M00154,2025-12-24 15:04:16.439308,52,False,Tablet
W0009528,U00712,M00122,2026-04-14 15:04:16.439310,157,False,Mobile
W0009529,U00573,M00290,2026-04-19 15:04:16.439312,180,True,Tablet
W0009530,U00202,M00089,2025-06-07 15:04:16.439314,83,False,Tablet
W0009531,U00732,M00057,2025-05-19 15:04:16.439316,53,False,Mobile
W0009532,U00538,M00120,2025-05-21 15:04:16.439318,23,False,Tablet
W0009533,U00140,M00094,2026-01-30 15:04:16.439320,89,True,Mobile
W0009534,U00391,M00232,2025-07-12 15:04:16.439322,132,False,TV
W0009535,U00412,M00291,2025-12-17 15:04:16.439324,167,True,Mobile
W0009536,U00927,M00016,2026-04-29 15:04:16.439326,148,True,Tablet
W0009537,U00858,M00296,2026-03-24 15:04:16.439328,62,True,Mobile
W0009538,U00599,M00175,2026-04-09 15:04:16.439330,132,False,Mobile
W0009539,U00830,M00098,2025-06-05 15:04:16.439332,74,False,Mobile
W0009540,U00625,M00123,2025-06-11 15:04:16.439334,29,True,Tablet
W0009541,U00673,M00166,2026-02-05 15:04:16.439337,16,True,Laptop
W0009542,U00602,M00207,2025-08-18 15:04:16.439340,100,True,Tablet
W0009543,U00566,M00294,2025-10-05 15:04:16.439342,146,False,TV
W0009544,U00008,M00160,2025-07-03 15:04:16.439343,150,True,Laptop
W0009545,U00517,M00077,2025-11-05 15:04:16.439345,170,False,Laptop
W0009546,U00958,M00243,2025-09-27 15:04:16.439347,108,True,TV
W0009547,U00060,M00222,2025-05-20 15:04:16.439349,60,False,Laptop
W0009548,U00601,M00113,2025-07-05 15:04:16.439351,106,True,TV
W0009549,U00060,M00071,2026-02-19 15:04:16.439354,95,False,Tablet
W0009550,U00433,M00226,2026-02-01 15:04:16.439356,78,False,Mobile
W0009551,U00120,M00215,2025-05-26 15:04:16.439358,85,False,Tablet
W0009552,U00221,M00211,2026-01-08 15:04:16.439360,44,True,TV
W0009553,U00338,M00214,2026-01-31 15:04:16.439363,76,True,Laptop
W0009554,U00681,M00058,2025-11-27 15:04:16.439365,167,False,Laptop
W0009555,U00475,M00098,2026-01-12 15:04:16.439367,84,False,TV
W0009556,U00188,M00042,2026-02-12 15:04:16.439369,143,False,Tablet
W0009557,U00118,M00286,2026-05-02 15:04:16.439372,132,True,TV
W0009558,U00427,M00246,2026-01-10 15:04:16.439374,138,True,TV
W0009559,U00478,M00064,2026-03-23 15:04:16.439376,104,False,Mobile
W0009560,U00357,M00194,2025-09-27 15:04:16.439378,77,True,Tablet
W0009561,U00005,M00246,2026-03-23 15:04:16.439381,52,True,TV
W0009562,U00963,M00166,2026-03-01 15:04:16.439384,82,True,Laptop
W0009563,U00356,M00091,2026-01-11 15:04:16.439386,18,True,Mobile
W0009564,U00791,M00247,2025-09-30 15:04:16.439388,178,False,Mobile
W0009565,U00631,M00009,2026-05-02 15:04:16.439390,63,False,Laptop
W0009566,U00813,M00106,2026-03-30 15:04:16.439392,47,True,Mobile
W0009567,U00139,M00299,2025-06-16 15:04:16.439394,121,False,Tablet
W0009568,U00509,M00265,2026-04-22 15:04:16.439396,74,False,Laptop
W0009569,U00494,M00145,2026-01-01 15:04:16.439398,176,True,TV
W0009570,U00005,M00144,2025-08-26 15:04:16.439400,109,True,Tablet
W0009571,U00389,M00264,2026-03-24 15:04:16.439402,151,False,Tablet
W0009572,U00883,M00275,2026-04-24 15:04:16.439405,20,False,TV
W0009573,U00913,M00275,2025-08-03 15:04:16.439407,36,False,Mobile
W0009574,U00350,M00244,2025-09-12 15:04:16.439409,88,True,Mobile
W0009575,U00501,M00245,2025-12-03 15:04:16.439411,99,True,TV
W0009576,U00544,M00284,2025-06-27 15:04:16.439413,14,False,Mobile
W0009577,U00503,M00264,2025-07-01 15:04:16.439415,118,True,Tablet
W0009578,U00269,M00223,2026-01-09 15:04:16.439417,109,False,Tablet
W0009579,U00734,M00262,2026-04-08 15:04:16.439419,163,True,Tablet
W0009580,U00944,M00201,2025-12-01 15:04:16.439422,5,True,Mobile
W0009581,U00703,M00064,2026-05-02 15:04:16.439425,130,True,Mobile
W0009582,U00694,M00224,2025-12-20 15:04:16.439427,18,False,TV
W0009583,U00617,M00160,2026-04-16 15:04:16.439429,102,True,Laptop
W0009584,U00137,M00088,2025-11-25 15:04:16.439431,41,True,Laptop
W0009585,U00297,M00231,2025-05-17 15:04:16.439433,13,False,Laptop
W0009586,U00031,M00272,2025-09-18 15:04:16.439435,21,True,TV
W0009587,U00729,M00100,2026-03-29 15:04:16.439437,133,True,Tablet
W0009588,U00427,M00064,2025-08-09 15:04:16.439439,92,False,Tablet
W0009589,U00517,M00230,2026-02-16 15:04:16.439441,83,True,TV
W0009590,U00825,M00108,2025-08-24 15:04:16.439443,11,True,Laptop
W0009591,U00907,M00233,2026-02-02 15:04:16.439445,20,True,Tablet
W0009592,U00234,M00010,2026-03-14 15:04:16.439447,48,False,Laptop
W0009593,U00072,M00178,2026-04-23 15:04:16.439449,16,False,Tablet
W0009594,U00746,M00274,2026-04-26 15:04:16.439451,36,False,Mobile
W0009595,U00126,M00167,2025-06-15 15:04:16.439453,107,True,TV
W0009596,U00499,M00046,2025-10-31 15:04:16.439455,120,False,TV
W0009597,U00040,M00239,2026-05-01 15:04:16.439457,77,False,Mobile
W0009598,U00776,M00255,2026-01-15 15:04:16.439459,21,True,Mobile
W0009599,U00384,M00230,2026-01-23 15:04:16.439461,156,True,TV
W0009600,U00282,M00265,2026-04-22 15:04:16.439464,36,False,Tablet
W0009601,U00721,M00160,2025-10-24 15:04:16.439467,105,True,TV
W0009602,U00377,M00068,2026-01-03 15:04:16.439469,146,False,Laptop
W0009603,U00557,M00266,2025-12-09 15:04:16.439471,37,False,Laptop
W0009604,U00601,M00054,2025-07-23 15:04:16.439473,90,False,TV
W0009605,U00571,M00221,2026-02-26 15:04:16.439475,99,True,Tablet
W0009606,U00178,M00045,2026-05-01 15:04:16.439476,159,True,Tablet
W0009607,U00520,M00047,2025-08-13 15:04:16.439478,77,True,Mobile
W0009608,U00035,M00178,2025-11-25 15:04:16.439480,51,False,TV
W0009609,U00030,M00050,2025-08-26 15:04:16.439483,69,False,Laptop
W0009610,U00943,M00108,2026-04-05 15:04:16.439484,140,True,Laptop
W0009611,U00177,M00028,2026-04-28 15:04:16.439486,82,True,Tablet
W0009612,U00083,M00129,2025-06-30 15:04:16.439488,176,True,TV
W0009613,U00321,M00166,2025-06-19 15:04:16.439492,109,True,TV
W0009614,U00733,M00097,2025-11-08 15:04:16.439494,73,True,TV
W0009615,U00789,M00202,2025-08-17 15:04:16.439496,113,False,Tablet
W0009616,U00144,M00059,2026-01-28 15:04:16.439498,143,False,Tablet
W0009617,U00487,M00192,2026-04-07 15:04:16.439500,30,False,TV
W0009618,U00488,M00297,2025-08-24 15:04:16.439502,135,False,Laptop
W0009619,U00209,M00110,2026-01-09 15:04:16.439505,80,True,Tablet
W0009620,U00611,M00243,2025-05-16 15:04:16.439507,41,False,Mobile
W0009621,U00136,M00027,2026-04-18 15:04:16.439509,40,True,TV
W0009622,U00155,M00042,2025-11-17 15:04:16.439511,16,True,TV
W0009623,U00693,M00015,2026-04-23 15:04:16.439513,54,True,Mobile
W0009624,U00285,M00222,2025-06-03 15:04:16.439515,170,False,Tablet
W0009625,U00739,M00130,2025-09-17 15:04:16.439518,142,True,Tablet
W0009626,U00465,M00005,2026-02-21 15:04:16.439520,81,True,Laptop
W0009627,U00382,M00099,2026-01-31 15:04:16.439522,156,True,Tablet
W0009628,U00898,M00295,2026-01-22 15:04:16.439524,55,False,Tablet
W0009629,U00153,M00227,2025-11-16 15:04:16.439526,48,True,Laptop
W0009630,U00634,M00083,2025-09-23 15:04:16.439528,19,False,TV
W0009631,U00123,M00248,2025-10-21 15:04:16.439530,7,False,TV
W0009632,U00511,M00150,2025-06-18 15:04:16.439532,180,True,Laptop
W0009633,U00144,M00295,2025-12-22 15:04:16.439534,31,True,Mobile
W0009634,U00285,M00143,2026-01-23 15:04:16.439536,94,False,Tablet
W0009635,U00509,M00250,2026-03-18 15:04:16.439538,119,False,TV
W0009636,U00097,M00031,2025-06-08 15:04:16.439540,44,True,Mobile
W0009637,U00228,M00280,2025-09-10 15:04:16.439542,107,True,TV
W0009638,U00500,M00269,2025-05-10 15:04:16.439545,41,False,Laptop
W0009639,U00598,M00169,2026-01-02 15:04:16.439569,94,True,Tablet
W0009640,U00357,M00030,2025-05-09 15:04:16.439575,15,False,Laptop
W0009641,U00213,M00294,2025-06-02 15:04:16.439578,68,True,Laptop
W0009642,U00418,M00029,2026-02-28 15:04:16.439582,99,True,Laptop
W0009643,U00624,M00275,2025-11-25 15:04:16.439585,5,False,Laptop
W0009644,U00062,M00253,2025-12-09 15:04:16.439589,137,False,Laptop
W0009645,U00285,M00290,2026-04-13 15:04:16.439591,156,True,Mobile
W0009646,U00890,M00004,2025-06-23 15:04:16.439593,161,True,Mobile
W0009647,U00132,M00064,2025-12-26 15:04:16.439595,29,True,Tablet
W0009648,U00062,M00068,2025-10-17 15:04:16.439597,58,False,Laptop
W0009649,U00208,M00130,2026-02-14 15:04:16.439599,120,True,TV
W0009650,U00933,M00198,2025-08-27 15:04:16.439601,83,True,TV
W0009651,U00573,M00300,2025-12-07 15:04:16.439603,163,True,TV
W0009652,U00047,M00175,2025-11-13 15:04:16.439605,58,False,Laptop
W0009653,U00722,M00076,2026-04-10 15:04:16.439606,26,True,Laptop
W0009654,U00761,M00280,2026-04-28 15:04:16.439608,124,False,Mobile
W0009655,U00724,M00226,2025-08-25 15:04:16.439610,122,True,Mobile
W0009656,U00014,M00198,2025-07-13 15:04:16.439612,171,True,Tablet
W0009657,U00782,M00254,2026-03-05 15:04:16.439614,172,False,Tablet
W0009658,U00325,M00046,2026-01-01 15:04:16.439617,34,False,Tablet
W0009659,U00059,M00064,2025-09-07 15:04:16.439620,76,False,Laptop
W0009660,U00340,M00036,2026-04-11 15:04:16.439622,128,False,Laptop
W0009661,U00125,M00122,2025-12-17 15:04:16.439623,10,True,TV
W0009662,U00479,M00286,2026-01-16 15:04:16.439625,46,False,Mobile
W0009663,U00071,M00234,2025-12-24 15:04:16.439627,26,True,TV
W0009664,U00758,M00168,2026-02-24 15:04:16.439629,5,True,Mobile
W0009665,U00972,M00059,2025-10-17 15:04:16.439631,31,False,Mobile
W0009666,U00304,M00136,2026-04-30 15:04:16.439633,86,True,Tablet
W0009667,U00473,M00209,2025-05-31 15:04:16.439635,66,True,TV
W0009668,U00595,M00256,2025-09-01 15:04:16.439637,18,False,Laptop
W0009669,U00059,M00229,2025-10-27 15:04:16.439640,63,False,Mobile
W0009670,U00261,M00080,2025-12-18 15:04:16.439641,107,True,Mobile
W0009671,U00098,M00023,2025-08-26 15:04:16.439643,31,True,TV
W0009672,U00142,M00164,2025-12-04 15:04:16.439645,21,True,Mobile
W0009673,U00154,M00127,2025-10-10 15:04:16.439648,165,False,Mobile
W0009674,U00860,M00108,2025-06-12 15:04:16.439649,126,False,Mobile
W0009675,U00647,M00030,2025-08-09 15:04:16.439651,129,False,Tablet
W0009676,U00235,M00280,2025-09-12 15:04:16.439655,126,False,Laptop
W0009677,U00264,M00123,2026-04-16 15:04:16.439657,96,True,TV
W0009678,U00736,M00228,2025-12-08 15:04:16.439660,106,True,Tablet
W0009679,U00931,M00154,2025-09-22 15:04:16.439662,164,True,Tablet
W0009680,U00420,M00167,2026-02-12 15:04:16.439665,64,False,Laptop
W0009681,U00915,M00215,2025-07-30 15:04:16.439667,125,True,Laptop
W0009682,U00675,M00292,2025-05-26 15:04:16.439669,107,True,Tablet
W0009683,U00400,M00107,2025-07-16 15:04:16.439671,78,False,Mobile
W0009684,U00994,M00068,2026-04-18 15:04:16.439673,176,False,Tablet
W0009685,U00176,M00247,2025-11-30 15:04:16.439675,55,True,Mobile
W0009686,U00044,M00150,2026-01-02 15:04:16.439677,133,True,TV
W0009687,U00023,M00300,2026-04-10 15:04:16.439679,64,True,Mobile
W0009688,U00054,M00035,2025-06-21 15:04:16.439681,66,False,Tablet
W0009689,U00926,M00296,2026-01-29 15:04:16.439683,6,True,Laptop
W0009690,U00556,M00036,2025-09-05 15:04:16.439686,111,True,Laptop
W0009691,U00284,M00153,2025-07-06 15:04:16.439687,68,True,Mobile
W0009692,U00941,M00138,2025-11-25 15:04:16.439689,10,False,Laptop
W0009693,U00773,M00136,2025-08-19 15:04:16.439691,49,False,TV
W0009694,U00657,M00138,2026-04-09 15:04:16.439693,122,True,Laptop
W0009695,U00069,M00153,2026-01-01 15:04:16.439695,106,False,Tablet
W0009696,U00124,M00226,2025-07-26 15:04:16.439697,108,False,TV
W0009697,U00378,M00017,2026-02-16 15:04:16.439701,120,True,Tablet
W0009698,U00422,M00065,2025-05-12 15:04:16.439703,15,True,TV
W0009699,U00513,M00295,2026-01-02 15:04:16.439705,180,True,TV
W0009700,U00964,M00284,2026-04-30 15:04:16.439708,173,True,Laptop
W0009701,U00366,M00122,2025-11-24 15:04:16.439710,114,True,TV
W0009702,U00427,M00151,2026-03-25 15:04:16.439712,176,True,Laptop
W0009703,U00769,M00173,2026-01-26 15:04:16.439714,74,False,TV
W0009704,U00895,M00270,2025-10-31 15:04:16.439716,174,False,Laptop
W0009705,U00272,M00151,2025-12-10 15:04:16.439718,154,True,TV
W0009706,U00878,M00182,2026-02-21 15:04:16.439720,174,True,Laptop
W0009707,U00152,M00213,2025-11-01 15:04:16.439722,53,False,Laptop
W0009708,U00195,M00074,2025-09-19 15:04:16.439726,5,False,TV
W0009709,U00891,M00141,2025-11-06 15:04:16.439728,91,False,TV
W0009710,U00454,M00296,2025-05-14 15:04:16.439730,128,True,Laptop
W0009711,U00358,M00093,2025-08-03 15:04:16.439732,84,False,Mobile
W0009712,U00631,M00281,2026-03-08 15:04:16.439734,137,True,TV
W0009713,U00499,M00073,2025-10-03 15:04:16.439736,102,True,TV
W0009714,U00854,M00159,2026-02-28 15:04:16.439737,134,False,Laptop
W0009715,U00009,M00237,2025-05-20 15:04:16.439739,61,True,Laptop
W0009716,U00414,M00287,2026-01-16 15:04:16.439742,89,True,Laptop
W0009717,U00836,M00144,2026-02-01 15:04:16.439745,99,False,Tablet
W0009718,U00749,M00300,2026-02-23 15:04:16.439747,167,True,Tablet
W0009719,U00647,M00006,2026-04-18 15:04:16.439749,79,False,Laptop
W0009720,U00227,M00259,2026-03-13 15:04:16.439751,103,False,Tablet
W0009721,U00617,M00271,2025-08-15 15:04:16.439753,62,True,Mobile
W0009722,U00440,M00267,2025-05-23 15:04:16.439756,150,True,Tablet
W0009723,U00020,M00002,2025-09-10 15:04:16.439758,171,False,TV
W0009724,U00690,M00034,2025-06-04 15:04:16.439760,58,False,TV
W0009725,U00862,M00073,2025-12-29 15:04:16.439762,103,True,Mobile
W0009726,U00813,M00058,2025-08-21 15:04:16.439764,149,False,Laptop
W0009727,U00803,M00287,2025-12-03 15:04:16.439766,13,False,Mobile
W0009728,U00501,M00205,2026-01-05 15:04:16.439769,150,False,TV
W0009729,U00013,M00023,2025-12-07 15:04:16.439771,100,False,Laptop
W0009730,U00987,M00233,2025-08-24 15:04:16.439773,101,True,Laptop
W0009731,U00759,M00003,2025-07-07 15:04:16.439775,167,False,Tablet
W0009732,U00305,M00040,2026-05-07 15:04:16.439777,113,False,Mobile
W0009733,U00679,M00146,2026-02-25 15:04:16.439779,118,False,Laptop
W0009734,U00534,M00089,2025-10-02 15:04:16.439781,64,False,Tablet
W0009735,U00166,M00074,2026-02-13 15:04:16.439783,136,True,TV
W0009736,U00004,M00295,2026-04-08 15:04:16.439787,120,True,Laptop
W0009737,U00266,M00262,2025-10-05 15:04:16.439789,123,False,TV
W0009738,U00542,M00263,2025-06-01 15:04:16.439791,85,True,Mobile
W0009739,U00559,M00164,2025-08-01 15:04:16.439793,77,False,Mobile
W0009740,U00005,M00047,2025-11-06 15:04:16.439797,39,True,Mobile
W0009741,U00476,M00113,2025-08-30 15:04:16.439799,169,True,Tablet
W0009742,U00349,M00087,2026-01-24 15:04:16.439801,49,False,Tablet
W0009743,U00875,M00154,2025-12-05 15:04:16.439803,97,True,Mobile
W0009744,U00335,M00286,2026-02-04 15:04:16.439805,21,False,Laptop
W0009745,U00153,M00211,2026-01-24 15:04:16.439807,8,True,Mobile
W0009746,U00725,M00271,2025-09-28 15:04:16.439809,78,True,Mobile
W0009747,U00521,M00276,2026-04-03 15:04:16.439811,14,True,Mobile
W0009748,U00463,M00176,2026-02-28 15:04:16.439813,136,True,Tablet
W0009749,U00336,M00084,2026-05-05 15:04:16.439814,55,False,Laptop
W0009750,U00173,M00288,2025-12-10 15:04:16.439816,68,True,Mobile
W0009751,U00324,M00139,2025-06-11 15:04:16.439818,17,True,Laptop
W0009752,U00301,M00224,2026-03-23 15:04:16.439820,87,False,Tablet
W0009753,U00046,M00018,2025-11-06 15:04:16.439822,126,False,Mobile
W0009754,U00278,M00078,2025-12-19 15:04:16.439824,115,False,TV
W0009755,U00743,M00211,2025-08-22 15:04:16.439826,173,False,Mobile
W0009756,U00002,M00036,2026-04-05 15:04:16.439829,7,True,Tablet
W0009757,U00998,M00038,2026-01-18 15:04:16.439832,80,False,TV
W0009758,U00042,M00065,2025-09-11 15:04:16.439834,166,False,Laptop
W0009759,U00861,M00019,2025-11-24 15:04:16.439836,84,True,TV
W0009760,U00407,M00206,2026-04-28 15:04:16.439838,69,True,Tablet
W0009761,U00744,M00059,2025-08-27 15:04:16.439840,29,True,Laptop
W0009762,U00874,M00167,2025-05-27 15:04:16.439842,175,True,Mobile
W0009763,U00649,M00070,2026-01-10 15:04:16.439844,9,False,Mobile
W0009764,U00186,M00170,2026-02-06 15:04:16.439845,14,False,TV
W0009765,U00114,M00226,2025-06-04 15:04:16.439847,131,True,TV
W0009766,U00135,M00068,2025-06-20 15:04:16.439850,31,True,TV
W0009767,U00052,M00120,2025-07-23 15:04:16.439852,115,True,TV
W0009768,U00872,M00290,2025-06-26 15:04:16.439854,110,True,Laptop
W0009769,U00792,M00112,2026-01-26 15:04:16.439856,154,False,Mobile
W0009770,U00408,M00081,2026-03-28 15:04:16.439858,72,True,Tablet
W0009771,U00148,M00176,2025-09-26 15:04:16.439860,158,False,TV
W0009772,U00182,M00111,2025-09-11 15:04:16.439863,118,False,Mobile
W0009773,U00935,M00209,2025-12-01 15:04:16.439865,8,True,Mobile
W0009774,U00194,M00213,2025-07-17 15:04:16.439867,78,True,TV
W0009775,U00308,M00046,2026-04-13 15:04:16.439870,28,False,Mobile
W0009776,U00629,M00068,2025-06-20 15:04:16.439873,75,False,TV
W0009777,U00929,M00293,2026-02-21 15:04:16.439874,166,True,Tablet
W0009778,U00988,M00259,2025-05-10 15:04:16.439877,50,True,Mobile
W0009779,U00598,M00276,2026-01-22 15:04:16.439879,23,True,Tablet
W0009780,U00701,M00191,2026-04-10 15:04:16.439881,130,False,Laptop
W0009781,U00060,M00021,2025-10-12 15:04:16.439883,143,True,Tablet
W0009782,U00666,M00139,2026-04-15 15:04:16.439885,137,True,Laptop
W0009783,U00438,M00054,2026-03-01 15:04:16.439887,90,False,Mobile
W0009784,U00767,M00254,2025-07-17 15:04:16.439889,28,False,Laptop
W0009785,U00120,M00077,2025-12-31 15:04:16.439891,134,False,TV
W0009786,U00901,M00166,2026-04-19 15:04:16.439893,15,True,Tablet
W0009787,U00360,M00066,2025-11-26 15:04:16.439895,56,True,Mobile
W0009788,U00901,M00299,2026-03-22 15:04:16.439896,75,False,Mobile
W0009789,U00897,M00160,2025-12-21 15:04:16.439898,60,True,Mobile
W0009790,U00882,M00122,2025-08-13 15:04:16.439900,133,False,Mobile
W0009791,U00525,M00064,2025-10-30 15:04:16.439902,38,True,TV
W0009792,U00374,M00033,2026-01-30 15:04:16.439904,82,True,Laptop
W0009793,U00512,M00003,2026-03-19 15:04:16.439906,45,True,Tablet
W0009794,U00442,M00033,2026-04-14 15:04:16.439908,120,False,Laptop
W0009795,U00386,M00259,2025-07-09 15:04:16.439911,80,True,Mobile
W0009796,U00839,M00047,2025-05-24 15:04:16.439913,175,False,Mobile
W0009797,U00120,M00037,2025-09-19 15:04:16.439916,29,True,Mobile
W0009798,U00786,M00096,2026-01-20 15:04:16.439918,43,False,TV
W0009799,U00332,M00122,2025-09-11 15:04:16.439920,140,False,TV
W0009800,U00897,M00125,2025-07-27 15:04:16.439922,122,True,Laptop
W0009801,U00519,M00249,2026-02-01 15:04:16.439924,174,False,Tablet
W0009802,U00681,M00020,2026-05-07 15:04:16.439926,127,False,Mobile
W0009803,U00110,M00198,2025-09-08 15:04:16.439928,6,False,Tablet
W0009804,U00790,M00081,2026-01-02 15:04:16.439956,61,True,Laptop
W0009805,U00012,M00140,2025-10-23 15:04:16.439959,6,True,Tablet
W0009806,U00427,M00021,2025-08-01 15:04:16.439962,101,False,TV
W0009807,U00331,M00166,2026-01-21 15:04:16.439965,99,False,Tablet
W0009808,U00905,M00122,2026-01-09 15:04:16.439967,6,True,Laptop
W0009809,U00084,M00155,2026-02-05 15:04:16.439969,124,True,Tablet
W0009810,U00614,M00077,2025-11-26 15:04:16.439971,52,True,Laptop
W0009811,U00945,M00039,2026-02-08 15:04:16.439973,77,True,Tablet
W0009812,U00719,M00201,2026-05-05 15:04:16.439977,149,False,TV
W0009813,U00180,M00085,2025-11-20 15:04:16.439979,13,False,Laptop
W0009814,U00201,M00235,2025-08-17 15:04:16.439982,172,False,Tablet
W0009815,U00250,M00192,2025-06-20 15:04:16.439985,84,True,TV
W0009816,U00489,M00018,2025-07-05 15:04:16.439987,143,False,TV
W0009817,U00901,M00225,2025-10-20 15:04:16.439989,86,False,TV
W0009818,U00002,M00227,2025-09-16 15:04:16.439990,88,False,Tablet
W0009819,U00622,M00274,2026-01-14 15:04:16.439992,126,False,Tablet
W0009820,U00622,M00068,2026-02-23 15:04:16.439995,143,False,TV
W0009821,U00437,M00229,2025-11-23 15:04:16.439997,22,False,TV
W0009822,U00505,M00118,2025-05-18 15:04:16.439999,32,False,Tablet
W0009823,U00627,M00157,2026-04-06 15:04:16.440001,10,True,Laptop
W0009824,U00692,M00073,2025-10-23 15:04:16.440003,114,True,Laptop
W0009825,U00836,M00251,2026-04-25 15:04:16.440004,147,True,Laptop
W0009826,U00369,M00002,2025-09-17 15:04:16.440006,72,False,Tablet
W0009827,U00202,M00228,2026-01-19 15:04:16.440008,126,True,Laptop
W0009828,U00365,M00089,2025-12-06 15:04:16.440010,47,False,Mobile
W0009829,U00204,M00050,2025-07-13 15:04:16.440012,111,False,Mobile
W0009830,U00564,M00160,2026-04-14 15:04:16.440014,161,False,TV
W0009831,U00118,M00259,2025-10-04 15:04:16.440016,101,False,Mobile
W0009832,U00255,M00039,2026-05-08 15:04:16.440018,44,False,TV
W0009833,U00039,M00036,2026-03-11 15:04:16.440020,88,False,Mobile
W0009834,U00188,M00133,2025-09-28 15:04:16.440023,143,True,Mobile
W0009835,U00543,M00113,2025-10-30 15:04:16.440026,116,False,TV
W0009836,U00584,M00230,2026-01-28 15:04:16.440029,27,False,TV
W0009837,U00242,M00235,2026-01-31 15:04:16.440031,7,False,Tablet
W0009838,U00007,M00260,2025-09-10 15:04:16.440033,56,True,Mobile
W0009839,U00384,M00291,2025-10-16 15:04:16.440035,76,True,Laptop
W0009840,U00307,M00153,2025-07-21 15:04:16.440037,136,False,Mobile
W0009841,U00512,M00102,2025-07-23 15:04:16.440039,152,False,Mobile
W0009842,U00287,M00262,2026-01-02 15:04:16.440041,126,True,TV
W0009843,U00208,M00259,2025-10-05 15:04:16.440043,175,True,TV
W0009844,U00225,M00046,2025-09-03 15:04:16.440045,59,False,Tablet
W0009845,U00377,M00139,2025-09-06 15:04:16.440047,180,False,Laptop
W0009846,U00113,M00162,2026-02-10 15:04:16.440049,111,False,TV
W0009847,U00725,M00217,2025-12-27 15:04:16.440051,143,False,Tablet
W0009848,U00016,M00118,2026-01-04 15:04:16.440053,174,False,TV
W0009849,U00401,M00051,2025-05-30 15:04:16.440055,154,True,Mobile
W0009850,U00830,M00107,2025-05-27 15:04:16.440057,137,True,Mobile
W0009851,U00404,M00138,2025-10-04 15:04:16.440059,137,False,Tablet
W0009852,U00977,M00022,2026-03-21 15:04:16.440061,107,True,Mobile
W0009853,U00243,M00254,2025-09-14 15:04:16.440066,175,True,Laptop
W0009854,U00115,M00198,2025-06-07 15:04:16.440069,30,False,TV
W0009855,U00598,M00284,2025-12-04 15:04:16.440072,170,False,TV
W0009856,U00477,M00239,2025-06-20 15:04:16.440076,95,True,Mobile
W0009857,U00584,M00153,2026-03-03 15:04:16.440079,46,True,Tablet
W0009858,U00052,M00039,2025-07-27 15:04:16.440083,175,True,TV
W0009859,U00383,M00180,2025-10-01 15:04:16.440086,18,False,Mobile
W0009860,U00493,M00244,2025-09-22 15:04:16.440090,62,False,Tablet
W0009861,U00314,M00287,2025-06-05 15:04:16.440093,159,True,Laptop
W0009862,U00482,M00272,2025-06-17 15:04:16.440097,60,False,TV
W0009863,U00506,M00047,2026-01-10 15:04:16.440100,136,True,TV
W0009864,U00066,M00090,2026-04-22 15:04:16.440104,5,False,Mobile
W0009865,U00626,M00241,2025-08-06 15:04:16.440107,91,False,Laptop
W0009866,U00189,M00079,2025-12-19 15:04:16.440110,107,True,Tablet
W0009867,U00264,M00207,2026-03-30 15:04:16.440114,107,True,Mobile
W0009868,U00142,M00273,2025-08-19 15:04:16.440121,56,False,Laptop
W0009869,U00907,M00281,2026-01-23 15:04:16.440124,126,True,Tablet
W0009870,U00424,M00223,2025-05-09 15:04:16.440128,121,False,Tablet
W0009871,U00471,M00022,2025-10-13 15:04:16.440132,127,True,Tablet
W0009872,U00989,M00060,2026-04-13 15:04:16.440135,54,True,TV
W0009873,U00847,M00144,2025-08-31 15:04:16.440141,106,False,TV
W0009874,U00707,M00034,2025-08-15 15:04:16.440146,175,True,Mobile
W0009875,U00537,M00128,2025-09-23 15:04:16.440149,173,False,Tablet
W0009876,U00553,M00111,2025-08-27 15:04:16.440153,88,False,Mobile
W0009877,U00856,M00155,2026-03-13 15:04:16.440157,101,False,Mobile
W0009878,U00077,M00256,2025-07-15 15:04:16.440160,10,False,Laptop
W0009879,U00209,M00037,2026-05-07 15:04:16.440164,23,True,Laptop
W0009880,U00881,M00077,2026-01-26 15:04:16.440168,16,True,Laptop
W0009881,U00103,M00090,2026-01-27 15:04:16.440171,49,True,Laptop
W0009882,U00490,M00037,2025-11-04 15:04:16.440175,31,False,TV
W0009883,U00007,M00025,2025-12-04 15:04:16.440178,134,False,TV
W0009884,U00607,M00154,2025-10-04 15:04:16.440182,94,False,Laptop
W0009885,U00404,M00275,2025-11-13 15:04:16.440185,78,False,Laptop
W0009886,U00867,M00111,2025-12-30 15:04:16.440188,106,True,Laptop
W0009887,U00790,M00286,2026-02-06 15:04:16.440191,93,True,Tablet
W0009888,U00412,M00023,2025-10-29 15:04:16.440195,8,False,Mobile
W0009889,U00885,M00182,2025-06-17 15:04:16.440198,161,True,Laptop
W0009890,U00420,M00021,2026-04-01 15:04:16.440202,64,True,TV
W0009891,U00987,M00021,2025-11-13 15:04:16.440205,73,False,TV
W0009892,U00786,M00121,2025-06-15 15:04:16.440212,83,False,TV
W0009893,U00981,M00146,2025-12-28 15:04:16.440215,67,True,Tablet
W0009894,U00883,M00165,2026-04-15 15:04:16.440220,104,True,Laptop
W0009895,U00502,M00295,2025-12-08 15:04:16.440224,113,False,Mobile
W0009896,U00897,M00265,2026-03-18 15:04:16.440227,152,True,Mobile
W0009897,U00162,M00129,2025-10-14 15:04:16.440232,13,False,Tablet
W0009898,U00127,M00109,2025-07-02 15:04:16.440236,165,True,TV
W0009899,U00695,M00015,2026-01-01 15:04:16.440242,93,False,Laptop
W0009900,U00521,M00142,2026-03-23 15:04:16.440246,115,True,TV
W0009901,U00084,M00010,2025-09-12 15:04:16.440250,139,False,TV
W0009902,U00192,M00101,2025-11-11 15:04:16.440254,44,True,TV
W0009903,U00308,M00025,2026-04-19 15:04:16.440257,82,True,Laptop
W0009904,U00339,M00079,2025-07-08 15:04:16.440261,93,False,Laptop
W0009905,U00919,M00136,2026-03-25 15:04:16.440264,78,False,Tablet
W0009906,U00964,M00239,2025-10-17 15:04:16.440268,24,False,Laptop
W0009907,U00820,M00156,2025-10-29 15:04:16.440272,69,False,Mobile
W0009908,U00902,M00221,2025-06-08 15:04:16.440275,108,False,Mobile
W0009909,U00578,M00013,2026-03-14 15:04:16.440279,172,True,Mobile
W0009910,U00843,M00052,2026-02-14 15:04:16.440283,41,True,TV
W0009911,U00269,M00013,2025-09-07 15:04:16.440287,159,True,TV
W0009912,U00504,M00052,2025-09-13 15:04:16.440293,162,False,Tablet
W0009913,U00682,M00088,2026-03-19 15:04:16.440298,79,False,Mobile
W0009914,U00755,M00188,2025-09-21 15:04:16.440302,21,False,Laptop
W0009915,U00205,M00270,2026-03-30 15:04:16.440305,51,False,Mobile
W0009916,U00481,M00021,2026-02-24 15:04:16.440309,111,False,TV
W0009917,U00883,M00074,2025-11-14 15:04:16.440312,169,False,TV
W0009918,U00058,M00160,2025-11-05 15:04:16.440315,79,True,TV
W0009919,U00847,M00107,2025-09-23 15:04:16.440318,37,False,Mobile
W0009920,U00914,M00193,2025-11-07 15:04:16.440322,63,True,Laptop
W0009921,U00768,M00245,2025-11-05 15:04:16.440325,177,False,TV
W0009922,U00594,M00092,2026-04-22 15:04:16.440329,144,True,TV
W0009923,U00759,M00276,2026-05-01 15:04:16.440331,55,True,TV
W0009924,U00781,M00149,2025-10-14 15:04:16.440333,72,False,Tablet
W0009925,U00840,M00013,2026-04-01 15:04:16.440335,179,True,TV
W0009926,U00829,M00180,2025-11-04 15:04:16.440337,138,True,Laptop
W0009927,U00159,M00056,2026-02-07 15:04:16.440339,117,False,TV
W0009928,U00752,M00248,2025-12-15 15:04:16.440342,67,True,TV
W0009929,U00020,M00219,2026-02-04 15:04:16.440344,128,True,Tablet
W0009930,U00831,M00294,2025-10-23 15:04:16.440346,131,False,TV
W0009931,U00629,M00202,2025-05-19 15:04:16.440351,167,False,Mobile
W0009932,U00012,M00211,2026-02-09 15:04:16.440353,98,False,Tablet
W0009933,U00800,M00071,2026-02-17 15:04:16.440356,65,False,Tablet
W0009934,U00742,M00166,2026-02-25 15:04:16.440358,135,True,TV
W0009935,U00645,M00274,2026-03-28 15:04:16.440360,153,True,Mobile
W0009936,U00537,M00088,2026-05-09 15:04:16.440362,137,False,Mobile
W0009937,U00129,M00033,2026-01-22 15:04:16.440364,164,True,Laptop
W0009938,U00877,M00150,2026-01-12 15:04:16.440366,123,True,Laptop
W0009939,U00268,M00234,2025-12-24 15:04:16.440368,38,False,TV
W0009940,U00544,M00155,2025-11-08 15:04:16.440370,91,False,Laptop
W0009941,U00165,M00274,2026-04-19 15:04:16.440372,56,True,Tablet
W0009942,U00162,M00061,2025-05-15 15:04:16.440374,64,False,Mobile
W0009943,U00410,M00057,2025-10-30 15:04:16.440376,116,True,Tablet
W0009944,U00527,M00131,2026-02-26 15:04:16.440378,34,True,Laptop
W0009945,U00847,M00103,2026-01-20 15:04:16.440380,94,False,TV
W0009946,U00290,M00222,2025-11-19 15:04:16.440382,105,False,Mobile
W0009947,U00810,M00125,2025-05-16 15:04:16.440384,156,False,TV
W0009948,U00723,M00241,2025-12-29 15:04:16.440386,60,False,Mobile
W0009949,U00586,M00030,2026-02-24 15:04:16.440388,122,True,Tablet
W0009950,U00679,M00177,2026-01-03 15:04:16.440390,61,False,Laptop
W0009951,U00796,M00182,2025-06-01 15:04:16.440394,125,True,Tablet
W0009952,U00644,M00046,2025-09-07 15:04:16.440396,127,False,Mobile
W0009953,U00377,M00196,2026-02-05 15:04:16.440398,153,False,Tablet
W0009954,U00301,M00043,2026-04-05 15:04:16.440400,56,True,Mobile
W0009955,U00835,M00166,2026-04-24 15:04:16.440403,137,False,Laptop
W0009956,U00510,M00051,2025-06-19 15:04:16.440405,114,True,Mobile
W0009957,U00449,M00234,2025-09-29 15:04:16.440407,136,False,TV
W0009958,U00991,M00300,2025-11-23 15:04:16.440408,119,False,Mobile
W0009959,U00471,M00260,2026-04-08 15:04:16.440410,55,False,TV
W0009960,U00237,M00008,2025-10-01 15:04:16.440412,61,False,TV
W0009961,U00962,M00090,2026-04-02 15:04:16.440415,88,False,Tablet
W0009962,U00280,M00112,2025-11-22 15:04:16.440417,22,False,Mobile
W0009963,U00970,M00077,2025-11-29 15:04:16.440420,140,False,TV
W0009964,U00548,M00172,2026-02-12 15:04:16.440422,136,False,Mobile
W0009965,U00946,M00167,2026-01-13 15:04:16.440424,122,False,Mobile
W0009966,U00386,M00161,2026-02-10 15:04:16.440426,122,True,Tablet
W0009967,U00985,M00154,2025-12-06 15:04:16.440428,154,False,Mobile
W0009968,U00617,M00024,2026-02-02 15:04:16.440430,132,True,TV
W0009969,U00507,M00227,2025-06-16 15:04:16.440432,126,False,Tablet
W0009970,U00782,M00057,2025-07-15 15:04:16.440474,28,False,TV
W0009971,U00288,M00100,2025-06-25 15:04:16.440480,10,True,Laptop
W0009972,U00827,M00235,2026-04-05 15:04:16.440483,42,False,Mobile
W0009973,U00262,M00194,2025-06-09 15:04:16.440486,140,False,Laptop
W0009974,U00421,M00152,2026-04-11 15:04:16.440489,109,True,TV
W0009975,U00273,M00265,2025-05-31 15:04:16.440491,170,True,Tablet
W0009976,U00073,M00188,2025-06-27 15:04:16.440493,164,False,Tablet
W0009977,U00462,M00263,2026-01-10 15:04:16.440496,59,True,Tablet
W0009978,U00446,M00194,2025-10-03 15:04:16.440498,124,False,TV
W0009979,U00022,M00230,2025-10-20 15:04:16.440500,161,True,Mobile
W0009980,U00778,M00120,2025-09-09 15:04:16.440502,139,False,Tablet
W0009981,U00953,M00127,2026-01-30 15:04:16.440504,32,True,Laptop
W0009982,U00092,M00167,2026-03-31 15:04:16.440507,44,False,TV
W0009983,U00271,M00015,2025-12-19 15:04:16.440510,39,True,Laptop
W0009984,U00654,M00111,2025-11-28 15:04:16.440512,41,True,Laptop
W0009985,U00931,M00225,2026-01-10 15:04:16.440514,117,True,Laptop
W0009986,U00214,M00053,2025-06-13 15:04:16.440516,158,True,Mobile
W0009987,U00817,M00278,2025-09-10 15:04:16.440518,7,False,Tablet
W0009988,U00472,M00249,2026-04-01 15:04:16.440520,55,False,TV
W0009989,U00474,M00135,2025-08-27 15:04:16.440522,19,False,TV
W0009990,U00753,M00152,2025-10-15 15:04:16.440525,40,False,Mobile
W0009991,U00195,M00245,2025-11-22 15:04:16.440527,173,True,Laptop
W0009992,U00797,M00286,2026-01-13 15:04:16.440529,110,False,TV
W0009993,U00891,M00283,2026-03-11 15:04:16.440531,77,False,Mobile
W0009994,U00537,M00134,2025-07-23 15:04:16.440533,18,False,Laptop
W0009995,U00243,M00105,2025-10-09 15:04:16.440537,129,False,Tablet
W0009996,U00050,M00276,2026-02-16 15:04:16.440539,156,False,Mobile
W0009997,U00738,M00193,2025-10-31 15:04:16.440541,82,False,Tablet
W0009998,U00075,M00166,2025-06-23 15:04:16.440543,66,True,Laptop
W0009999,U00455,M00018,2026-02-07 15:04:16.440545,9,False,Mobile
W0010000,U00936,M00182,2025-11-11 15:04:16.440547,138,False,TV
W0010001,U00232,M00095,2026-01-24 15:04:16.440549,173,True,Tablet
W0010002,U00374,M00229,2026-02-23 15:04:16.440552,88,True,Tablet
W0010003,U00310,M00029,2026-04-11 15:04:16.440554,37,True,TV
W0010004,U00680,M00272,2026-02-17 15:04:16.440556,34,False,Mobile
W0010005,U00426,M00066,2026-03-16 15:04:16.440558,140,True,Mobile
W0010006,U00180,M00140,2025-08-16 15:04:16.440560,127,True,Tablet
W0010007,U00079,M00236,2025-07-16 15:04:16.440562,6,True,Mobile
W0010008,U00074,M00186,2026-03-04 15:04:16.440564,9,False,Tablet
W0010009,U00943,M00239,2025-09-02 15:04:16.440567,107,True,TV
W0010010,U00887,M00139,2025-07-08 15:04:16.440569,150,False,Tablet
W0010011,U00799,M00149,2025-11-01 15:04:16.440572,94,False,Tablet
W0010012,U00857,M00255,2025-07-08 15:04:16.440574,87,True,TV
W0010013,U00525,M00185,2025-10-03 15:04:16.440576,62,False,Tablet
W0010014,U00588,M00257,2026-03-25 15:04:16.440578,34,True,Laptop
W0010015,U00144,M00159,2025-10-23 15:04:16.440580,168,False,Laptop
W0010016,U00293,M00100,2025-10-01 15:04:16.440582,123,False,TV
W0010017,U00238,M00060,2025-06-30 15:04:16.440584,63,False,Tablet
W0010018,U00159,M00208,2026-01-22 15:04:16.440586,56,False,Tablet
W0010019,U00937,M00162,2026-01-05 15:04:16.440588,53,False,Laptop
W0010020,U00582,M00012,2025-09-20 15:04:16.440590,56,False,Laptop
W0010021,U00620,M00251,2026-03-23 15:04:16.440592,80,True,Laptop
W0010022,U00890,M00262,2025-06-02 15:04:16.440594,70,True,Laptop
W0010023,U00390,M00190,2025-07-09 15:04:16.440596,111,False,TV
W0010024,U00268,M00038,2026-02-07 15:04:16.440598,160,False,Tablet
W0010025,U00092,M00186,2025-10-08 15:04:16.440601,47,False,Laptop
W0010026,U00267,M00158,2025-12-24 15:04:16.440603,132,True,Laptop
W0010027,U00856,M00119,2026-01-11 15:04:16.440606,168,True,Mobile
W0010028,U00902,M00289,2025-10-07 15:04:16.440608,39,True,TV
W0010029,U00697,M00019,2025-07-15 15:04:16.440612,51,False,Mobile
W0010030,U00299,M00216,2026-03-27 15:04:16.440614,70,True,Laptop
W0010031,U00815,M00270,2026-03-18 15:04:16.440616,11,False,Mobile
W0010032,U00583,M00166,2025-09-17 15:04:16.440619,118,True,Tablet
W0010033,U00629,M00125,2026-02-09 15:04:16.440620,5,True,Laptop
W0010034,U00213,M00249,2026-04-04 15:04:16.440622,146,True,Mobile
W0010035,U00205,M00026,2026-04-15 15:04:16.440624,30,False,Laptop
W0010036,U00338,M00052,2025-12-11 15:04:16.440626,166,True,TV
W0010037,U00202,M00161,2026-03-29 15:04:16.440628,178,True,Tablet
W0010038,U00726,M00207,2026-03-12 15:04:16.440630,105,False,TV
W0010039,U00674,M00148,2026-01-09 15:04:16.440632,126,True,Tablet
W0010040,U00264,M00265,2026-03-19 15:04:16.440634,146,True,Tablet
W0010041,U00417,M00065,2025-06-11 15:04:16.440636,14,False,TV
W0010042,U00366,M00129,2025-06-09 15:04:16.440638,8,False,TV
W0010043,U00570,M00027,2025-11-27 15:04:16.440640,43,True,Laptop
W0010044,U00958,M00278,2025-05-16 15:04:16.440642,156,False,Tablet
W0010045,U00685,M00230,2026-03-03 15:04:16.440644,93,True,Tablet
W0010046,U00287,M00190,2025-07-07 15:04:16.440646,163,False,Mobile
W0010047,U00194,M00033,2025-07-20 15:04:16.440648,19,True,Laptop
W0010048,U00427,M00288,2025-08-15 15:04:16.440652,61,True,Tablet
W0010049,U00988,M00032,2025-09-03 15:04:16.440654,30,True,Laptop
W0010050,U00038,M00207,2026-02-05 15:04:16.440656,68,True,Laptop
W0010051,U00328,M00075,2025-07-26 15:04:16.440658,118,False,TV
W0010052,U00860,M00107,2025-10-31 15:04:16.440660,101,True,Tablet
W0010053,U00596,M00265,2025-11-16 15:04:16.440662,162,False,Laptop
W0010054,U00856,M00284,2025-12-17 15:04:16.440664,138,True,Mobile
W0010055,U00928,M00085,2025-07-27 15:04:16.440666,64,False,Mobile
W0010056,U00953,M00216,2026-03-11 15:04:16.440668,128,True,TV
W0010057,U00998,M00202,2025-10-15 15:04:16.440670,19,False,Laptop
W0010058,U00538,M00154,2025-11-12 15:04:16.440672,77,False,TV
W0010059,U00594,M00253,2026-03-20 15:04:16.440677,65,True,TV
W0010060,U00682,M00221,2026-03-26 15:04:16.440680,66,True,TV
W0010061,U00750,M00256,2025-11-04 15:04:16.440683,33,False,TV
W0010062,U00945,M00255,2025-12-10 15:04:16.440686,138,False,Tablet
W0010063,U00647,M00102,2026-01-07 15:04:16.440689,35,False,TV
W0010064,U00618,M00044,2026-04-19 15:04:16.440692,131,True,TV
W0010065,U00609,M00034,2026-04-08 15:04:16.440696,62,True,TV
W0010066,U00656,M00257,2026-01-13 15:04:16.440699,28,True,TV
W0010067,U00871,M00046,2025-06-11 15:04:16.440702,69,False,Tablet
W0010068,U00566,M00086,2026-04-24 15:04:16.440916,20,True,Mobile
W0010069,U00884,M00119,2025-08-30 15:04:16.440924,147,True,Tablet
W0010070,U00547,M00167,2025-09-11 15:04:16.440927,130,False,Tablet
W0010071,U00114,M00175,2026-01-15 15:04:16.440930,157,True,Mobile
W0010072,U00684,M00177,2025-06-09 15:04:16.440932,120,False,TV
W0010073,U00405,M00046,2026-04-08 15:04:16.440935,158,False,Mobile
W0010074,U00170,M00267,2026-02-13 15:04:16.440937,104,True,Mobile
W0010075,U00685,M00020,2026-01-28 15:04:16.440939,28,True,TV
W0010076,U00688,M00032,2025-11-17 15:04:16.440941,52,False,Tablet
W0010077,U00344,M00251,2025-06-09 15:04:16.440943,105,False,Tablet
W0010078,U00551,M00201,2026-02-09 15:04:16.440945,17,False,Mobile
W0010079,U00036,M00057,2025-08-31 15:04:16.440947,165,False,Tablet
W0010080,U00600,M00042,2025-07-21 15:04:16.440949,164,True,Laptop
W0010081,U00246,M00049,2026-04-18 15:04:16.440951,93,False,Tablet
W0010082,U00173,M00153,2025-10-04 15:04:16.440953,81,True,TV
W0010083,U00990,M00083,2025-11-24 15:04:16.440955,146,True,Laptop
W0010084,U00239,M00232,2025-12-28 15:04:16.440956,146,True,Mobile
W0010085,U00049,M00273,2025-10-28 15:04:16.440958,127,False,Laptop
W0010086,U00355,M00191,2025-11-02 15:04:16.440960,67,True,TV
W0010087,U00542,M00193,2026-04-22 15:04:16.440979,146,True,TV
W0010088,U00991,M00112,2025-07-09 15:04:16.440983,173,False,Laptop
W0010089,U00245,M00236,2025-05-14 15:04:16.440985,69,True,Tablet
W0010090,U00774,M00208,2026-03-26 15:04:16.440988,137,True,Mobile
W0010091,U00370,M00144,2025-11-28 15:04:16.440991,24,False,Mobile
W0010092,U00500,M00191,2026-01-23 15:04:16.440993,167,True,Laptop
W0010093,U00554,M00292,2025-06-15 15:04:16.440996,172,False,Laptop
W0010094,U00181,M00084,2025-09-18 15:04:16.440998,135,False,Mobile
W0010095,U00570,M00162,2025-05-30 15:04:16.441001,97,False,Mobile
W0010096,U00569,M00037,2025-11-27 15:04:16.441003,20,True,TV
W0010097,U00666,M00281,2026-03-29 15:04:16.441005,129,True,Laptop
W0010098,U00721,M00180,2025-06-20 15:04:16.441007,54,True,Laptop
W0010099,U00277,M00052,2025-08-30 15:04:16.441009,158,True,Tablet
W0010100,U00850,M00113,2025-12-23 15:04:16.441011,77,False,TV
W0010101,U00409,M00300,2025-12-15 15:04:16.441014,18,False,Laptop
W0010102,U00431,M00115,2025-09-09 15:04:16.441016,29,False,Mobile
W0010103,U00297,M00171,2025-05-12 15:04:16.441018,65,False,TV
W0010104,U00671,M00149,2026-01-08 15:04:16.441020,72,True,TV
W0010105,U00351,M00148,2025-08-19 15:04:16.441022,147,False,Mobile
W0010106,U00784,M00091,2025-08-27 15:04:16.441024,11,True,Tablet
W0010107,U00935,M00228,2025-07-15 15:04:16.441027,141,False,Tablet
W0010108,U00688,M00107,2026-04-27 15:04:16.441029,46,False,TV
W0010109,U00068,M00148,2025-06-22 15:04:16.441031,125,False,Mobile
W0010110,U00830,M00138,2025-10-29 15:04:16.441033,24,False,Tablet
W0010111,U00576,M00221,2025-06-23 15:04:16.441035,21,True,TV
W0010112,U00711,M00126,2025-07-19 15:04:16.441038,163,True,Mobile
W0010113,U00612,M00134,2025-05-28 15:04:16.441040,136,True,TV
W0010114,U00053,M00023,2026-05-07 15:04:16.441042,123,True,Mobile
W0010115,U00313,M00125,2026-03-19 15:04:16.441044,145,True,Mobile
W0010116,U00231,M00097,2026-01-19 15:04:16.441046,148,True,Tablet
W0010117,U00525,M00212,2025-07-05 15:04:16.441048,127,False,Laptop
W0010118,U00524,M00128,2025-09-04 15:04:16.441050,154,False,Mobile
W0010119,U00655,M00256,2025-10-03 15:04:16.441052,104,True,Mobile
W0010120,U00972,M00188,2026-02-19 15:04:16.441054,78,False,Mobile
W0010121,U00733,M00093,2025-08-26 15:04:16.441065,98,False,Laptop
W0010122,U00567,M00170,2026-03-01 15:04:16.441069,165,False,Mobile
W0010123,U00713,M00285,2025-07-20 15:04:16.441073,140,False,Tablet
W0010124,U00770,M00153,2026-04-15 15:04:16.441075,10,False,Laptop
W0010125,U00635,M00002,2026-02-19 15:04:16.441077,124,False,TV
W0010126,U00059,M00200,2025-07-19 15:04:16.441082,55,False,Mobile
W0010127,U00643,M00232,2026-02-12 15:04:16.441084,173,False,Tablet
W0010128,U00174,M00153,2025-06-20 15:04:16.441086,145,False,Tablet
W0010129,U00233,M00043,2026-04-17 15:04:16.441088,20,True,Mobile
W0010130,U00674,M00112,2025-05-21 15:04:16.441090,121,False,Laptop
W0010131,U00848,M00214,2025-09-18 15:04:16.441092,157,True,Mobile
W0010132,U00381,M00169,2025-10-24 15:04:16.441094,86,False,Mobile
W0010133,U00010,M00116,2026-01-27 15:04:16.441096,12,False,Tablet
W0010134,U00523,M00041,2025-08-10 15:04:16.441099,131,True,TV
W0010135,U00518,M00084,2025-09-14 15:04:16.441101,72,True,TV
W0010136,U00467,M00156,2025-10-10 15:04:16.441103,175,False,TV
W0010137,U00310,M00160,2025-05-21 15:04:16.441105,17,True,Laptop
W0010138,U00779,M00195,2025-05-17 15:04:16.441107,54,True,Mobile
W0010139,U00018,M00125,2025-11-10 15:04:16.441109,27,False,Tablet
W0010140,U00714,M00271,2025-07-18 15:04:16.441111,32,False,Laptop
W0010141,U00793,M00145,2025-09-09 15:04:16.441113,5,False,Mobile
W0010142,U00608,M00272,2025-12-17 15:04:16.441115,103,True,Tablet
W0010143,U00576,M00254,2026-01-28 15:04:16.441117,39,False,Laptop
W0010144,U00191,M00127,2025-07-17 15:04:16.441119,113,False,Laptop
W0010145,U00949,M00043,2025-08-07 15:04:16.441121,174,False,TV
W0010146,U00139,M00052,2025-08-09 15:04:16.441147,9,True,Laptop
W0010147,U00053,M00210,2025-08-14 15:04:16.441175,175,False,Mobile
W0010148,U00391,M00032,2025-12-20 15:04:16.441179,97,False,Laptop
W0010149,U00180,M00031,2025-06-12 15:04:16.441181,83,True,TV
W0010150,U00929,M00197,2026-01-24 15:04:16.441184,92,True,Laptop
W0010151,U00466,M00022,2025-07-28 15:04:16.441186,44,False,Laptop
W0010152,U00582,M00142,2025-08-14 15:04:16.441190,7,False,TV
W0010153,U00734,M00248,2025-06-18 15:04:16.441192,101,True,Tablet
W0010154,U00335,M00173,2025-12-28 15:04:16.441196,160,False,TV
W0010155,U00478,M00059,2026-03-31 15:04:16.441199,126,True,Tablet
W0010156,U00414,M00138,2026-04-03 15:04:16.441201,138,True,Laptop
W0010157,U00958,M00243,2026-03-14 15:04:16.441203,173,False,Mobile
W0010158,U00543,M00288,2025-12-24 15:04:16.441205,119,True,Laptop
W0010159,U00313,M00087,2025-08-12 15:04:16.441207,29,False,Laptop
W0010160,U00404,M00204,2025-05-19 15:04:16.441209,101,False,Mobile
W0010161,U00471,M00192,2026-02-04 15:04:16.441211,121,False,TV
W0010162,U00755,M00179,2025-11-26 15:04:16.441213,38,True,Tablet
W0010163,U00770,M00237,2025-10-28 15:04:16.441215,51,True,Tablet
W0010164,U00530,M00008,2025-09-04 15:04:16.441217,67,False,TV
W0010165,U00793,M00158,2025-09-16 15:04:16.441220,68,True,Laptop
W0010166,U00447,M00149,2025-07-21 15:04:16.441223,135,True,Laptop
W0010167,U00398,M00108,2025-09-10 15:04:16.441225,48,False,TV
W0010168,U00467,M00278,2025-07-29 15:04:16.441227,35,False,Tablet
W0010169,U00452,M00013,2026-01-06 15:04:16.441229,78,False,TV
W0010170,U00061,M00156,2025-06-14 15:04:16.441231,19,False,Mobile
W0010171,U00183,M00037,2025-10-21 15:04:16.441233,48,False,Tablet
W0010172,U00517,M00052,2025-07-12 15:04:16.441236,120,False,Laptop
W0010173,U00360,M00230,2025-12-07 15:04:16.441238,58,False,TV
W0010174,U00029,M00282,2026-05-08 15:04:16.441240,29,False,Tablet
W0010175,U00410,M00297,2026-04-01 15:04:16.441242,22,True,Laptop
W0010176,U00085,M00184,2026-02-01 15:04:16.441244,161,True,TV
W0010177,U00559,M00100,2026-03-31 15:04:16.441246,9,False,Laptop
W0010178,U00121,M00026,2026-04-01 15:04:16.441248,93,True,Laptop
W0010179,U00846,M00061,2025-06-09 15:04:16.441251,107,True,Laptop
W0010180,U00651,M00030,2025-12-20 15:04:16.441253,169,False,Tablet
W0010181,U00724,M00223,2026-04-19 15:04:16.441255,40,False,TV
W0010182,U00032,M00278,2026-03-13 15:04:16.441257,147,True,Mobile
W0010183,U00291,M00160,2025-09-16 15:04:16.441258,164,False,Mobile
W0010184,U00225,M00174,2025-08-07 15:04:16.441260,22,False,TV
W0010185,U00751,M00189,2026-01-18 15:04:16.441264,99,False,TV
W0010186,U00291,M00156,2025-05-23 15:04:16.441267,140,False,Mobile
W0010187,U00455,M00101,2025-11-12 15:04:16.441269,120,False,Mobile
W0010188,U00525,M00086,2025-05-20 15:04:16.441271,79,False,TV
W0010189,U00561,M00093,2025-07-14 15:04:16.441273,18,False,Mobile
W0010190,U00857,M00267,2026-01-12 15:04:16.441275,81,False,TV
W0010191,U00595,M00146,2025-12-11 15:04:16.441277,135,False,Tablet
W0010192,U00658,M00050,2025-10-27 15:04:16.441279,62,False,Laptop
W0010193,U00115,M00196,2026-04-19 15:04:16.441281,94,True,TV
W0010194,U00695,M00139,2026-04-23 15:04:16.441284,77,True,Mobile
W0010195,U00371,M00074,2026-03-18 15:04:16.441285,88,False,Mobile
W0010196,U00422,M00053,2025-08-11 15:04:16.441288,23,False,Mobile
W0010197,U00609,M00274,2025-08-16 15:04:16.441289,180,True,Mobile
W0010198,U00605,M00145,2025-07-04 15:04:16.441291,73,False,Mobile
W0010199,U00903,M00214,2025-06-20 15:04:16.441293,128,False,Laptop
W0010200,U00817,M00116,2026-01-31 15:04:16.441295,125,False,Mobile
W0010201,U00587,M00288,2025-07-05 15:04:16.441298,129,False,Mobile
W0010202,U00171,M00230,2025-08-10 15:04:16.441300,120,True,Tablet
W0010203,U00304,M00217,2025-09-27 15:04:16.441301,117,False,Tablet
W0010204,U00915,M00028,2025-09-04 15:04:16.441305,68,True,Laptop
W0010205,U00371,M00112,2025-06-25 15:04:16.441307,42,True,Tablet
W0010206,U00262,M00288,2025-05-13 15:04:16.441309,42,True,Laptop
W0010207,U00742,M00122,2026-02-15 15:04:16.441311,109,True,Laptop
W0010208,U00154,M00049,2025-06-07 15:04:16.441313,16,False,TV
W0010209,U00692,M00267,2025-09-21 15:04:16.441315,95,True,Mobile
W0010210,U00197,M00246,2025-07-07 15:04:16.441317,40,False,Laptop
W0010211,U00411,M00288,2026-04-08 15:04:16.441319,36,True,Laptop
W0010212,U00061,M00043,2026-01-23 15:04:16.441322,10,True,Laptop
W0010213,U00541,M00106,2025-08-08 15:04:16.441324,53,False,Mobile
W0010214,U00704,M00178,2026-04-14 15:04:16.441326,103,True,Laptop
W0010215,U00811,M00194,2025-08-05 15:04:16.441328,8,False,Laptop
W0010216,U00168,M00011,2025-12-01 15:04:16.441329,12,True,Tablet
W0010217,U00787,M00010,2025-07-12 15:04:16.441331,110,True,Mobile
W0010218,U00250,M00227,2025-10-04 15:04:16.441334,153,False,Tablet
W0010219,U00804,M00038,2026-03-11 15:04:16.441337,46,True,Mobile
W0010220,U00906,M00291,2025-11-03 15:04:16.441339,126,False,Laptop
W0010221,U00221,M00073,2025-10-10 15:04:16.441341,79,False,Laptop
W0010222,U00035,M00027,2026-03-17 15:04:16.441343,5,False,Tablet
W0010223,U00045,M00066,2026-02-20 15:04:16.441346,43,False,Laptop
W0010224,U00459,M00034,2025-08-29 15:04:16.441349,142,True,Laptop
W0010225,U00358,M00165,2025-05-18 15:04:16.441351,6,False,Mobile
W0010226,U00076,M00083,2025-07-19 15:04:16.441353,114,False,TV
W0010227,U00011,M00275,2025-08-22 15:04:16.441355,23,False,TV
W0010228,U00877,M00093,2026-01-21 15:04:16.441358,52,True,Mobile
W0010229,U00243,M00037,2025-08-21 15:04:16.441360,133,False,Mobile
W0010230,U00834,M00094,2026-01-13 15:04:16.441362,70,True,Laptop
W0010231,U00002,M00252,2025-12-17 15:04:16.441364,96,True,Laptop
W0010232,U00670,M00089,2025-07-31 15:04:16.441366,59,False,TV
W0010233,U00330,M00073,2025-09-27 15:04:16.441368,166,True,Laptop
W0010234,U00153,M00053,2026-02-17 15:04:16.441371,23,True,Tablet
W0010235,U00373,M00159,2025-12-16 15:04:16.441373,64,True,Laptop
W0010236,U01000,M00035,2026-01-29 15:04:16.441375,13,True,Mobile
W0010237,U00576,M00248,2025-06-14 15:04:16.441378,79,True,Tablet
W0010238,U00171,M00048,2025-12-08 15:04:16.441380,112,True,Laptop
W0010239,U00740,M00223,2026-02-21 15:04:16.441382,151,True,TV
W0010240,U00940,M00109,2025-12-31 15:04:16.441384,54,True,Tablet
W0010241,U00012,M00193,2026-01-01 15:04:16.441386,47,True,Tablet
W0010242,U00541,M00294,2025-12-27 15:04:16.441388,51,True,Tablet
W0010243,U00031,M00240,2026-03-13 15:04:16.441391,82,False,Laptop
W0010244,U00803,M00211,2026-01-05 15:04:16.441393,51,False,TV
W0010245,U00235,M00200,2026-03-29 15:04:16.441396,159,False,TV
W0010246,U00238,M00049,2025-08-17 15:04:16.441398,60,True,TV
W0010247,U00139,M00259,2025-09-30 15:04:16.441400,145,True,Laptop
W0010248,U00589,M00258,2025-06-04 15:04:16.441402,121,True,Tablet
W0010249,U00690,M00187,2025-12-19 15:04:16.441404,40,False,Mobile
W0010250,U00938,M00294,2025-07-28 15:04:16.441408,24,True,Mobile
W0010251,U00804,M00035,2026-03-11 15:04:16.441410,82,True,TV
W0010252,U00518,M00242,2026-02-18 15:04:16.441412,62,False,Mobile
W0010253,U00290,M00296,2025-05-13 15:04:16.441414,77,True,TV
W0010254,U00564,M00257,2025-07-13 15:04:16.441416,167,True,TV
W0010255,U00521,M00211,2025-12-11 15:04:16.441418,133,False,Tablet
W0010256,U00790,M00231,2026-02-24 15:04:16.441420,151,True,Tablet
W0010257,U00540,M00167,2025-08-12 15:04:16.441422,146,True,Tablet
W0010258,U00710,M00265,2025-12-20 15:04:16.441423,148,True,Laptop
W0010259,U00633,M00132,2026-01-20 15:04:16.441425,66,False,TV
W0010260,U00043,M00110,2025-06-05 15:04:16.441427,52,True,Mobile
W0010261,U00231,M00271,2026-01-30 15:04:16.441430,131,False,Mobile
W0010262,U00028,M00117,2025-06-13 15:04:16.441432,137,False,TV
W0010263,U00765,M00162,2025-12-27 15:04:16.441435,47,True,TV
W0010264,U00430,M00275,2025-08-07 15:04:16.441437,62,True,Mobile
W0010265,U00920,M00231,2026-02-25 15:04:16.441439,111,True,Tablet
W0010266,U00885,M00240,2026-01-19 15:04:16.441441,163,False,Mobile
W0010267,U00114,M00224,2025-08-23 15:04:16.441443,118,True,Tablet
W0010268,U00993,M00172,2025-12-06 15:04:16.441445,158,True,Tablet
W0010269,U00905,M00075,2026-05-08 15:04:16.441447,102,True,Mobile
W0010270,U00096,M00283,2025-10-14 15:04:16.441449,68,False,Mobile
W0010271,U00847,M00089,2025-06-24 15:04:16.441451,92,False,Tablet
W0010272,U00243,M00061,2026-05-03 15:04:16.441453,94,True,Mobile
W0010273,U00489,M00079,2026-02-15 15:04:16.441455,17,False,Laptop
W0010274,U00175,M00036,2026-02-20 15:04:16.441457,11,True,Tablet
W0010275,U00038,M00167,2026-03-27 15:04:16.441459,48,False,Tablet
W0010276,U00368,M00162,2025-08-17 15:04:16.441461,21,False,Tablet
W0010277,U00748,M00264,2026-04-21 15:04:16.441463,175,True,Tablet
W0010278,U00145,M00183,2025-11-01 15:04:16.441466,36,True,Laptop
W0010279,U00052,M00252,2025-08-01 15:04:16.441468,143,True,Mobile
W0010280,U00790,M00224,2025-08-30 15:04:16.441470,132,True,TV
W0010281,U00571,M00072,2026-02-02 15:04:16.441472,21,True,Laptop
W0010282,U00318,M00123,2026-02-01 15:04:16.441477,36,True,Tablet
W0010283,U00342,M00145,2025-06-19 15:04:16.441479,104,False,TV
W0010284,U00017,M00140,2025-10-17 15:04:16.441481,144,False,Tablet
W0010285,U00919,M00249,2025-11-15 15:04:16.441483,129,False,TV
W0010286,U00199,M00042,2026-01-06 15:04:16.441485,25,False,Laptop
W0010287,U00168,M00145,2026-03-27 15:04:16.441487,55,True,TV
W0010288,U00706,M00291,2026-04-09 15:04:16.441490,131,True,Mobile
W0010289,U00878,M00008,2025-10-29 15:04:16.441492,151,False,TV
W0010290,U00487,M00134,2025-07-11 15:04:16.441493,158,False,Laptop
W0010291,U00994,M00044,2026-03-13 15:04:16.441495,48,False,Tablet
W0010292,U00148,M00037,2026-01-06 15:04:16.441497,178,True,Mobile
W0010293,U00064,M00109,2025-06-21 15:04:16.441499,5,False,TV
W0010294,U00451,M00266,2025-08-15 15:04:16.441502,130,False,Mobile
W0010295,U00862,M00187,2025-08-08 15:04:16.441504,163,True,TV
W0010296,U00830,M00182,2025-05-15 15:04:16.441506,89,False,TV
W0010297,U00601,M00169,2025-09-25 15:04:16.441508,25,False,TV
W0010298,U00767,M00084,2025-10-08 15:04:16.441510,123,True,TV
W0010299,U00473,M00076,2025-11-10 15:04:16.441512,94,True,TV
W0010300,U00639,M00177,2026-03-04 15:04:16.441514,67,False,Tablet
W0010301,U00585,M00288,2026-02-12 15:04:16.441516,147,True,TV
W0010302,U00101,M00164,2025-12-15 15:04:16.441519,95,True,TV
W0010303,U00825,M00072,2026-01-14 15:04:16.441521,46,False,TV
W0010304,U00725,M00273,2025-09-11 15:04:16.441523,68,True,TV
W0010305,U00688,M00065,2026-02-26 15:04:16.441525,55,True,Laptop
W0010306,U00294,M00037,2026-03-09 15:04:16.441527,46,True,Tablet
W0010307,U00140,M00276,2026-01-05 15:04:16.441529,179,False,Tablet
W0010308,U00386,M00073,2026-03-11 15:04:16.441531,160,True,TV
W0010309,U00023,M00143,2026-02-17 15:04:16.441533,42,True,Tablet
W0010310,U00681,M00295,2025-09-04 15:04:16.441535,118,False,TV
W0010311,U00684,M00016,2025-09-27 15:04:16.441537,72,True,Laptop
W0010312,U00620,M00277,2026-02-27 15:04:16.441539,132,False,Tablet
W0010313,U00387,M00257,2026-03-24 15:04:16.441541,116,False,Mobile
W0010314,U00694,M00205,2025-06-03 15:04:16.441571,146,False,TV
W0010315,U00632,M00082,2025-12-13 15:04:16.441575,16,True,Tablet
W0010316,U00406,M00030,2025-11-09 15:04:16.441577,22,False,Mobile
W0010317,U00620,M00176,2026-01-11 15:04:16.441579,64,True,Mobile
W0010318,U00154,M00162,2026-03-30 15:04:16.441581,174,False,TV
W0010319,U00459,M00028,2025-09-28 15:04:16.441583,40,False,Laptop
W0010320,U00920,M00173,2026-01-05 15:04:16.441586,51,False,Tablet
W0010321,U00917,M00263,2026-04-01 15:04:16.441589,89,False,Tablet
W0010322,U00967,M00013,2025-07-01 15:04:16.441592,92,True,Tablet
W0010323,U00629,M00153,2026-03-18 15:04:16.441594,63,True,Laptop
W0010324,U00709,M00115,2025-12-22 15:04:16.441596,38,False,TV
W0010325,U00256,M00119,2026-04-25 15:04:16.441598,175,False,Tablet
W0010326,U00301,M00300,2025-09-06 15:04:16.441600,136,True,TV
W0010327,U00328,M00147,2025-09-02 15:04:16.441602,5,False,Tablet
W0010328,U00551,M00019,2025-07-29 15:04:16.441604,176,True,Laptop
W0010329,U00344,M00072,2025-09-02 15:04:16.441606,44,False,Mobile
W0010330,U00006,M00011,2026-03-06 15:04:16.441608,105,False,Tablet
W0010331,U00801,M00246,2026-02-12 15:04:16.441610,85,True,TV
W0010332,U00956,M00241,2025-09-25 15:04:16.441612,32,True,Mobile
W0010333,U00227,M00013,2025-09-28 15:04:16.441614,115,False,Mobile
W0010334,U00179,M00290,2025-07-01 15:04:16.441616,152,True,TV
W0010335,U00741,M00006,2026-01-10 15:04:16.441619,57,True,Tablet
W0010336,U00255,M00039,2025-06-26 15:04:16.441621,67,False,TV
W0010337,U00067,M00127,2025-07-03 15:04:16.441622,98,False,Laptop
W0010338,U00118,M00103,2025-08-12 15:04:16.441625,159,False,Tablet
W0010339,U00864,M00216,2026-04-29 15:04:16.441627,97,False,Mobile
W0010340,U00416,M00257,2025-10-29 15:04:16.441629,30,False,Tablet
W0010341,U00265,M00026,2026-03-14 15:04:16.441632,91,True,Mobile
W0010342,U00589,M00252,2025-08-11 15:04:16.441634,6,True,Tablet
W0010343,U00143,M00022,2026-02-16 15:04:16.441636,85,True,Mobile
W0010344,U00384,M00080,2025-11-25 15:04:16.441638,127,False,TV
W0010345,U00273,M00030,2026-01-11 15:04:16.441640,16,True,Mobile
W0010346,U00404,M00077,2026-03-26 15:04:16.441644,174,True,Laptop
W0010347,U00843,M00069,2026-01-21 15:04:16.441646,121,False,Tablet
W0010348,U00316,M00159,2025-05-10 15:04:16.441648,110,True,Mobile
W0010349,U00872,M00297,2026-04-07 15:04:16.441650,148,True,TV
W0010350,U00283,M00041,2025-09-13 15:04:16.441653,5,False,Laptop
W0010351,U00318,M00148,2026-03-26 15:04:16.441655,81,False,Mobile
W0010352,U00187,M00149,2025-09-07 15:04:16.441658,103,False,Mobile
W0010353,U00541,M00046,2026-04-15 15:04:16.441661,84,True,TV
W0010354,U00034,M00101,2025-09-08 15:04:16.441664,84,False,TV
W0010355,U00395,M00225,2025-12-19 15:04:16.441667,42,True,TV
W0010356,U00930,M00144,2026-01-02 15:04:16.441670,178,False,TV
W0010357,U00267,M00025,2025-12-09 15:04:16.441672,42,True,TV
W0010358,U00996,M00103,2025-08-06 15:04:16.441675,91,False,TV
W0010359,U00060,M00143,2025-11-04 15:04:16.441678,102,True,Laptop
W0010360,U00739,M00165,2026-04-09 15:04:16.441683,101,True,Mobile
W0010361,U00534,M00289,2025-11-09 15:04:16.441685,134,False,Tablet
W0010362,U00676,M00270,2025-11-17 15:04:16.441688,146,False,Tablet
W0010363,U00508,M00005,2025-11-06 15:04:16.441690,98,True,Mobile
W0010364,U00052,M00092,2026-04-29 15:04:16.441692,175,False,TV
W0010365,U00097,M00270,2026-01-04 15:04:16.441694,137,True,Mobile
W0010366,U00949,M00066,2025-05-18 15:04:16.441696,145,False,Tablet
W0010367,U00533,M00292,2025-06-12 15:04:16.441698,155,True,Mobile
W0010368,U00500,M00212,2025-11-18 15:04:16.441700,146,True,Mobile
W0010369,U00471,M00258,2025-08-26 15:04:16.441703,163,False,Mobile
W0010370,U00546,M00059,2025-10-15 15:04:16.441704,73,True,TV
W0010371,U00335,M00284,2025-09-28 15:04:16.441706,170,True,Mobile
W0010372,U00699,M00077,2026-02-14 15:04:16.441709,149,True,TV
W0010373,U00977,M00232,2026-01-16 15:04:16.441710,118,False,Mobile
W0010374,U00204,M00231,2025-05-11 15:04:16.441713,48,True,TV
W0010375,U00650,M00132,2025-11-03 15:04:16.441715,140,True,TV
W0010376,U00596,M00199,2026-04-23 15:04:16.441717,12,False,Mobile
W0010377,U00257,M00086,2025-08-01 15:04:16.441719,59,True,Laptop
W0010378,U00351,M00245,2025-12-20 15:04:16.441723,89,True,Laptop
W0010379,U00851,M00126,2025-12-10 15:04:16.441725,146,True,Mobile
W0010380,U00831,M00221,2026-04-07 15:04:16.441728,163,True,Tablet
W0010381,U00527,M00231,2026-04-15 15:04:16.441730,149,False,Mobile
W0010382,U00092,M00235,2025-12-12 15:04:16.441732,75,False,Laptop
W0010383,U00749,M00228,2026-01-06 15:04:16.441734,78,True,Tablet
W0010384,U00209,M00230,2026-01-08 15:04:16.441737,62,True,TV
W0010385,U00812,M00074,2026-01-28 15:04:16.441739,152,False,Tablet
W0010386,U00692,M00135,2025-11-01 15:04:16.441741,136,True,Mobile
W0010387,U00730,M00101,2025-07-22 15:04:16.441743,5,True,Tablet
W0010388,U00666,M00273,2025-12-03 15:04:16.441745,106,True,TV
W0010389,U00181,M00287,2026-05-09 15:04:16.441747,40,False,Laptop
W0010390,U00289,M00032,2025-06-18 15:04:16.441749,39,True,Laptop
W0010391,U00107,M00232,2026-03-23 15:04:16.441751,174,True,Laptop
W0010392,U00548,M00124,2025-09-05 15:04:16.441753,156,True,Laptop
W0010393,U00227,M00112,2025-06-08 15:04:16.441755,91,False,Laptop
W0010394,U00082,M00230,2025-12-02 15:04:16.441757,114,True,Tablet
W0010395,U00126,M00044,2025-08-18 15:04:16.441760,104,False,Mobile
W0010396,U00805,M00250,2025-06-17 15:04:16.441762,136,False,Laptop
W0010397,U00310,M00133,2025-10-16 15:04:16.441764,173,True,Mobile
W0010398,U00028,M00168,2025-07-24 15:04:16.441766,168,True,Mobile
W0010399,U00414,M00152,2026-01-11 15:04:16.441769,26,True,TV
W0010400,U00830,M00096,2025-10-06 15:04:16.441771,80,False,Laptop
W0010401,U00013,M00121,2025-11-16 15:04:16.441773,94,True,Laptop
W0010402,U00985,M00041,2025-05-19 15:04:16.441775,75,False,Mobile
W0010403,U00104,M00025,2026-01-08 15:04:16.441777,165,False,Laptop
W0010404,U00992,M00146,2026-02-10 15:04:16.441780,123,True,Mobile
W0010405,U00802,M00164,2026-03-05 15:04:16.441781,143,True,TV
W0010406,U00589,M00238,2026-03-19 15:04:16.441783,120,True,Mobile
W0010407,U00296,M00043,2026-01-17 15:04:16.441786,49,True,TV
W0010408,U00540,M00285,2026-03-30 15:04:16.441789,56,False,Mobile
W0010409,U00413,M00273,2026-02-14 15:04:16.441793,32,False,Laptop
W0010410,U00159,M00218,2026-03-31 15:04:16.441795,62,True,TV
W0010411,U00067,M00173,2025-06-04 15:04:16.441797,44,True,Tablet
W0010412,U00019,M00041,2025-12-25 15:04:16.441800,139,False,Tablet
W0010413,U00341,M00050,2026-01-30 15:04:16.441802,42,True,Tablet
W0010414,U00670,M00034,2025-11-08 15:04:16.441804,159,True,Tablet
W0010415,U00037,M00040,2025-05-25 15:04:16.441806,125,False,Laptop
W0010416,U00449,M00202,2025-11-03 15:04:16.441808,11,False,Laptop
W0010417,U00569,M00295,2025-09-26 15:04:16.441810,175,False,Mobile
W0010418,U00639,M00044,2025-12-26 15:04:16.441812,150,False,Tablet
W0010419,U00538,M00106,2026-03-04 15:04:16.441815,156,True,Mobile
W0010420,U00774,M00178,2025-09-07 15:04:16.441817,129,False,Mobile
W0010421,U00126,M00299,2025-11-28 15:04:16.441819,99,True,Laptop
W0010422,U00987,M00046,2026-02-27 15:04:16.441821,43,True,Mobile
W0010423,U00953,M00173,2025-05-11 15:04:16.441823,122,False,TV
W0010424,U00915,M00135,2026-01-15 15:04:16.441825,161,False,Laptop
W0010425,U00448,M00261,2025-11-18 15:04:16.441827,109,False,Mobile
W0010426,U00459,M00280,2025-06-15 15:04:16.441829,99,True,TV
W0010427,U00533,M00271,2026-04-10 15:04:16.441831,76,False,Laptop
W0010428,U00408,M00286,2025-06-25 15:04:16.441833,94,True,Mobile
W0010429,U00785,M00277,2025-09-13 15:04:16.441835,166,False,Laptop
W0010430,U00790,M00222,2025-08-01 15:04:16.441837,135,True,Laptop
W0010431,U00392,M00053,2025-05-24 15:04:16.441839,84,True,Tablet
W0010432,U00565,M00068,2026-03-06 15:04:16.441841,118,False,Laptop
W0010433,U00708,M00086,2026-04-19 15:04:16.441843,131,False,Tablet
W0010434,U00128,M00289,2025-07-20 15:04:16.441845,140,True,Laptop
W0010435,U00565,M00250,2025-12-13 15:04:16.441847,107,True,Tablet
W0010436,U00377,M00158,2026-04-29 15:04:16.441849,16,True,Mobile
W0010437,U00453,M00282,2025-11-07 15:04:16.441851,44,False,Tablet
W0010438,U00283,M00054,2026-02-03 15:04:16.441854,143,False,Tablet
W0010439,U00700,M00164,2026-04-12 15:04:16.441856,129,True,Tablet
W0010440,U00810,M00224,2025-09-11 15:04:16.441858,123,True,Tablet
W0010441,U00911,M00028,2026-05-01 15:04:16.441862,124,True,Laptop
W0010442,U00931,M00118,2025-11-28 15:04:16.441864,20,False,Mobile
W0010443,U00996,M00066,2026-03-08 15:04:16.441866,112,False,TV
W0010444,U00370,M00085,2026-01-27 15:04:16.441868,61,True,Mobile
W0010445,U00289,M00115,2025-07-01 15:04:16.441870,27,False,Mobile
W0010446,U00867,M00107,2025-12-28 15:04:16.441872,25,True,TV
W0010447,U00044,M00293,2025-08-01 15:04:16.441873,49,False,TV
W0010448,U00835,M00117,2026-01-18 15:04:16.441876,157,False,Mobile
W0010449,U00672,M00216,2025-08-17 15:04:16.441878,77,True,TV
W0010450,U00138,M00140,2025-12-28 15:04:16.441881,55,False,Tablet
W0010451,U00132,M00191,2025-10-31 15:04:16.441884,99,False,Laptop
W0010452,U00674,M00228,2025-06-14 15:04:16.441886,75,False,TV
W0010453,U00165,M00052,2025-11-12 15:04:16.441889,160,True,TV
W0010454,U00082,M00161,2025-10-02 15:04:16.441892,167,True,Mobile
W0010455,U00749,M00277,2025-10-23 15:04:16.441895,137,True,Tablet
W0010456,U00183,M00095,2025-11-24 15:04:16.441898,10,False,Mobile
W0010457,U00683,M00088,2025-05-25 15:04:16.441901,85,True,Laptop
W0010458,U00269,M00118,2026-03-29 15:04:16.441905,9,True,Mobile
W0010459,U00970,M00016,2026-04-07 15:04:16.441908,47,True,Mobile
W0010460,U00016,M00180,2026-04-03 15:04:16.441911,11,False,Tablet
W0010461,U00970,M00215,2025-12-20 15:04:16.441913,36,False,Mobile
W0010462,U00210,M00109,2025-05-16 15:04:16.441916,107,False,TV
W0010463,U00661,M00095,2026-03-20 15:04:16.441919,179,False,TV
W0010464,U00482,M00229,2026-05-03 15:04:16.441922,176,False,Mobile
W0010465,U00650,M00136,2025-10-03 15:04:16.441924,129,True,Mobile
W0010466,U00853,M00154,2025-06-21 15:04:16.441927,164,False,Tablet
W0010467,U00694,M00243,2025-05-21 15:04:16.441929,67,True,Tablet
W0010468,U00052,M00065,2026-05-02 15:04:16.441932,60,True,Laptop
W0010469,U00787,M00129,2026-01-03 15:04:16.441935,118,False,Mobile
W0010470,U00957,M00158,2025-08-28 15:04:16.441938,175,False,Mobile
W0010471,U00676,M00158,2026-04-29 15:04:16.441941,175,True,Tablet
W0010472,U00998,M00129,2025-11-13 15:04:16.441943,24,True,TV
W0010473,U00254,M00121,2026-04-30 15:04:16.441947,83,True,Laptop
W0010474,U00442,M00103,2025-10-07 15:04:16.441950,94,True,Tablet
W0010475,U00237,M00295,2025-11-15 15:04:16.441953,56,True,Tablet
W0010476,U00909,M00035,2025-10-30 15:04:16.441956,126,True,Tablet
W0010477,U00293,M00107,2025-11-13 15:04:16.442018,92,True,Tablet
W0010478,U00571,M00229,2025-07-06 15:04:16.442028,36,False,Laptop
W0010479,U00174,M00236,2025-10-25 15:04:16.442032,103,False,TV
W0010480,U00738,M00091,2025-09-13 15:04:16.442036,159,True,TV
W0010481,U00413,M00134,2025-08-30 15:04:16.442040,19,True,Laptop
W0010482,U00520,M00192,2026-04-25 15:04:16.442044,65,False,Tablet
W0010483,U00910,M00156,2025-10-15 15:04:16.442047,103,True,Laptop
W0010484,U00854,M00281,2025-08-22 15:04:16.442051,55,True,TV
W0010485,U00598,M00172,2026-03-09 15:04:16.442054,56,False,Mobile
W0010486,U00758,M00189,2025-10-17 15:04:16.442058,162,False,Tablet
W0010487,U00108,M00253,2025-10-13 15:04:16.442061,26,False,Tablet
W0010488,U00486,M00056,2025-12-04 15:04:16.442065,173,False,Tablet
W0010489,U00362,M00033,2025-07-14 15:04:16.442068,120,False,TV
W0010490,U00837,M00027,2025-10-20 15:04:16.442072,14,True,Tablet
W0010491,U00430,M00287,2026-01-19 15:04:16.442075,70,True,TV
W0010492,U00337,M00269,2025-11-12 15:04:16.442081,61,True,Mobile
W0010493,U00889,M00229,2026-04-22 15:04:16.442085,14,False,Laptop
W0010494,U00156,M00071,2025-12-03 15:04:16.442088,179,True,Laptop
W0010495,U00448,M00059,2025-09-08 15:04:16.442092,96,True,Tablet
W0010496,U00506,M00070,2026-01-25 15:04:16.442095,144,True,Mobile
W0010497,U00957,M00205,2025-10-31 15:04:16.442100,24,False,Tablet
W0010498,U00992,M00159,2026-02-05 15:04:16.442104,31,False,Tablet
W0010499,U00001,M00130,2025-11-01 15:04:16.442107,123,False,Mobile
W0010500,U00062,M00070,2025-11-19 15:04:16.442110,76,True,Laptop
W0010501,U00720,M00045,2026-03-24 15:04:16.442114,31,True,Mobile
W0010502,U00517,M00035,2026-04-02 15:04:16.442117,113,False,Mobile
W0010503,U00252,M00125,2025-05-10 15:04:16.442121,117,True,Tablet
W0010504,U00460,M00242,2025-10-06 15:04:16.442124,15,True,Laptop
W0010505,U00304,M00036,2026-04-12 15:04:16.442129,96,True,Mobile
W0010506,U00758,M00224,2026-01-01 15:04:16.442133,18,False,Tablet
W0010507,U00743,M00005,2025-10-05 15:04:16.442136,166,True,Tablet
W0010508,U00049,M00102,2025-07-18 15:04:16.442140,52,True,Tablet
W0010509,U00891,M00264,2026-02-14 15:04:16.442144,110,False,Laptop
W0010510,U00402,M00148,2025-05-22 15:04:16.442147,61,False,Tablet
W0010511,U00268,M00198,2025-11-30 15:04:16.442150,97,True,TV
W0010512,U00664,M00283,2026-03-11 15:04:16.442154,91,False,Laptop
W0010513,U00374,M00266,2026-01-10 15:04:16.442158,149,False,TV
W0010514,U00719,M00135,2026-04-20 15:04:16.442161,166,True,Mobile
W0010515,U00429,M00025,2026-01-11 15:04:16.442164,167,True,Laptop
W0010516,U00334,M00245,2026-02-08 15:04:16.442169,177,False,Laptop
W0010517,U00004,M00027,2026-02-13 15:04:16.442173,44,False,Laptop
W0010518,U00673,M00242,2025-08-12 15:04:16.442176,101,False,Laptop
W0010519,U00335,M00274,2026-02-12 15:04:16.442180,143,True,TV
W0010520,U00590,M00154,2025-08-22 15:04:16.442183,31,True,TV
W0010521,U00788,M00244,2026-02-17 15:04:16.442187,147,True,Tablet
W0010522,U00318,M00250,2025-07-27 15:04:16.442190,147,False,Tablet
W0010523,U00908,M00262,2025-12-09 15:04:16.442194,146,False,Tablet
W0010524,U00189,M00253,2025-11-02 15:04:16.442197,24,True,Mobile
W0010525,U00259,M00145,2025-06-24 15:04:16.442200,154,True,Tablet
W0010526,U00261,M00283,2025-11-03 15:04:16.442204,179,True,TV
W0010527,U00136,M00142,2025-07-19 15:04:16.442208,120,False,Tablet
W0010528,U00425,M00243,2025-08-08 15:04:16.442211,135,True,Laptop
W0010529,U00017,M00161,2025-09-18 15:04:16.442214,9,False,TV
W0010530,U00214,M00166,2025-08-22 15:04:16.442218,149,True,Tablet
W0010531,U00227,M00234,2025-08-20 15:04:16.442222,166,True,Laptop
W0010532,U00571,M00215,2026-04-16 15:04:16.442226,166,True,Tablet
W0010533,U00271,M00137,2026-03-03 15:04:16.442229,74,False,Tablet
W0010534,U00054,M00054,2025-06-07 15:04:16.442232,38,False,Laptop
W0010535,U00974,M00156,2025-06-28 15:04:16.442236,31,False,Tablet
W0010536,U00104,M00081,2025-07-03 15:04:16.442242,92,False,Tablet
W0010537,U00560,M00039,2025-11-26 15:04:16.442247,123,False,Tablet
W0010538,U00547,M00027,2025-11-19 15:04:16.442251,144,False,TV
W0010539,U00178,M00029,2025-06-27 15:04:16.442255,47,True,Mobile
W0010540,U00967,M00207,2025-09-29 15:04:16.442258,179,False,Mobile
W0010541,U00815,M00012,2025-10-13 15:04:16.442262,60,True,TV
W0010542,U00839,M00143,2026-02-04 15:04:16.442265,79,True,TV
W0010543,U00213,M00117,2025-06-30 15:04:16.442268,32,False,Mobile
W0010544,U00912,M00144,2025-12-08 15:04:16.442272,90,False,Laptop
W0010545,U00355,M00232,2025-08-23 15:04:16.442275,120,True,TV
W0010546,U00994,M00017,2025-08-28 15:04:16.442279,129,True,Tablet
W0010547,U00068,M00008,2026-01-15 15:04:16.442282,137,False,Mobile
W0010548,U00518,M00064,2025-08-13 15:04:16.442285,152,True,Tablet
W0010549,U00418,M00034,2025-05-11 15:04:16.442289,25,True,TV
W0010550,U00702,M00195,2026-04-21 15:04:16.442292,154,True,Mobile
W0010551,U00161,M00160,2025-11-25 15:04:16.442296,125,False,Laptop
W0010552,U00354,M00217,2025-11-27 15:04:16.442299,153,False,Tablet
W0010553,U00776,M00133,2025-07-17 15:04:16.442302,177,False,Tablet
W0010554,U00243,M00021,2025-08-28 15:04:16.442306,131,False,Tablet
W0010555,U00475,M00080,2025-08-30 15:04:16.442311,124,False,Laptop
W0010556,U00315,M00199,2025-11-05 15:04:16.442315,120,True,Laptop
W0010557,U00520,M00084,2025-12-28 15:04:16.442318,83,False,Tablet
W0010558,U00224,M00167,2026-02-07 15:04:16.442322,102,False,Mobile
W0010559,U00071,M00016,2026-02-12 15:04:16.442325,23,True,Laptop
W0010560,U00214,M00058,2025-10-27 15:04:16.442329,179,True,TV
W0010561,U00218,M00030,2025-08-21 15:04:16.442332,93,True,Mobile
W0010562,U00384,M00141,2025-07-21 15:04:16.442335,44,False,Laptop
W0010563,U00756,M00158,2025-12-10 15:04:16.442339,165,True,TV
W0010564,U00312,M00051,2026-04-24 15:04:16.442342,59,True,Tablet
W0010565,U00909,M00220,2025-11-25 15:04:16.442346,125,True,Mobile
W0010566,U00638,M00083,2026-01-30 15:04:16.442349,23,False,Mobile
W0010567,U00404,M00034,2025-12-29 15:04:16.442353,91,True,Mobile
W0010568,U00653,M00102,2025-07-30 15:04:16.442356,154,True,Laptop
W0010569,U00534,M00278,2025-10-14 15:04:16.442361,177,False,Mobile
W0010570,U00133,M00225,2026-02-03 15:04:16.442365,128,False,TV
W0010571,U00519,M00077,2026-03-05 15:04:16.442368,102,True,TV
W0010572,U00957,M00224,2026-04-15 15:04:16.442372,58,True,Laptop
W0010573,U00724,M00002,2025-06-05 15:04:16.442375,77,False,Laptop
W0010574,U00428,M00275,2025-11-20 15:04:16.442380,66,True,TV
W0010575,U00542,M00295,2025-06-29 15:04:16.442385,142,False,Mobile
W0010576,U00145,M00022,2025-11-13 15:04:16.442388,88,False,TV
W0010577,U00409,M00006,2025-07-02 15:04:16.442393,56,True,TV
W0010578,U00392,M00108,2025-07-05 15:04:16.442397,15,False,TV
W0010579,U00016,M00211,2025-08-15 15:04:16.442400,71,True,Laptop
W0010580,U00142,M00247,2025-10-27 15:04:16.442403,116,True,TV
W0010581,U00211,M00272,2026-02-07 15:04:16.442407,130,False,Laptop
W0010582,U00912,M00123,2025-07-12 15:04:16.442410,129,False,Mobile
W0010583,U00561,M00159,2025-08-07 15:04:16.442414,131,False,Mobile
W0010584,U00021,M00172,2025-11-12 15:04:16.442417,12,True,Tablet
W0010585,U00661,M00050,2025-07-31 15:04:16.442420,104,False,Tablet
W0010586,U00259,M00285,2026-04-15 15:04:16.442424,68,True,Mobile
W0010587,U00761,M00180,2025-06-03 15:04:16.442427,57,False,Laptop
W0010588,U00732,M00238,2026-01-24 15:04:16.442430,175,True,Tablet
W0010589,U00532,M00278,2026-01-17 15:04:16.442434,90,True,Mobile
W0010590,U00301,M00088,2025-12-12 15:04:16.442437,32,False,Laptop
W0010591,U00199,M00114,2026-02-12 15:04:16.442441,69,False,Tablet
W0010592,U00310,M00292,2025-11-21 15:04:16.442444,62,False,Tablet
W0010593,U00292,M00035,2026-02-03 15:04:16.442447,146,True,Laptop
W0010594,U00915,M00045,2026-04-23 15:04:16.442452,176,True,Laptop
W0010595,U00450,M00201,2025-10-24 15:04:16.442456,80,False,Laptop
W0010596,U00287,M00135,2025-06-25 15:04:16.442459,111,False,Mobile
W0010597,U00535,M00022,2025-10-27 15:04:16.442462,178,False,Mobile
W0010598,U00431,M00160,2025-07-30 15:04:16.442465,154,True,Tablet
W0010599,U00199,M00246,2025-10-03 15:04:16.442468,48,True,Mobile
W0010600,U00021,M00115,2026-02-17 15:04:16.442472,107,True,TV
W0010601,U00309,M00215,2026-01-26 15:04:16.442478,131,True,TV
W0010602,U00294,M00212,2025-11-28 15:04:16.442482,70,False,Tablet
W0010603,U00025,M00171,2025-12-03 15:04:16.442485,161,True,TV
W0010604,U00114,M00241,2025-08-30 15:04:16.442489,137,False,TV
W0010605,U00323,M00289,2025-07-14 15:04:16.442492,42,True,Mobile
W0010606,U00127,M00079,2025-11-08 15:04:16.442495,24,True,Tablet
W0010607,U00561,M00129,2025-06-23 15:04:16.442499,80,False,Tablet
W0010608,U00944,M00181,2026-03-26 15:04:16.442503,52,False,Tablet
W0010609,U00267,M00013,2026-05-04 15:04:16.442506,70,False,Mobile
W0010610,U00241,M00027,2025-12-06 15:04:16.442509,104,False,Tablet
W0010611,U00860,M00055,2026-01-11 15:04:16.442513,99,True,TV
W0010612,U00061,M00184,2025-06-04 15:04:16.442516,50,False,TV
W0010613,U00967,M00122,2025-11-29 15:04:16.442520,107,False,TV
W0010614,U00345,M00030,2025-09-28 15:04:16.442524,52,True,TV
W0010615,U00700,M00149,2026-01-31 15:04:16.442528,20,True,Laptop
W0010616,U00146,M00156,2025-11-10 15:04:16.442531,29,True,TV
W0010617,U00968,M00153,2026-02-06 15:04:16.442534,40,False,TV
W0010618,U00596,M00175,2026-01-24 15:04:16.442538,161,False,Tablet
W0010619,U00508,M00165,2026-01-12 15:04:16.442541,115,True,TV
W0010620,U00699,M00132,2026-03-22 15:04:16.442545,153,False,Laptop
W0010621,U00791,M00092,2026-03-22 15:04:16.442548,10,True,Laptop
W0010622,U00770,M00140,2025-06-24 15:04:16.442551,116,False,Tablet
W0010623,U00840,M00138,2025-07-12 15:04:16.442555,136,False,Tablet
W0010624,U00930,M00025,2026-05-03 15:04:16.442558,90,True,TV
W0010625,U00502,M00148,2026-03-07 15:04:16.442561,109,False,Tablet
W0010626,U00132,M00258,2026-03-17 15:04:16.442565,164,False,TV
W0010627,U00427,M00195,2026-01-26 15:04:16.442568,32,False,TV
W0010628,U00829,M00123,2025-06-14 15:04:16.442572,57,False,TV
W0010629,U00620,M00091,2025-06-11 15:04:16.442575,68,True,Tablet
W0010630,U00503,M00124,2025-11-07 15:04:16.442578,141,False,Mobile
W0010631,U00587,M00262,2026-03-11 15:04:16.442582,43,False,TV
W0010632,U00544,M00029,2025-07-28 15:04:16.442585,165,True,Laptop
W0010633,U00857,M00005,2025-12-06 15:04:16.442592,38,True,Laptop
W0010634,U00231,M00149,2026-04-17 15:04:16.442595,72,False,TV
W0010635,U00537,M00176,2025-07-05 15:04:16.442599,122,True,TV
W0010636,U00413,M00151,2025-08-29 15:04:16.442602,163,False,TV
W0010637,U00233,M00157,2026-01-24 15:04:16.442605,97,True,TV
W0010638,U00408,M00226,2025-08-23 15:04:16.442609,14,True,Mobile
W0010639,U00658,M00111,2026-04-14 15:04:16.442612,77,False,Tablet
W0010640,U00856,M00104,2025-11-12 15:04:16.442615,125,False,Laptop
W0010641,U00432,M00115,2026-02-27 15:04:16.442619,71,False,Laptop
W0010642,U00686,M00126,2026-04-18 15:04:16.442623,154,True,Tablet
W0010643,U00149,M00116,2025-11-07 15:04:16.442627,134,False,TV
W0010644,U00827,M00025,2026-02-17 15:04:16.442630,67,True,TV
W0010645,U00619,M00242,2026-02-14 15:04:16.442634,39,True,Tablet
W0010646,U00060,M00195,2025-12-14 15:04:16.442637,176,False,Tablet
W0010647,U00601,M00094,2026-04-03 15:04:16.442641,120,False,Tablet
W0010648,U00386,M00261,2025-08-24 15:04:16.442644,102,True,Tablet
W0010649,U00297,M00243,2026-01-16 15:04:16.442648,132,True,Laptop
W0010650,U00829,M00192,2025-12-30 15:04:16.442651,16,False,Mobile
W0010651,U00138,M00176,2025-05-13 15:04:16.442654,43,False,Tablet
W0010652,U00805,M00135,2025-06-14 15:04:16.442657,95,True,Mobile
W0010653,U00779,M00248,2026-01-19 15:04:16.442721,26,False,Mobile
W0010654,U00253,M00142,2025-09-19 15:04:16.442728,94,True,TV
W0010655,U00951,M00211,2025-07-30 15:04:16.442731,175,False,Tablet
W0010656,U00417,M00231,2025-06-01 15:04:16.442733,93,True,Laptop
W0010657,U00968,M00011,2025-09-13 15:04:16.442735,63,True,Laptop
W0010658,U00242,M00051,2025-10-08 15:04:16.442738,91,False,Laptop
W0010659,U00178,M00259,2025-06-05 15:04:16.442740,89,False,Mobile
W0010660,U00330,M00265,2025-11-05 15:04:16.442742,69,False,Tablet
W0010661,U00297,M00167,2026-03-05 15:04:16.442744,63,True,Laptop
W0010662,U00750,M00296,2025-05-24 15:04:16.442748,76,True,Laptop
W0010663,U00109,M00017,2025-06-06 15:04:16.442750,54,False,Tablet
W0010664,U00038,M00173,2026-02-27 15:04:16.442754,98,True,TV
W0010665,U00729,M00254,2026-03-09 15:04:16.442756,33,True,Laptop
W0010666,U00230,M00102,2025-07-30 15:04:16.442759,128,True,Tablet
W0010667,U00983,M00013,2025-05-26 15:04:16.442761,60,True,Tablet
W0010668,U00168,M00098,2026-03-06 15:04:16.442763,61,True,TV
W0010669,U00481,M00089,2026-01-15 15:04:16.442765,150,False,Laptop
W0010670,U00973,M00224,2025-11-11 15:04:16.442767,113,False,Mobile
W0010671,U00805,M00015,2025-10-29 15:04:16.442769,153,True,Laptop
W0010672,U00798,M00199,2025-07-31 15:04:16.442772,153,False,Mobile
W0010673,U00847,M00241,2026-04-29 15:04:16.442774,24,True,Laptop
W0010674,U00222,M00265,2025-07-31 15:04:16.442777,157,False,Mobile
W0010675,U00323,M00084,2026-01-02 15:04:16.442779,134,True,Mobile
W0010676,U00688,M00036,2025-11-01 15:04:16.442781,155,False,Mobile
W0010677,U00696,M00185,2026-03-30 15:04:16.442784,162,False,Mobile
W0010678,U00254,M00139,2026-03-10 15:04:16.442786,126,False,Mobile
W0010679,U00372,M00259,2026-02-07 15:04:16.442788,124,False,Mobile
W0010680,U00736,M00170,2025-07-28 15:04:16.442790,20,True,Laptop
W0010681,U00486,M00060,2025-10-04 15:04:16.442792,83,True,Laptop
W0010682,U00385,M00163,2025-08-31 15:04:16.442795,10,True,Mobile
W0010683,U00796,M00290,2026-01-16 15:04:16.442797,17,True,Mobile
W0010684,U00115,M00157,2026-01-28 15:04:16.442799,74,False,Tablet
W0010685,U00794,M00223,2026-04-02 15:04:16.442801,77,True,Tablet
W0010686,U00773,M00172,2025-05-12 15:04:16.442803,172,True,Tablet
W0010687,U00943,M00061,2025-07-01 15:04:16.442805,90,True,Tablet
W0010688,U00549,M00226,2025-08-20 15:04:16.442807,134,False,Tablet
W0010689,U00550,M00282,2025-09-11 15:04:16.442810,150,False,Mobile
W0010690,U00544,M00064,2026-01-03 15:04:16.442812,159,True,Tablet
W0010691,U00612,M00012,2025-06-12 15:04:16.442814,153,False,TV
W0010692,U00443,M00001,2025-08-09 15:04:16.442817,105,False,Laptop
W0010693,U00564,M00096,2025-11-16 15:04:16.442819,8,False,TV
W0010694,U00031,M00088,2025-05-29 15:04:16.442821,36,True,Mobile
W0010695,U00847,M00145,2025-10-22 15:04:16.442823,139,True,Mobile
W0010696,U00690,M00222,2025-09-25 15:04:16.442826,47,True,Mobile
W0010697,U00534,M00293,2025-08-05 15:04:16.442829,109,True,Tablet
W0010698,U00573,M00172,2025-05-21 15:04:16.442831,45,False,Mobile
W0010699,U00342,M00109,2025-10-01 15:04:16.442833,83,True,Mobile
W0010700,U00647,M00042,2025-09-07 15:04:16.442835,73,True,Mobile
W0010701,U00504,M00259,2026-02-27 15:04:16.442837,125,True,Laptop
W0010702,U00536,M00258,2025-09-30 15:04:16.442839,12,False,TV
W0010703,U00573,M00267,2026-04-02 15:04:16.442841,68,False,TV
W0010704,U00380,M00048,2025-12-18 15:04:16.442843,68,False,Mobile
W0010705,U00273,M00271,2025-12-18 15:04:16.442845,113,True,Mobile
W0010706,U00850,M00246,2025-10-21 15:04:16.442847,129,False,Laptop
W0010707,U00258,M00067,2026-02-16 15:04:16.442849,58,False,Mobile
W0010708,U00837,M00274,2025-12-23 15:04:16.442851,177,True,Laptop
W0010709,U00217,M00229,2026-01-15 15:04:16.442853,118,False,Tablet
W0010710,U00640,M00294,2025-08-03 15:04:16.442855,153,False,TV
W0010711,U00552,M00198,2026-03-03 15:04:16.442858,162,True,Laptop
W0010712,U00610,M00182,2025-08-10 15:04:16.442860,22,False,Tablet
W0010713,U00257,M00107,2025-12-29 15:04:16.442862,108,True,Laptop
W0010714,U00432,M00258,2025-12-18 15:04:16.442865,174,True,TV
W0010715,U00376,M00072,2026-02-20 15:04:16.442867,19,True,Tablet
W0010716,U00886,M00086,2026-04-05 15:04:16.442869,14,False,Laptop
W0010717,U00832,M00265,2025-11-03 15:04:16.442871,96,True,TV
W0010718,U00078,M00032,2026-03-11 15:04:16.442873,148,True,Laptop
W0010719,U00625,M00047,2025-12-01 15:04:16.442875,17,True,Laptop
W0010720,U00390,M00044,2025-05-29 15:04:16.442877,149,True,TV
W0010721,U00117,M00153,2026-03-23 15:04:16.442879,169,True,Laptop
W0010722,U00194,M00066,2025-05-20 15:04:16.442881,81,True,Laptop
W0010723,U00684,M00193,2026-02-20 15:04:16.442883,133,True,Mobile
W0010724,U00496,M00060,2026-04-03 15:04:16.442886,48,True,TV
W0010725,U00632,M00222,2025-05-13 15:04:16.442887,6,True,TV
W0010726,U00226,M00040,2025-12-05 15:04:16.442890,25,False,Tablet
W0010727,U00496,M00190,2025-10-19 15:04:16.442891,113,True,Laptop
W0010728,U00122,M00126,2025-09-05 15:04:16.442895,147,True,Laptop
W0010729,U00436,M00271,2026-01-01 15:04:16.442897,20,False,Mobile
W0010730,U00159,M00170,2025-09-24 15:04:16.442899,121,False,Mobile
W0010731,U00159,M00255,2026-04-29 15:04:16.442902,148,False,TV
W0010732,U00075,M00051,2025-11-23 15:04:16.442904,89,True,Tablet
W0010733,U00032,M00247,2026-04-09 15:04:16.442906,70,True,Mobile
W0010734,U00665,M00083,2025-06-30 15:04:16.442909,16,False,Tablet
W0010735,U00529,M00009,2025-09-28 15:04:16.442911,91,True,TV
W0010736,U00428,M00150,2025-10-17 15:04:16.442913,61,True,Mobile
W0010737,U00443,M00257,2025-08-04 15:04:16.442915,129,True,Mobile
W0010738,U00337,M00195,2026-02-04 15:04:16.442918,47,True,TV
W0010739,U00761,M00265,2025-08-11 15:04:16.442919,171,False,Mobile
W0010740,U00593,M00130,2026-04-08 15:04:16.442922,48,False,Laptop
W0010741,U00395,M00141,2026-04-14 15:04:16.442924,5,False,Laptop
W0010742,U00932,M00090,2026-02-19 15:04:16.442926,151,True,Tablet
W0010743,U00276,M00020,2026-02-19 15:04:16.442928,119,True,TV
W0010744,U00621,M00048,2025-08-29 15:04:16.442929,40,True,Tablet
W0010745,U00319,M00045,2025-09-24 15:04:16.442932,52,True,Tablet
W0010746,U00043,M00041,2026-04-09 15:04:16.442934,104,True,Mobile
W0010747,U00292,M00154,2025-07-10 15:04:16.442936,13,True,Laptop
W0010748,U00585,M00025,2026-02-05 15:04:16.442941,49,True,Laptop
W0010749,U00761,M00211,2026-01-03 15:04:16.442943,81,True,Laptop
W0010750,U00734,M00271,2025-09-28 15:04:16.442946,15,False,Tablet
W0010751,U00807,M00215,2025-12-08 15:04:16.442948,162,False,Laptop
W0010752,U00304,M00221,2025-06-28 15:04:16.442950,14,False,TV
W0010753,U00683,M00097,2025-05-30 15:04:16.442952,159,False,Laptop
W0010754,U00436,M00023,2026-03-04 15:04:16.442954,177,False,Mobile
W0010755,U00010,M00056,2025-08-16 15:04:16.442956,66,True,Mobile
W0010756,U00412,M00190,2026-01-29 15:04:16.442958,20,True,Tablet
W0010757,U00169,M00117,2025-07-09 15:04:16.442960,135,True,Mobile
W0010758,U00791,M00208,2025-12-30 15:04:16.442962,128,True,Laptop
W0010759,U00042,M00063,2025-11-28 15:04:16.442964,178,True,Laptop
W0010760,U00969,M00014,2025-11-28 15:04:16.442985,35,False,Laptop
W0010761,U00071,M00169,2026-03-19 15:04:16.442990,21,True,Laptop
W0010762,U00953,M00005,2026-04-16 15:04:16.442993,64,False,Tablet
W0010763,U00466,M00269,2025-11-04 15:04:16.442996,129,False,Mobile
W0010764,U00744,M00155,2025-07-25 15:04:16.442998,175,True,Tablet
W0010765,U00606,M00005,2026-05-01 15:04:16.443001,123,False,Laptop
W0010766,U00595,M00210,2026-01-31 15:04:16.443003,79,True,TV
W0010767,U00543,M00147,2025-08-16 15:04:16.443005,175,False,Mobile
W0010768,U00079,M00255,2025-12-10 15:04:16.443007,35,True,Laptop
W0010769,U00812,M00045,2026-05-03 15:04:16.443009,110,False,TV
W0010770,U00794,M00199,2025-07-26 15:04:16.443013,152,False,Mobile
W0010771,U00096,M00224,2025-05-13 15:04:16.443015,26,True,Laptop
W0010772,U00762,M00142,2025-07-19 15:04:16.443017,68,True,TV
W0010773,U00170,M00258,2025-12-21 15:04:16.443020,17,False,Mobile
W0010774,U00720,M00228,2025-06-30 15:04:16.443022,102,False,TV
W0010775,U00142,M00186,2026-04-10 15:04:16.443024,136,False,Mobile
W0010776,U00781,M00118,2026-02-08 15:04:16.443026,29,False,Tablet
W0010777,U00162,M00295,2025-07-30 15:04:16.443028,170,False,Mobile
W0010778,U00637,M00293,2026-03-21 15:04:16.443030,89,False,Mobile
W0010779,U00127,M00213,2025-07-01 15:04:16.443032,51,True,Laptop
W0010780,U00297,M00284,2025-12-04 15:04:16.443034,46,False,TV
W0010781,U00986,M00085,2025-07-24 15:04:16.443036,31,False,Tablet
W0010782,U00624,M00122,2026-02-01 15:04:16.443038,84,False,Laptop
W0010783,U00445,M00169,2025-08-06 15:04:16.443039,101,True,Laptop
W0010784,U00684,M00117,2026-03-09 15:04:16.443042,173,False,Mobile
W0010785,U00011,M00128,2025-08-20 15:04:16.443043,124,True,Laptop
W0010786,U00346,M00186,2026-05-04 15:04:16.443045,113,False,TV
W0010787,U00654,M00281,2026-03-28 15:04:16.443047,172,False,Mobile
W0010788,U00938,M00238,2025-10-28 15:04:16.443049,74,True,Mobile
W0010789,U00131,M00184,2025-07-30 15:04:16.443053,40,False,Tablet
W0010790,U00312,M00231,2025-10-08 15:04:16.443056,160,True,Laptop
W0010791,U00584,M00074,2026-03-18 15:04:16.443058,5,False,Laptop
W0010792,U00051,M00212,2026-02-02 15:04:16.443061,45,True,TV
W0010793,U00659,M00114,2025-06-27 15:04:16.443063,40,True,Mobile
W0010794,U00067,M00203,2025-11-01 15:04:16.443066,83,False,TV
W0010795,U00376,M00051,2026-04-08 15:04:16.443068,16,False,Mobile
W0010796,U00458,M00166,2026-01-05 15:04:16.443070,154,False,Tablet
W0010797,U00843,M00290,2025-06-25 15:04:16.443072,57,False,Mobile
W0010798,U00953,M00169,2026-03-02 15:04:16.443074,45,False,Mobile
W0010799,U00944,M00283,2026-05-08 15:04:16.443076,62,False,Tablet
W0010800,U00701,M00290,2026-02-22 15:04:16.443078,84,False,Mobile
W0010801,U00090,M00058,2026-02-15 15:04:16.443080,132,True,Mobile
W0010802,U00014,M00247,2025-09-19 15:04:16.443082,7,True,Tablet
W0010803,U00773,M00050,2026-03-20 15:04:16.443084,113,False,TV
W0010804,U00564,M00098,2025-11-17 15:04:16.443086,30,False,Tablet
W0010805,U00832,M00046,2026-02-13 15:04:16.443088,19,True,Mobile
W0010806,U00147,M00086,2026-01-21 15:04:16.443090,116,True,TV
W0010807,U00560,M00020,2025-11-10 15:04:16.443092,34,False,Laptop
W0010808,U00221,M00178,2025-08-21 15:04:16.443094,145,True,Laptop
W0010809,U00492,M00134,2025-10-24 15:04:16.443098,10,False,Laptop
W0010810,U00995,M00208,2025-11-05 15:04:16.443100,118,True,Laptop
W0010811,U00407,M00060,2025-11-17 15:04:16.443102,24,False,TV
W0010812,U00569,M00241,2025-12-03 15:04:16.443104,15,False,Mobile
W0010813,U00998,M00142,2026-01-03 15:04:16.443106,160,True,Laptop
W0010814,U00676,M00150,2025-11-19 15:04:16.443108,75,True,Mobile
W0010815,U00242,M00085,2025-08-16 15:04:16.443110,171,False,Mobile
W0010816,U00858,M00144,2026-02-26 15:04:16.443113,149,True,Tablet
W0010817,U00300,M00090,2026-01-14 15:04:16.443114,166,True,TV
W0010818,U00021,M00257,2026-04-02 15:04:16.443116,161,False,Mobile
W0010819,U00596,M00024,2025-09-22 15:04:16.443119,160,True,Laptop
W0010820,U00385,M00257,2026-04-19 15:04:16.443120,65,True,Tablet
W0010821,U00788,M00077,2026-02-07 15:04:16.443122,64,False,Mobile
W0010822,U00159,M00216,2026-04-16 15:04:16.443124,164,True,TV
W0010823,U00922,M00146,2026-02-15 15:04:16.443126,33,False,Mobile
W0010824,U00658,M00227,2026-05-08 15:04:16.443163,56,True,TV
W0010825,U00218,M00063,2025-09-30 15:04:16.443166,16,True,Mobile
W0010826,U00341,M00042,2026-02-11 15:04:16.443168,110,True,Tablet
W0010827,U00646,M00052,2025-12-18 15:04:16.443171,88,False,Laptop
W0010828,U00836,M00157,2026-04-28 15:04:16.443174,171,True,TV
W0010829,U00183,M00222,2025-09-10 15:04:16.443176,66,True,TV
W0010830,U00816,M00139,2026-01-19 15:04:16.443178,12,True,Laptop
W0010831,U00285,M00171,2025-07-03 15:04:16.443180,49,True,Laptop
W0010832,U00754,M00199,2026-04-28 15:04:16.443184,172,False,TV
W0010833,U00786,M00194,2025-06-17 15:04:16.443186,17,False,Mobile
W0010834,U00157,M00256,2025-07-02 15:04:16.443189,87,True,TV
W0010835,U00223,M00009,2025-05-15 15:04:16.443191,29,True,Laptop
W0010836,U00895,M00264,2025-09-30 15:04:16.443193,69,True,Mobile
W0010837,U00418,M00270,2025-09-28 15:04:16.443195,103,False,TV
W0010838,U00159,M00238,2025-10-12 15:04:16.443197,100,True,Tablet
W0010839,U00589,M00034,2025-06-05 15:04:16.443200,88,True,Laptop
W0010840,U00426,M00008,2026-04-26 15:04:16.443203,50,False,Laptop
W0010841,U00619,M00262,2025-06-24 15:04:16.443206,134,False,Mobile
W0010842,U00549,M00016,2026-05-07 15:04:16.443209,36,False,Tablet
W0010843,U00671,M00240,2026-01-06 15:04:16.443212,83,False,Laptop
W0010844,U00453,M00056,2025-07-19 15:04:16.443215,108,False,Tablet
W0010845,U00830,M00250,2025-11-07 15:04:16.443218,65,False,Tablet
W0010846,U00718,M00010,2025-05-24 15:04:16.443221,70,False,TV
W0010847,U00140,M00278,2025-08-20 15:04:16.443224,90,False,Laptop
W0010848,U00630,M00026,2025-05-21 15:04:16.443229,175,False,TV
W0010849,U00855,M00119,2025-12-22 15:04:16.443232,100,False,Tablet
W0010850,U00450,M00184,2026-02-02 15:04:16.443235,6,False,Tablet
W0010851,U00659,M00122,2025-08-31 15:04:16.443237,172,True,TV
W0010852,U00408,M00254,2025-10-16 15:04:16.443240,148,False,Laptop
W0010853,U00914,M00178,2025-07-20 15:04:16.443244,12,True,Tablet
W0010854,U00450,M00008,2025-05-28 15:04:16.443247,159,True,Tablet
W0010855,U00765,M00067,2026-03-06 15:04:16.443250,98,False,Tablet
W0010856,U00441,M00115,2026-01-20 15:04:16.443254,79,False,Laptop
W0010857,U00069,M00024,2026-03-25 15:04:16.443257,94,True,Tablet
W0010858,U00714,M00097,2026-03-10 15:04:16.443260,132,True,Laptop
W0010859,U00088,M00096,2025-09-11 15:04:16.443263,119,False,Laptop
W0010860,U00668,M00295,2025-08-10 15:04:16.443266,88,True,TV
W0010861,U00116,M00167,2025-10-13 15:04:16.443269,166,True,Tablet
W0010862,U00046,M00206,2025-09-16 15:04:16.443272,65,False,Laptop
W0010863,U00074,M00069,2025-07-28 15:04:16.443275,61,True,Laptop
W0010864,U00673,M00036,2026-01-10 15:04:16.443278,28,False,Tablet
W0010865,U00917,M00252,2026-01-30 15:04:16.443281,67,False,Laptop
W0010866,U00709,M00067,2026-01-17 15:04:16.443284,165,True,Laptop
W0010867,U00443,M00216,2026-05-07 15:04:16.443289,111,False,Mobile
W0010868,U00355,M00007,2025-10-26 15:04:16.443291,35,False,Tablet
W0010869,U00703,M00285,2025-08-20 15:04:16.443295,148,True,Mobile
W0010870,U00703,M00152,2025-07-12 15:04:16.443298,140,True,Mobile
W0010871,U00584,M00142,2026-04-05 15:04:16.443301,133,False,TV
W0010872,U00389,M00167,2025-12-03 15:04:16.443305,40,True,Mobile
W0010873,U00408,M00044,2026-04-07 15:04:16.443307,48,True,Tablet
W0010874,U00106,M00193,2025-10-05 15:04:16.443309,149,True,TV
W0010875,U00300,M00161,2025-07-25 15:04:16.443311,103,True,Tablet
W0010876,U00447,M00192,2025-10-06 15:04:16.443313,110,True,Laptop
W0010877,U00709,M00279,2025-07-12 15:04:16.443315,106,False,TV
W0010878,U00200,M00126,2025-06-11 15:04:16.443317,75,False,Mobile
W0010879,U00711,M00248,2026-01-07 15:04:16.443319,61,True,Mobile
W0010880,U00466,M00192,2026-01-16 15:04:16.443321,96,False,Tablet
W0010881,U00006,M00223,2025-08-01 15:04:16.443323,164,False,Mobile
W0010882,U00731,M00100,2026-04-13 15:04:16.443326,83,True,TV
W0010883,U00011,M00025,2026-02-22 15:04:16.443328,48,False,Mobile
W0010884,U00796,M00204,2026-03-13 15:04:16.443330,117,False,Mobile
W0010885,U00395,M00110,2026-01-18 15:04:16.443332,102,False,Mobile
W0010886,U00360,M00211,2025-06-08 15:04:16.443334,161,False,Tablet
W0010887,U00735,M00276,2026-01-11 15:04:16.443338,124,False,Tablet
W0010888,U00670,M00178,2025-11-18 15:04:16.443341,140,False,Laptop
W0010889,U00074,M00049,2025-05-21 15:04:16.443343,58,False,Laptop
W0010890,U00475,M00246,2026-01-24 15:04:16.443346,129,False,Laptop
W0010891,U00963,M00026,2026-03-25 15:04:16.443348,92,True,Tablet
W0010892,U00907,M00298,2025-10-18 15:04:16.443350,39,False,Mobile
W0010893,U00371,M00066,2025-09-24 15:04:16.443352,130,False,Laptop
W0010894,U00719,M00130,2025-10-22 15:04:16.443354,156,True,TV
W0010895,U00542,M00039,2026-01-29 15:04:16.443356,25,True,Laptop
W0010896,U00465,M00248,2025-08-28 15:04:16.443358,113,False,Tablet
W0010897,U00386,M00159,2025-10-30 15:04:16.443360,74,False,Tablet
W0010898,U00214,M00116,2025-05-26 15:04:16.443362,142,True,TV
W0010899,U00006,M00047,2025-05-19 15:04:16.443364,53,True,Tablet
W0010900,U00660,M00243,2025-09-30 15:04:16.443366,133,True,TV
W0010901,U00039,M00225,2025-12-23 15:04:16.443368,86,True,Tablet
W0010902,U00080,M00242,2025-10-24 15:04:16.443370,74,False,Mobile
W0010903,U00843,M00054,2025-10-31 15:04:16.443372,141,False,Tablet
W0010904,U00018,M00188,2025-06-23 15:04:16.443374,158,True,TV
W0010905,U00450,M00226,2026-01-23 15:04:16.443376,50,False,Laptop
W0010906,U00275,M00270,2025-12-16 15:04:16.443379,33,False,TV
W0010907,U00767,M00069,2025-12-30 15:04:16.443381,28,True,Tablet
W0010908,U00644,M00121,2025-10-21 15:04:16.443383,80,True,Laptop
W0010909,U00033,M00193,2026-04-22 15:04:16.443385,110,True,Laptop
W0010910,U00840,M00114,2025-11-29 15:04:16.443387,138,False,Mobile
W0010911,U00700,M00182,2025-10-31 15:04:16.443390,103,True,Mobile
W0010912,U00927,M00286,2025-12-20 15:04:16.443392,32,True,TV
W0010913,U00457,M00251,2025-11-19 15:04:16.443394,103,False,TV
W0010914,U00475,M00105,2025-05-15 15:04:16.443396,18,False,Laptop
W0010915,U00612,M00279,2025-08-23 15:04:16.443398,47,True,Tablet
W0010916,U00686,M00293,2026-01-26 15:04:16.443400,64,False,TV
W0010917,U00448,M00247,2025-08-21 15:04:16.443403,92,True,Mobile
W0010918,U00821,M00188,2026-04-17 15:04:16.443405,40,True,TV
W0010919,U00129,M00279,2026-01-17 15:04:16.443410,96,False,Mobile
W0010920,U00611,M00060,2025-07-11 15:04:16.443412,23,False,TV
W0010921,U00883,M00243,2026-01-27 15:04:16.443414,66,True,Tablet
W0010922,U00250,M00102,2026-02-25 15:04:16.443416,156,False,Mobile
W0010923,U00225,M00140,2026-04-06 15:04:16.443418,53,False,Tablet
W0010924,U00197,M00044,2026-01-14 15:04:16.443420,106,True,Mobile
W0010925,U00921,M00251,2025-05-16 15:04:16.443422,29,False,Mobile
W0010926,U00075,M00054,2025-07-14 15:04:16.443425,99,False,TV
W0010927,U00653,M00253,2025-06-04 15:04:16.443428,179,False,Mobile
W0010928,U00166,M00017,2026-01-15 15:04:16.443430,32,False,Mobile
W0010929,U00650,M00125,2026-03-04 15:04:16.443432,27,True,Mobile
W0010930,U00195,M00210,2025-10-21 15:04:16.443434,38,True,Mobile
W0010931,U00931,M00126,2026-01-31 15:04:16.443436,99,False,Mobile
W0010932,U00926,M00172,2026-01-24 15:04:16.443438,154,False,Mobile
W0010933,U00720,M00271,2025-12-03 15:04:16.443440,76,False,Mobile
W0010934,U00316,M00253,2026-04-26 15:04:16.443443,96,True,Tablet
W0010935,U00325,M00136,2026-03-25 15:04:16.443445,85,True,Tablet
W0010936,U00109,M00167,2025-06-05 15:04:16.443446,154,True,Tablet
W0010937,U00090,M00148,2025-11-14 15:04:16.443448,126,False,Laptop
W0010938,U00620,M00208,2025-11-22 15:04:16.443450,15,False,TV
W0010939,U00014,M00086,2025-12-13 15:04:16.443452,79,False,Mobile
W0010940,U00665,M00209,2026-02-27 15:04:16.443454,94,True,Laptop
W0010941,U00612,M00240,2025-10-31 15:04:16.443456,50,True,Mobile
W0010942,U00946,M00058,2026-03-21 15:04:16.443458,24,False,TV
W0010943,U00074,M00191,2026-01-26 15:04:16.443460,102,False,Mobile
W0010944,U00648,M00146,2025-07-10 15:04:16.443462,174,False,Mobile
W0010945,U00585,M00178,2026-02-09 15:04:16.443465,19,False,Laptop
W0010946,U00701,M00015,2026-03-24 15:04:16.443467,156,False,Laptop
W0010947,U00394,M00189,2026-03-03 15:04:16.443469,127,False,Mobile
W0010948,U00300,M00081,2025-06-02 15:04:16.443471,38,False,Laptop
W0010949,U00050,M00270,2025-09-03 15:04:16.443473,72,True,Mobile
W0010950,U00401,M00070,2025-11-23 15:04:16.443475,81,False,TV
W0010951,U00008,M00201,2026-03-01 15:04:16.443478,149,True,TV
W0010952,U00711,M00253,2025-12-24 15:04:16.443480,137,True,Tablet
W0010953,U00559,M00184,2026-01-02 15:04:16.443482,74,False,Laptop
W0010954,U00242,M00275,2025-05-26 15:04:16.443484,89,True,Tablet
W0010955,U00657,M00014,2025-08-01 15:04:16.443486,35,False,Tablet
W0010956,U00400,M00198,2025-12-21 15:04:16.443488,67,True,Mobile
W0010957,U00731,M00237,2026-03-10 15:04:16.443490,11,True,Tablet
W0010958,U00207,M00206,2025-09-11 15:04:16.443492,12,False,Mobile
W0010959,U00672,M00089,2025-05-12 15:04:16.443494,74,True,Tablet
W0010960,U00464,M00182,2026-02-20 15:04:16.443496,57,False,TV
W0010961,U00990,M00067,2025-12-24 15:04:16.443498,21,False,TV
W0010962,U00618,M00244,2025-11-24 15:04:16.443500,72,True,Tablet
W0010963,U00541,M00043,2025-11-27 15:04:16.443502,141,False,Laptop
W0010964,U00925,M00053,2025-11-02 15:04:16.443504,101,True,Tablet
W0010965,U00035,M00244,2025-10-25 15:04:16.443507,24,True,Mobile
W0010966,U00499,M00107,2025-07-01 15:04:16.443510,34,False,Tablet
W0010967,U00532,M00155,2025-07-17 15:04:16.443512,139,False,Mobile
W0010968,U00017,M00205,2025-12-17 15:04:16.443514,83,True,Mobile
W0010969,U00052,M00123,2026-01-10 15:04:16.443516,50,True,Laptop
W0010970,U00575,M00021,2025-10-10 15:04:16.443518,131,True,TV
W0010971,U00928,M00258,2026-01-08 15:04:16.443520,33,True,Tablet
W0010972,U00054,M00120,2026-02-07 15:04:16.443522,50,False,Laptop
W0010973,U00069,M00230,2026-01-19 15:04:16.443524,149,True,Laptop
W0010974,U00372,M00035,2025-07-29 15:04:16.443526,142,False,TV
W0010975,U00499,M00097,2025-10-04 15:04:16.443528,136,True,Tablet
W0010976,U00645,M00130,2026-04-07 15:04:16.443530,164,True,Laptop
W0010977,U00755,M00276,2025-12-25 15:04:16.443532,22,True,TV
W0010978,U00274,M00284,2025-11-16 15:04:16.443534,123,False,Mobile
W0010979,U00987,M00036,2026-02-14 15:04:16.443536,123,True,Laptop
W0010980,U00989,M00177,2025-06-25 15:04:16.443538,145,False,TV
W0010981,U00113,M00285,2025-09-12 15:04:16.443540,150,True,TV
W0010982,U00822,M00183,2025-09-21 15:04:16.443542,138,True,TV
W0010983,U00958,M00242,2025-11-03 15:04:16.443545,144,True,Mobile
W0010984,U00172,M00109,2026-02-27 15:04:16.443581,72,False,TV
W0010985,U00917,M00252,2025-11-01 15:04:16.443588,165,False,Laptop
W0010986,U00110,M00093,2025-07-05 15:04:16.443592,151,True,Laptop
W0010987,U00888,M00115,2026-05-02 15:04:16.443595,57,True,TV
W0010988,U00499,M00104,2026-04-24 15:04:16.443597,86,True,Laptop
W0010989,U00068,M00226,2025-09-11 15:04:16.443600,152,False,Mobile
W0010990,U00083,M00032,2025-07-17 15:04:16.443602,29,False,Mobile
W0010991,U00743,M00279,2025-07-28 15:04:16.443604,41,True,Tablet
W0010992,U00963,M00052,2026-01-31 15:04:16.443607,133,True,Tablet
W0010993,U00249,M00189,2025-10-03 15:04:16.443609,142,False,Mobile
W0010994,U00398,M00163,2025-06-14 15:04:16.443611,97,False,Mobile
W0010995,U00723,M00288,2025-10-14 15:04:16.443613,116,True,TV
W0010996,U00661,M00022,2025-12-17 15:04:16.443616,53,False,Laptop
W0010997,U00978,M00024,2025-06-05 15:04:16.443618,118,False,Laptop
W0010998,U00662,M00091,2026-03-11 15:04:16.443620,149,False,Mobile
W0010999,U00240,M00005,2025-08-02 15:04:16.443622,121,True,Laptop
W0011000,U00045,M00293,2025-06-04 15:04:16.443624,139,True,Tablet
W0011001,U00015,M00275,2026-03-27 15:04:16.443626,145,True,Laptop
W0011002,U00103,M00005,2025-12-09 15:04:16.443630,169,False,Laptop
W0011003,U00869,M00062,2025-11-18 15:04:16.443632,95,True,Laptop
W0011004,U00095,M00200,2026-02-23 15:04:16.443636,79,True,TV
W0011005,U00287,M00016,2025-11-12 15:04:16.443638,83,False,TV
W0011006,U00280,M00247,2025-08-11 15:04:16.443640,68,False,TV
W0011007,U00499,M00251,2025-08-17 15:04:16.443642,63,True,Mobile
W0011008,U00495,M00042,2026-01-13 15:04:16.443644,151,True,Tablet
W0011009,U00162,M00265,2026-04-07 15:04:16.443646,126,True,Laptop
W0011010,U00734,M00252,2025-05-30 15:04:16.443649,107,True,Laptop
W0011011,U00337,M00173,2025-09-28 15:04:16.443651,59,True,Laptop
W0011012,U00300,M00072,2026-02-03 15:04:16.443653,128,True,TV
W0011013,U00013,M00129,2025-05-18 15:04:16.443655,172,False,Laptop
W0011014,U00714,M00053,2026-02-14 15:04:16.443658,86,False,Tablet
W0011015,U00563,M00167,2025-11-18 15:04:16.443662,43,False,Mobile
W0011016,U00169,M00011,2026-04-22 15:04:16.443664,11,True,Tablet
W0011017,U00126,M00202,2025-06-05 15:04:16.443666,47,True,Mobile
W0011018,U00834,M00114,2025-11-14 15:04:16.443668,50,False,Mobile
W0011019,U00100,M00256,2025-05-16 15:04:16.443670,81,True,Laptop
W0011020,U00909,M00285,2025-10-13 15:04:16.443672,177,True,Tablet
W0011021,U00728,M00203,2025-12-07 15:04:16.443674,12,True,Laptop
W0011022,U00437,M00232,2025-10-20 15:04:16.443676,29,False,Tablet
W0011023,U00507,M00214,2025-07-01 15:04:16.443679,8,False,Laptop
W0011024,U00841,M00293,2025-11-24 15:04:16.443681,34,True,Laptop
W0011025,U00097,M00055,2025-08-11 15:04:16.443683,166,False,Tablet
W0011026,U00957,M00094,2026-01-26 15:04:16.443686,52,False,Tablet
W0011027,U00077,M00144,2026-04-09 15:04:16.443687,88,True,Laptop
W0011028,U00748,M00191,2025-12-01 15:04:16.443690,60,True,Laptop
W0011029,U00318,M00245,2025-09-12 15:04:16.443691,175,True,TV
W0011030,U00336,M00101,2026-01-15 15:04:16.443694,50,True,TV
W0011031,U00463,M00047,2025-09-26 15:04:16.443696,6,False,TV
W0011032,U00527,M00057,2025-09-13 15:04:16.443698,54,True,TV
W0011033,U00074,M00212,2026-03-04 15:04:16.443700,152,True,Tablet
W0011034,U00815,M00224,2025-10-05 15:04:16.443702,97,True,Laptop
W0011035,U00462,M00283,2025-09-19 15:04:16.443704,59,True,Tablet
W0011036,U00076,M00277,2025-10-27 15:04:16.443706,10,True,TV
W0011037,U00157,M00067,2026-04-15 15:04:16.443708,54,False,Tablet
W0011038,U00435,M00030,2025-07-10 15:04:16.443710,19,True,Mobile
W0011039,U00110,M00095,2026-03-02 15:04:16.443712,153,False,Tablet
W0011040,U00935,M00069,2025-06-14 15:04:16.443714,129,False,Laptop
W0011041,U00085,M00180,2025-05-10 15:04:16.443716,102,False,Mobile
W0011042,U00743,M00208,2025-08-05 15:04:16.443719,127,False,Laptop
W0011043,U00384,M00074,2026-04-01 15:04:16.443722,153,False,Laptop
W0011044,U00657,M00252,2026-02-08 15:04:16.443724,113,False,Tablet
W0011045,U00730,M00142,2025-12-29 15:04:16.443726,152,True,Mobile
W0011046,U00593,M00087,2026-04-10 15:04:16.443728,141,True,Tablet
W0011047,U00001,M00218,2025-10-03 15:04:16.443731,18,False,Tablet
W0011048,U00007,M00262,2025-07-04 15:04:16.443733,71,False,Tablet
W0011049,U00330,M00083,2025-06-21 15:04:16.443736,34,False,Mobile
W0011050,U00822,M00107,2025-05-15 15:04:16.443738,162,False,Mobile
W0011051,U00364,M00178,2026-02-04 15:04:16.443739,47,False,Tablet
W0011052,U00595,M00215,2026-03-30 15:04:16.443741,154,False,TV
W0011053,U00079,M00184,2025-07-02 15:04:16.443743,102,False,Laptop
W0011054,U00771,M00227,2025-06-03 15:04:16.443745,19,False,Tablet
W0011055,U00590,M00025,2025-06-30 15:04:16.443747,139,True,Tablet
W0011056,U00480,M00261,2026-04-01 15:04:16.443750,72,False,Tablet
W0011057,U00222,M00004,2025-06-14 15:04:16.443754,8,True,Mobile
W0011058,U00989,M00139,2025-11-21 15:04:16.443757,131,False,Laptop
W0011059,U00134,M00181,2026-01-10 15:04:16.443760,139,True,Tablet
W0011060,U00275,M00079,2026-01-30 15:04:16.443764,61,True,TV
W0011061,U00363,M00097,2025-12-02 15:04:16.443767,66,False,TV
W0011062,U00462,M00122,2025-12-07 15:04:16.443773,98,False,Mobile
W0011063,U00417,M00206,2026-03-24 15:04:16.443776,6,False,Laptop
W0011064,U00342,M00162,2025-07-11 15:04:16.443779,147,True,Laptop
W0011065,U00378,M00076,2026-03-20 15:04:16.443782,77,True,TV
W0011066,U00741,M00073,2026-03-27 15:04:16.443785,26,False,Tablet
W0011067,U00233,M00077,2026-02-20 15:04:16.443787,52,False,Laptop
W0011068,U00249,M00137,2025-05-22 15:04:16.443789,100,True,Mobile
W0011069,U00751,M00129,2025-05-29 15:04:16.443791,164,True,Tablet
W0011070,U00368,M00131,2026-04-15 15:04:16.443793,65,True,Laptop
W0011071,U00932,M00270,2026-01-30 15:04:16.443795,92,True,TV
W0011072,U00652,M00140,2025-06-12 15:04:16.443797,24,True,Tablet
W0011073,U00941,M00272,2025-06-21 15:04:16.443799,44,True,Mobile
W0011074,U00311,M00173,2026-02-10 15:04:16.443802,137,False,Mobile
W0011075,U00032,M00146,2025-11-20 15:04:16.443803,180,True,Laptop
W0011076,U00564,M00077,2025-07-31 15:04:16.443805,102,True,TV
W0011077,U00199,M00297,2026-04-23 15:04:16.443808,8,False,Tablet
W0011078,U00780,M00107,2026-02-26 15:04:16.443810,129,False,TV
W0011079,U00364,M00014,2026-04-06 15:04:16.443813,37,True,Mobile
W0011080,U00361,M00161,2025-07-02 15:04:16.443815,139,False,Tablet
W0011081,U00849,M00129,2026-04-30 15:04:16.443817,51,True,TV
W0011082,U00633,M00090,2025-09-03 15:04:16.443822,53,True,TV
W0011083,U00135,M00230,2025-11-25 15:04:16.443824,73,True,Mobile
W0011084,U00807,M00152,2026-03-18 15:04:16.443826,138,True,Tablet
W0011085,U00931,M00288,2026-03-09 15:04:16.443828,141,False,Mobile
W0011086,U00199,M00149,2025-07-29 15:04:16.443830,37,False,Tablet
W0011087,U00098,M00058,2025-08-05 15:04:16.443832,159,False,Laptop
W0011088,U00443,M00061,2025-08-04 15:04:16.443835,144,False,Mobile
W0011089,U00383,M00073,2026-02-04 15:04:16.443837,66,False,Mobile
W0011090,U00832,M00260,2026-01-15 15:04:16.443839,78,False,Tablet
W0011091,U00042,M00025,2025-06-01 15:04:16.443842,172,False,Laptop
W0011092,U00783,M00135,2026-02-03 15:04:16.443844,88,False,TV
W0011093,U00189,M00105,2025-10-21 15:04:16.443846,7,False,TV
W0011094,U00586,M00040,2026-03-13 15:04:16.443848,177,False,Mobile
W0011095,U00926,M00300,2026-01-03 15:04:16.443850,107,True,TV
W0011096,U00488,M00256,2025-05-23 15:04:16.443852,8,False,Tablet
W0011097,U00366,M00279,2025-06-16 15:04:16.443854,154,False,Tablet
W0011098,U00524,M00240,2025-06-27 15:04:16.443856,82,False,Laptop
W0011099,U00224,M00122,2025-10-01 15:04:16.443858,125,False,Tablet
W0011100,U00491,M00231,2025-10-11 15:04:16.443860,55,True,Mobile
W0011101,U00070,M00012,2025-10-31 15:04:16.443863,161,False,Mobile
W0011102,U00722,M00134,2026-03-17 15:04:16.443865,74,False,TV
W0011103,U00720,M00219,2025-07-14 15:04:16.443867,157,True,Mobile
W0011104,U00271,M00039,2025-05-15 15:04:16.443869,57,True,TV
W0011105,U00379,M00003,2025-08-08 15:04:16.443871,156,True,Laptop
W0011106,U00858,M00180,2026-01-20 15:04:16.443873,27,False,Mobile
W0011107,U00396,M00064,2025-06-27 15:04:16.443875,121,False,Laptop
W0011108,U00898,M00206,2026-03-16 15:04:16.443877,165,True,Mobile
W0011109,U00216,M00111,2025-11-28 15:04:16.443879,101,False,TV
W0011110,U00281,M00028,2025-08-06 15:04:16.443881,66,True,Laptop
W0011111,U00928,M00014,2026-04-07 15:04:16.443884,55,True,Tablet
W0011112,U00452,M00089,2025-11-14 15:04:16.443886,116,True,Laptop
W0011113,U00237,M00224,2025-08-14 15:04:16.443888,23,False,Mobile
W0011114,U00585,M00052,2026-03-10 15:04:16.443890,71,True,Laptop
W0011115,U00641,M00103,2025-11-04 15:04:16.443892,70,False,Tablet
W0011116,U00943,M00249,2026-04-23 15:04:16.443895,130,False,Tablet
W0011117,U00301,M00085,2025-10-28 15:04:16.443896,15,False,TV
W0011118,U00090,M00069,2026-02-04 15:04:16.443899,95,True,Laptop
W0011119,U00789,M00176,2025-12-19 15:04:16.443901,67,False,Mobile
W0011120,U00044,M00100,2026-02-13 15:04:16.443903,124,True,TV
W0011121,U00774,M00165,2025-07-18 15:04:16.443906,102,True,Mobile
W0011122,U00630,M00213,2025-08-26 15:04:16.443908,139,True,Mobile
W0011123,U00514,M00115,2025-11-29 15:04:16.443910,72,True,Tablet
W0011124,U00068,M00037,2025-12-07 15:04:16.443912,99,False,Mobile
W0011125,U00922,M00262,2025-06-10 15:04:16.443914,137,False,Mobile
W0011126,U00428,M00105,2025-08-04 15:04:16.443916,39,True,TV
W0011127,U00993,M00205,2026-01-06 15:04:16.443918,148,True,Tablet
W0011128,U00452,M00253,2025-11-18 15:04:16.443920,41,False,Tablet
W0011129,U00084,M00144,2025-07-08 15:04:16.443922,39,False,Laptop
W0011130,U00265,M00212,2025-12-02 15:04:16.443925,75,False,Mobile
W0011131,U00438,M00088,2025-06-22 15:04:16.443927,174,False,Mobile
W0011132,U00713,M00292,2026-03-09 15:04:16.443929,151,True,TV
W0011133,U00318,M00094,2026-04-12 15:04:16.443931,90,False,Laptop
W0011134,U00012,M00158,2026-02-02 15:04:16.443933,153,True,TV
W0011135,U00797,M00263,2026-04-27 15:04:16.443935,138,False,Tablet
W0011136,U00645,M00217,2025-05-15 15:04:16.443937,132,False,Tablet
W0011137,U00030,M00100,2025-11-24 15:04:16.443939,78,False,Laptop
W0011138,U00216,M00271,2026-02-28 15:04:16.443941,154,True,Mobile
W0011139,U00824,M00012,2025-07-05 15:04:16.443943,172,True,TV
W0011140,U00209,M00184,2026-04-12 15:04:16.443946,63,True,Laptop
W0011141,U00830,M00155,2025-12-28 15:04:16.443948,95,False,TV
W0011142,U00522,M00229,2025-07-02 15:04:16.443951,42,False,TV
W0011143,U00913,M00198,2025-12-02 15:04:16.443954,78,False,Tablet
W0011144,U00265,M00173,2026-04-29 15:04:16.443956,57,True,Laptop
W0011145,U00229,M00004,2025-09-14 15:04:16.443958,93,True,Tablet
W0011146,U00762,M00292,2025-12-27 15:04:16.443960,66,False,TV
W0011147,U00526,M00011,2026-01-27 15:04:16.443962,160,True,Mobile
W0011148,U00649,M00110,2025-06-08 15:04:16.443964,167,False,Mobile
W0011149,U00184,M00274,2026-02-25 15:04:16.443966,151,False,Tablet
W0011150,U00770,M00078,2025-11-20 15:04:16.443968,168,True,Tablet
W0011151,U00004,M00286,2025-10-27 15:04:16.443970,65,False,TV
W0011152,U00563,M00033,2025-06-02 15:04:16.443972,105,True,Laptop
W0011153,U00984,M00088,2025-11-16 15:04:16.443974,112,False,TV
W0011154,U00761,M00078,2026-01-10 15:04:16.443976,44,True,TV
W0011155,U00201,M00123,2025-05-28 15:04:16.443978,164,False,TV
W0011156,U00055,M00009,2026-02-02 15:04:16.443980,147,False,Laptop
W0011157,U00479,M00041,2026-02-03 15:04:16.443982,56,False,TV
W0011158,U00705,M00253,2025-09-24 15:04:16.443984,22,False,Mobile
W0011159,U00144,M00075,2025-11-20 15:04:16.443986,73,False,Laptop
W0011160,U00358,M00095,2026-03-09 15:04:16.444018,120,True,Laptop
W0011161,U00540,M00012,2026-01-08 15:04:16.444025,177,False,TV
W0011162,U00969,M00072,2026-01-05 15:04:16.444027,85,False,Tablet
W0011163,U00988,M00094,2025-12-07 15:04:16.444029,102,False,Laptop
W0011164,U00786,M00195,2026-03-06 15:04:16.444031,91,False,Laptop
W0011165,U00920,M00096,2026-05-03 15:04:16.444078,166,False,Laptop
W0011166,U00072,M00275,2025-08-16 15:04:16.444084,95,True,TV
W0011167,U00265,M00034,2025-12-09 15:04:16.444088,95,False,Mobile
W0011168,U00015,M00298,2025-08-12 15:04:16.444091,17,True,Tablet
W0011169,U00182,M00029,2025-08-12 15:04:16.444093,125,False,Mobile
W0011170,U00871,M00297,2026-02-15 15:04:16.444096,41,False,Tablet
W0011171,U00832,M00123,2026-04-06 15:04:16.444098,52,False,TV
W0011172,U00956,M00170,2025-07-13 15:04:16.444102,96,False,TV
W0011173,U00534,M00047,2025-10-02 15:04:16.444104,162,True,Mobile
W0011174,U00313,M00211,2025-05-31 15:04:16.444107,85,True,Mobile
W0011175,U00474,M00137,2025-09-23 15:04:16.444109,117,True,Mobile
W0011176,U00145,M00092,2025-12-04 15:04:16.444111,26,False,TV
W0011177,U00181,M00190,2025-05-09 15:04:16.444113,14,True,Tablet
W0011178,U00241,M00100,2025-05-14 15:04:16.444115,93,False,Mobile
W0011179,U00024,M00254,2025-09-30 15:04:16.444119,113,True,Tablet
W0011180,U00903,M00241,2026-04-29 15:04:16.444121,113,True,TV
W0011181,U00728,M00172,2026-04-12 15:04:16.444123,48,True,Laptop
W0011182,U00074,M00108,2025-08-31 15:04:16.444125,10,False,Tablet
W0011183,U00553,M00186,2026-04-12 15:04:16.444127,29,True,Laptop
W0011184,U00138,M00034,2025-09-24 15:04:16.444129,29,True,Tablet
W0011185,U00982,M00015,2025-12-14 15:04:16.444131,130,True,Tablet
W0011186,U00580,M00224,2025-05-29 15:04:16.444133,156,True,Mobile
W0011187,U00927,M00019,2025-11-20 15:04:16.444136,41,True,Tablet
W0011188,U00156,M00237,2025-06-29 15:04:16.444138,34,False,Laptop
W0011189,U00165,M00085,2025-06-30 15:04:16.444140,23,False,TV
W0011190,U00364,M00031,2025-11-30 15:04:16.444142,124,True,Tablet
W0011191,U00239,M00001,2025-09-18 15:04:16.444144,62,False,Laptop
W0011192,U00936,M00286,2025-09-20 15:04:16.444145,167,False,TV
W0011193,U00324,M00257,2025-07-02 15:04:16.444147,63,False,TV
W0011194,U00666,M00203,2026-03-27 15:04:16.444149,117,True,Mobile
W0011195,U00805,M00146,2025-09-18 15:04:16.444152,15,True,Tablet
W0011196,U00775,M00290,2026-01-29 15:04:16.444153,71,True,Laptop
W0011197,U00178,M00021,2026-01-25 15:04:16.444155,159,False,Laptop
W0011198,U00388,M00014,2025-06-22 15:04:16.444157,82,False,Tablet
W0011199,U00972,M00001,2026-03-01 15:04:16.444160,98,False,Mobile
W0011200,U00936,M00223,2025-12-13 15:04:16.444163,90,True,TV
W0011201,U00497,M00263,2025-12-08 15:04:16.444165,159,False,Tablet
W0011202,U00811,M00009,2025-07-10 15:04:16.444167,136,True,Tablet
W0011203,U00918,M00048,2026-03-29 15:04:16.444169,80,False,TV
W0011204,U00653,M00047,2026-03-18 15:04:16.444171,14,True,Mobile
W0011205,U00421,M00260,2026-03-05 15:04:16.444174,148,False,Tablet
W0011206,U00660,M00142,2026-04-15 15:04:16.444177,115,True,Laptop
W0011207,U00351,M00289,2025-06-18 15:04:16.444179,95,True,Laptop
W0011208,U00057,M00261,2026-05-06 15:04:16.444181,89,True,Laptop
W0011209,U00439,M00036,2025-08-18 15:04:16.444183,77,False,TV
W0011210,U00107,M00206,2026-05-08 15:04:16.444185,174,True,TV
W0011211,U00574,M00215,2025-09-08 15:04:16.444187,94,False,Tablet
W0011212,U00664,M00279,2026-03-09 15:04:16.444189,144,True,Tablet
W0011213,U00276,M00159,2025-06-29 15:04:16.444192,67,False,Tablet
W0011214,U00686,M00224,2025-10-16 15:04:16.444194,162,False,Tablet
W0011215,U00198,M00167,2026-04-10 15:04:16.444196,85,True,Tablet
W0011216,U00131,M00282,2025-09-26 15:04:16.444198,38,False,TV
W0011217,U00929,M00239,2025-12-02 15:04:16.444200,125,True,Mobile
W0011218,U00946,M00155,2025-07-03 15:04:16.444202,165,True,Mobile
W0011219,U00544,M00232,2025-07-20 15:04:16.444205,96,True,TV
W0011220,U00143,M00224,2025-07-26 15:04:16.444207,13,False,Laptop
W0011221,U00367,M00256,2025-12-22 15:04:16.444209,125,True,TV
W0011222,U00981,M00269,2025-10-20 15:04:16.444211,147,False,Tablet
W0011223,U00886,M00066,2026-03-04 15:04:16.444212,94,False,TV
W0011224,U00366,M00197,2025-06-28 15:04:16.444215,61,False,TV
W0011225,U00219,M00229,2026-04-13 15:04:16.444217,30,False,TV
W0011226,U00154,M00055,2025-09-12 15:04:16.444219,140,False,TV
W0011227,U00670,M00140,2025-12-10 15:04:16.444221,41,False,Mobile
W0011228,U00488,M00039,2025-10-12 15:04:16.444223,86,False,Laptop
W0011229,U00167,M00111,2026-03-16 15:04:16.444225,128,True,Laptop
W0011230,U00640,M00118,2025-10-25 15:04:16.444226,46,False,Laptop
W0011231,U00872,M00039,2025-10-02 15:04:16.444228,91,True,Tablet
W0011232,U00020,M00217,2025-10-15 15:04:16.444231,78,True,Laptop
W0011233,U00309,M00224,2025-08-28 15:04:16.444233,78,False,Tablet
W0011234,U00063,M00184,2025-10-11 15:04:16.444235,110,True,TV
W0011235,U00535,M00205,2025-11-21 15:04:16.444237,163,True,Mobile
W0011236,U00533,M00158,2026-04-19 15:04:16.444238,179,True,Mobile
W0011237,U00251,M00163,2025-05-21 15:04:16.444240,26,True,TV
W0011238,U00624,M00287,2025-10-01 15:04:16.444246,129,False,Mobile
W0011239,U00405,M00213,2026-04-13 15:04:16.444248,82,False,TV
W0011240,U00154,M00058,2025-08-24 15:04:16.444250,172,False,Tablet
W0011241,U00687,M00226,2025-10-14 15:04:16.444252,46,False,Laptop
W0011242,U00365,M00296,2026-03-25 15:04:16.444254,101,False,Mobile
W0011243,U00150,M00101,2025-10-11 15:04:16.444256,170,True,Tablet
W0011244,U00232,M00286,2025-11-01 15:04:16.444258,91,False,Laptop
W0011245,U00074,M00082,2026-04-01 15:04:16.444260,172,False,Mobile
W0011246,U00603,M00166,2026-01-08 15:04:16.444262,139,True,Tablet
W0011247,U00404,M00124,2025-12-08 15:04:16.444264,45,True,TV
W0011248,U00681,M00067,2025-07-30 15:04:16.444265,27,False,Tablet
W0011249,U00593,M00197,2025-07-09 15:04:16.444267,53,False,Mobile
W0011250,U00434,M00012,2025-07-01 15:04:16.444269,164,True,Laptop
W0011251,U00157,M00021,2025-05-15 15:04:16.444271,154,True,TV
W0011252,U00210,M00216,2025-11-15 15:04:16.444273,104,False,Mobile
W0011253,U00851,M00233,2025-08-19 15:04:16.444275,178,True,Laptop
W0011254,U00910,M00238,2025-09-02 15:04:16.444277,139,False,Laptop
W0011255,U00760,M00246,2026-03-16 15:04:16.444279,39,True,TV
W0011256,U00856,M00009,2026-04-08 15:04:16.444281,75,True,Tablet
W0011257,U00116,M00253,2025-08-11 15:04:16.444286,87,True,Tablet
W0011258,U00166,M00069,2026-04-01 15:04:16.444288,32,False,Mobile
W0011259,U00823,M00293,2026-01-25 15:04:16.444290,173,True,Mobile
W0011260,U00952,M00217,2026-04-28 15:04:16.444292,168,False,Tablet
W0011261,U00094,M00300,2025-12-09 15:04:16.444294,175,True,TV
W0011262,U00332,M00216,2025-11-07 15:04:16.444296,25,True,Laptop
W0011263,U00508,M00296,2026-04-02 15:04:16.444298,56,True,TV
W0011264,U00530,M00059,2026-01-23 15:04:16.444300,17,True,Mobile
W0011265,U00167,M00231,2025-09-16 15:04:16.444302,153,True,TV
W0011266,U00161,M00139,2025-06-30 15:04:16.444304,45,True,Laptop
W0011267,U00112,M00240,2025-10-11 15:04:16.444306,12,False,Laptop
W0011268,U00700,M00287,2025-11-04 15:04:16.444308,62,True,Tablet
W0011269,U00948,M00203,2025-12-22 15:04:16.444310,128,True,TV
W0011270,U00808,M00041,2025-11-17 15:04:16.444313,12,False,Mobile
W0011271,U00537,M00108,2025-06-20 15:04:16.444316,62,False,Tablet
W0011272,U00744,M00052,2026-03-16 15:04:16.444318,109,True,Laptop
W0011273,U00970,M00204,2025-11-13 15:04:16.444320,87,True,Laptop
W0011274,U00502,M00100,2025-09-19 15:04:16.444323,109,False,Laptop
W0011275,U00607,M00196,2025-05-20 15:04:16.444325,23,False,Mobile
W0011276,U00704,M00104,2026-04-18 15:04:16.444327,20,False,Laptop
W0011277,U00276,M00214,2025-11-29 15:04:16.444330,23,True,Mobile
W0011278,U00529,M00107,2025-08-17 15:04:16.444333,149,False,TV
W0011279,U00893,M00033,2026-01-15 15:04:16.444335,115,False,Laptop
W0011280,U00268,M00200,2026-02-06 15:04:16.444337,138,True,Tablet
W0011281,U00362,M00225,2026-04-14 15:04:16.444339,37,True,TV
W0011282,U00005,M00264,2026-04-27 15:04:16.444342,152,False,Laptop
W0011283,U00194,M00088,2025-08-07 15:04:16.444344,140,False,Mobile
W0011284,U00527,M00250,2026-01-07 15:04:16.444346,53,False,Laptop
W0011285,U00024,M00090,2026-04-19 15:04:16.444348,22,False,TV
W0011286,U00245,M00193,2025-09-23 15:04:16.444350,175,True,Laptop
W0011287,U00603,M00127,2025-10-09 15:04:16.444352,117,True,Tablet
W0011288,U00141,M00146,2025-10-09 15:04:16.444354,117,False,Mobile
W0011289,U00947,M00230,2026-04-04 15:04:16.444356,83,False,Tablet
W0011290,U00230,M00179,2025-12-21 15:04:16.444358,90,False,Laptop
W0011291,U00546,M00011,2025-07-22 15:04:16.444360,157,False,Tablet
W0011292,U00163,M00025,2025-12-05 15:04:16.444361,167,True,Laptop
W0011293,U00738,M00022,2026-05-02 15:04:16.444363,160,True,Mobile
W0011294,U00382,M00264,2025-09-04 15:04:16.444365,104,False,Tablet
W0011295,U00184,M00225,2025-12-29 15:04:16.444368,52,True,Laptop
W0011296,U00285,M00019,2026-04-22 15:04:16.444371,22,True,Tablet
W0011297,U00089,M00025,2025-07-22 15:04:16.444373,56,False,TV
W0011298,U00038,M00262,2025-05-23 15:04:16.444375,176,False,Mobile
W0011299,U00329,M00118,2026-02-13 15:04:16.444377,135,False,TV
W0011300,U00661,M00108,2025-12-29 15:04:16.444379,73,True,Laptop
W0011301,U00903,M00214,2025-08-29 15:04:16.444381,83,False,Laptop
W0011302,U00720,M00113,2025-06-26 15:04:16.444385,115,True,Mobile
W0011303,U00911,M00203,2025-08-19 15:04:16.444387,127,True,Mobile
W0011304,U00413,M00193,2025-06-06 15:04:16.444389,159,True,Mobile
W0011305,U00659,M00233,2026-02-06 15:04:16.444391,59,False,TV
W0011306,U00847,M00215,2026-01-20 15:04:16.444393,33,True,Mobile
W0011307,U00643,M00018,2026-04-07 15:04:16.444395,112,True,TV
W0011308,U00858,M00154,2025-10-24 15:04:16.444397,178,True,Tablet
W0011309,U00369,M00183,2026-01-07 15:04:16.444399,39,False,Tablet
W0011310,U00883,M00293,2026-02-12 15:04:16.444401,33,False,Mobile
W0011311,U00495,M00042,2026-04-17 15:04:16.444403,84,False,TV
W0011312,U00234,M00084,2026-01-15 15:04:16.444405,120,True,Laptop
W0011313,U00021,M00296,2025-06-15 15:04:16.444407,49,True,TV
W0011314,U00015,M00178,2025-12-31 15:04:16.444409,62,False,TV
W0011315,U00426,M00247,2025-11-22 15:04:16.444411,98,False,Tablet
W0011316,U00701,M00024,2025-09-15 15:04:16.444414,110,True,Tablet
W0011317,U00953,M00084,2026-02-18 15:04:16.444417,117,True,Tablet
W0011318,U00002,M00219,2025-08-17 15:04:16.444419,74,True,TV
W0011319,U00634,M00131,2025-12-28 15:04:16.444421,50,False,Mobile
W0011320,U00933,M00299,2025-06-03 15:04:16.444423,44,True,Mobile
W0011321,U00314,M00027,2026-04-09 15:04:16.444425,102,True,Tablet
W0011322,U00632,M00076,2025-09-10 15:04:16.444427,112,True,Mobile
W0011323,U00155,M00293,2025-06-15 15:04:16.444429,92,False,Mobile
W0011324,U00532,M00082,2025-07-30 15:04:16.444431,47,True,Tablet
W0011325,U00518,M00159,2025-06-26 15:04:16.444434,141,True,TV
W0011326,U00603,M00207,2026-03-30 15:04:16.444436,14,False,Mobile
W0011327,U00044,M00091,2025-07-13 15:04:16.444438,105,True,TV
W0011328,U00767,M00042,2025-08-03 15:04:16.444439,31,False,Laptop
W0011329,U00666,M00268,2025-09-19 15:04:16.444441,51,False,Laptop
W0011330,U00352,M00212,2025-06-12 15:04:16.444443,16,True,Tablet
W0011331,U00402,M00113,2026-02-27 15:04:16.444445,54,False,Tablet
W0011332,U00113,M00056,2025-09-29 15:04:16.444447,119,False,Tablet
W0011333,U00366,M00031,2025-06-28 15:04:16.444450,66,False,Tablet
W0011334,U00119,M00133,2025-10-14 15:04:16.444481,16,False,TV
W0011335,U00670,M00148,2026-03-14 15:04:16.444486,131,False,Mobile
W0011336,U00457,M00236,2025-07-30 15:04:16.444488,161,False,Tablet
W0011337,U00476,M00261,2025-09-02 15:04:16.444490,71,True,TV
W0011338,U00622,M00018,2026-01-15 15:04:16.444492,87,True,Laptop
W0011339,U00055,M00262,2026-01-30 15:04:16.444495,162,True,Mobile
W0011340,U00692,M00042,2025-08-05 15:04:16.444497,61,True,TV
W0011341,U00983,M00130,2025-12-12 15:04:16.444499,158,False,Laptop
W0011342,U00825,M00146,2025-07-15 15:04:16.444502,61,True,Tablet
W0011343,U00979,M00259,2025-11-15 15:04:16.444504,15,True,TV
W0011344,U00739,M00260,2025-08-10 15:04:16.444507,90,False,TV
W0011345,U00975,M00073,2026-02-08 15:04:16.444508,61,True,Mobile
W0011346,U00278,M00092,2026-04-16 15:04:16.444511,118,True,Laptop
W0011347,U00699,M00010,2025-11-06 15:04:16.444513,82,True,Laptop
W0011348,U00085,M00239,2025-08-24 15:04:16.444515,76,False,Tablet
W0011349,U00494,M00142,2026-03-28 15:04:16.444517,147,False,Mobile
W0011350,U00419,M00189,2025-12-24 15:04:16.444519,48,False,Tablet
W0011351,U00146,M00107,2025-07-09 15:04:16.444521,169,True,Tablet
W0011352,U00055,M00107,2025-09-17 15:04:16.444523,117,True,Mobile
W0011353,U00039,M00187,2026-02-11 15:04:16.444525,92,True,Tablet
W0011354,U00562,M00262,2026-02-04 15:04:16.444527,102,True,TV
W0011355,U00197,M00032,2025-07-07 15:04:16.444530,160,False,TV
W0011356,U00174,M00003,2026-04-12 15:04:16.444533,77,True,Tablet
W0011357,U00927,M00251,2026-03-24 15:04:16.444535,53,False,TV
W0011358,U00861,M00098,2025-05-22 15:04:16.444537,40,True,Laptop
W0011359,U00288,M00293,2025-10-07 15:04:16.444539,24,True,Mobile
W0011360,U00389,M00275,2026-02-19 15:04:16.444541,79,False,TV
W0011361,U00367,M00107,2025-12-27 15:04:16.444542,39,True,Tablet
W0011362,U00436,M00191,2026-02-24 15:04:16.444544,102,True,TV
W0011363,U00003,M00256,2025-11-27 15:04:16.444546,150,False,TV
W0011364,U00884,M00225,2025-12-14 15:04:16.444548,170,False,Tablet
W0011365,U00398,M00293,2026-02-06 15:04:16.444550,41,False,Mobile
W0011366,U00584,M00111,2025-12-16 15:04:16.444554,84,True,TV
W0011367,U00050,M00025,2025-12-21 15:04:16.444556,107,True,Tablet
W0011368,U00436,M00136,2026-03-27 15:04:16.444558,95,True,TV
W0011369,U00950,M00203,2025-05-09 15:04:16.444560,53,False,TV
W0011370,U00939,M00050,2025-10-19 15:04:16.444562,95,False,TV
W0011371,U00106,M00172,2026-04-21 15:04:16.444564,12,True,TV
W0011372,U00782,M00283,2025-07-09 15:04:16.444566,51,True,Laptop
W0011373,U00898,M00290,2025-11-28 15:04:16.444568,151,True,Laptop
W0011374,U00155,M00121,2025-10-05 15:04:16.444571,105,False,Mobile
W0011375,U00375,M00116,2025-06-09 15:04:16.444573,115,False,Laptop
W0011376,U00260,M00158,2025-12-29 15:04:16.444575,46,False,Laptop
W0011377,U00505,M00277,2026-04-22 15:04:16.444577,83,False,Tablet
W0011378,U00012,M00213,2025-10-06 15:04:16.444579,29,False,Tablet
W0011379,U00865,M00019,2025-07-09 15:04:16.444581,172,True,Mobile
W0011380,U00400,M00227,2025-09-09 15:04:16.444583,45,True,TV
W0011381,U00046,M00062,2026-04-01 15:04:16.444586,178,True,TV
W0011382,U00235,M00273,2026-03-27 15:04:16.444587,137,True,Laptop
W0011383,U00744,M00208,2025-09-19 15:04:16.444590,11,False,Mobile
W0011384,U00981,M00036,2025-05-19 15:04:16.444592,69,True,Tablet
W0011385,U00147,M00270,2025-10-29 15:04:16.444594,108,False,TV
W0011386,U00104,M00225,2026-02-28 15:04:16.444596,33,False,Tablet
W0011387,U00333,M00240,2025-12-14 15:04:16.444598,21,True,Tablet
W0011388,U00199,M00227,2025-10-04 15:04:16.444600,90,False,Tablet
W0011389,U00881,M00235,2025-12-31 15:04:16.444602,84,True,Laptop
W0011390,U00318,M00234,2026-02-14 15:04:16.444604,11,True,Laptop
W0011391,U00128,M00237,2026-04-22 15:04:16.444606,155,False,Tablet
W0011392,U00020,M00045,2026-02-22 15:04:16.444608,54,True,Tablet
W0011393,U00275,M00165,2025-09-28 15:04:16.444610,9,True,Laptop
W0011394,U00156,M00011,2025-11-10 15:04:16.444613,145,False,TV
W0011395,U00603,M00195,2025-05-19 15:04:16.444616,153,False,Laptop
W0011396,U00859,M00259,2025-06-05 15:04:16.444618,159,True,Laptop
W0011397,U00663,M00129,2025-08-05 15:04:16.444620,154,True,Laptop
W0011398,U00927,M00017,2026-02-18 15:04:16.444624,146,True,Laptop
W0011399,U00350,M00182,2025-09-17 15:04:16.444627,174,True,TV
W0011400,U00582,M00096,2026-04-15 15:04:16.444629,85,True,Laptop
W0011401,U00363,M00101,2025-11-23 15:04:16.444631,98,False,Mobile
W0011402,U00974,M00272,2025-09-15 15:04:16.444633,54,False,Laptop
W0011403,U00975,M00124,2025-12-23 15:04:16.444636,27,False,Laptop
W0011404,U00950,M00191,2025-06-22 15:04:16.444638,161,True,Laptop
W0011405,U00470,M00155,2025-06-11 15:04:16.444639,72,False,TV
W0011406,U00759,M00104,2025-08-27 15:04:16.444642,174,False,Tablet
W0011407,U00285,M00006,2025-10-02 15:04:16.444644,96,True,TV
W0011408,U00094,M00211,2026-04-29 15:04:16.444646,107,False,Tablet
W0011409,U00317,M00158,2026-05-08 15:04:16.444648,143,True,Tablet
W0011410,U00036,M00101,2026-03-12 15:04:16.444650,68,False,Laptop
W0011411,U00297,M00243,2026-03-06 15:04:16.444652,30,False,Tablet
W0011412,U00938,M00033,2026-05-04 15:04:16.444654,12,False,Laptop
W0011413,U00892,M00253,2026-01-04 15:04:16.444694,111,True,Laptop
W0011414,U00125,M00188,2025-07-22 15:04:16.444701,70,True,TV
W0011415,U00885,M00042,2026-02-23 15:04:16.444704,74,True,Tablet
W0011416,U00358,M00266,2025-05-28 15:04:16.444707,104,True,Mobile
W0011417,U00160,M00279,2025-07-08 15:04:16.444709,19,True,Mobile
W0011418,U00623,M00065,2025-09-10 15:04:16.444711,12,False,Tablet
W0011419,U00783,M00193,2025-10-11 15:04:16.444713,78,False,Laptop
W0011420,U00372,M00168,2025-11-19 15:04:16.444715,119,True,TV
W0011421,U00593,M00300,2025-12-16 15:04:16.444717,123,False,Mobile
W0011422,U00726,M00008,2025-07-10 15:04:16.444719,159,True,Laptop
W0011423,U00048,M00148,2025-06-16 15:04:16.444721,126,True,Mobile
W0011424,U00184,M00220,2026-02-21 15:04:16.444723,105,True,Tablet
W0011425,U00297,M00154,2026-01-12 15:04:16.444725,38,False,Laptop
W0011426,U00672,M00167,2026-02-27 15:04:16.444727,59,True,Tablet
W0011427,U00768,M00180,2026-03-27 15:04:16.444729,103,True,Laptop
W0011428,U00633,M00294,2025-06-06 15:04:16.444733,93,False,Tablet
W0011429,U00514,M00105,2025-12-12 15:04:16.444736,149,True,Mobile
W0011430,U00831,M00090,2025-11-23 15:04:16.444738,29,False,Laptop
W0011431,U00762,M00284,2026-02-02 15:04:16.444740,44,False,TV
W0011432,U00337,M00061,2025-09-21 15:04:16.444742,117,True,Tablet
W0011433,U00674,M00163,2025-06-10 15:04:16.444745,77,False,Mobile
W0011434,U00837,M00101,2025-10-13 15:04:16.444747,73,False,TV
W0011435,U00306,M00105,2025-07-13 15:04:16.444749,158,True,Mobile
W0011436,U00971,M00244,2025-05-23 15:04:16.444751,42,False,TV
W0011437,U00028,M00191,2025-06-04 15:04:16.444754,157,True,Mobile
W0011438,U00716,M00200,2025-09-06 15:04:16.444756,175,True,Mobile
W0011439,U00863,M00290,2025-09-10 15:04:16.444758,16,False,Laptop
W0011440,U00665,M00129,2026-04-23 15:04:16.444760,166,True,Mobile
W0011441,U00053,M00267,2025-10-24 15:04:16.444762,166,False,Tablet
W0011442,U00151,M00153,2025-08-30 15:04:16.444764,174,False,Mobile
W0011443,U00183,M00170,2026-03-01 15:04:16.444765,150,False,TV
W0011444,U00752,M00274,2025-08-30 15:04:16.444768,140,False,TV
W0011445,U00436,M00252,2025-10-15 15:04:16.444770,91,True,Tablet
W0011446,U00304,M00117,2026-03-02 15:04:16.444772,131,True,Mobile
W0011447,U00837,M00049,2026-04-20 15:04:16.444774,146,False,Mobile
W0011448,U00380,M00266,2025-11-12 15:04:16.444776,130,True,Laptop
W0011449,U00576,M00212,2025-12-29 15:04:16.444778,36,False,Tablet
W0011450,U00487,M00197,2026-02-23 15:04:16.444780,65,False,Tablet
W0011451,U00364,M00115,2025-09-18 15:04:16.444782,153,True,Mobile
W0011452,U00748,M00188,2025-06-16 15:04:16.444785,161,False,Tablet
W0011453,U00857,M00138,2025-07-03 15:04:16.444787,129,True,Laptop
W0011454,U00084,M00257,2026-02-02 15:04:16.444789,146,False,Tablet
W0011455,U00477,M00251,2026-05-01 15:04:16.444791,96,True,Tablet
W0011456,U00202,M00086,2026-01-06 15:04:16.444793,107,True,Laptop
W0011457,U00825,M00099,2026-01-05 15:04:16.444795,145,False,Tablet
W0011458,U00788,M00105,2025-08-25 15:04:16.444797,74,True,TV
W0011459,U00237,M00154,2025-12-12 15:04:16.444799,151,True,Mobile
W0011460,U00330,M00209,2026-03-18 15:04:16.444801,80,True,Laptop
W0011461,U00056,M00168,2025-05-12 15:04:16.444804,101,False,Mobile
W0011462,U00640,M00190,2026-02-15 15:04:16.444807,30,True,TV
W0011463,U00480,M00156,2026-04-22 15:04:16.444808,104,True,TV
W0011464,U00161,M00038,2026-03-01 15:04:16.444810,93,False,Mobile
W0011465,U00111,M00016,2025-09-24 15:04:16.444812,137,False,Laptop
W0011466,U00276,M00013,2025-07-24 15:04:16.444814,153,False,Tablet
W0011467,U00524,M00162,2025-05-20 15:04:16.444816,122,False,TV
W0011468,U00771,M00105,2025-09-05 15:04:16.444818,33,True,Tablet
W0011469,U00639,M00227,2025-11-04 15:04:16.444820,114,False,TV
W0011470,U00049,M00013,2026-03-21 15:04:16.444822,73,True,Tablet
W0011471,U00849,M00283,2025-09-23 15:04:16.444824,101,True,Tablet
W0011472,U00367,M00259,2025-12-03 15:04:16.444827,51,True,Laptop
W0011473,U00526,M00072,2026-04-02 15:04:16.444830,102,True,TV
W0011474,U00925,M00104,2026-03-06 15:04:16.444832,108,True,Laptop
W0011475,U00894,M00090,2026-02-06 15:04:16.444834,151,False,Laptop
W0011476,U00282,M00135,2026-04-21 15:04:16.444835,127,True,Tablet
W0011477,U00980,M00126,2025-10-31 15:04:16.444837,140,False,Mobile
W0011478,U00306,M00248,2025-11-05 15:04:16.444839,107,False,Mobile
W0011479,U00691,M00016,2026-01-15 15:04:16.444841,13,True,Mobile
W0011480,U00775,M00294,2025-11-13 15:04:16.444843,92,False,Tablet
W0011481,U00966,M00269,2026-04-11 15:04:16.444845,86,False,Mobile
W0011482,U00436,M00036,2026-02-11 15:04:16.444847,97,False,Tablet
W0011483,U00911,M00149,2025-10-08 15:04:16.444849,106,True,Tablet
W0011484,U00031,M00163,2025-08-28 15:04:16.444851,14,False,Tablet
W0011485,U00955,M00051,2025-12-06 15:04:16.444853,17,True,Mobile
W0011486,U00982,M00255,2026-01-24 15:04:16.444854,155,False,Tablet
W0011487,U00394,M00175,2025-10-05 15:04:16.444856,22,False,TV
W0011488,U00990,M00152,2025-09-27 15:04:16.444858,13,True,TV
W0011489,U00016,M00029,2025-07-14 15:04:16.444860,16,False,Tablet
W0011490,U00160,M00077,2025-10-31 15:04:16.444862,168,True,TV
W0011491,U00871,M00182,2025-07-28 15:04:16.444865,81,False,Mobile
W0011492,U00378,M00244,2025-08-28 15:04:16.444868,57,True,Mobile
W0011493,U00980,M00029,2026-02-05 15:04:16.444895,74,False,Tablet
W0011494,U00046,M00043,2025-05-25 15:04:16.444899,33,True,Tablet
W0011495,U00251,M00220,2026-05-04 15:04:16.444902,20,True,Mobile
W0011496,U00237,M00136,2025-11-09 15:04:16.444905,42,False,TV
W0011497,U00424,M00231,2025-11-05 15:04:16.444906,149,False,Tablet
W0011498,U00288,M00100,2025-07-15 15:04:16.444909,95,False,TV
W0011499,U00779,M00281,2026-03-06 15:04:16.444911,44,True,Tablet
W0011500,U00789,M00046,2025-11-09 15:04:16.444913,77,False,TV
W0011501,U00130,M00117,2025-12-01 15:04:16.444915,142,True,Mobile
W0011502,U00351,M00085,2025-06-11 15:04:16.444916,173,True,TV
W0011503,U00549,M00165,2026-02-07 15:04:16.444918,77,True,TV
W0011504,U00913,M00295,2025-10-10 15:04:16.444920,113,False,Mobile
W0011505,U00592,M00269,2025-10-20 15:04:16.444923,77,False,Laptop
W0011506,U00961,M00276,2025-10-27 15:04:16.444925,122,False,Tablet
W0011507,U00788,M00135,2026-04-03 15:04:16.444927,65,False,Laptop
W0011508,U00975,M00041,2025-05-21 15:04:16.444929,31,True,TV
W0011509,U00720,M00180,2025-12-16 15:04:16.444931,32,True,TV
W0011510,U00578,M00196,2025-06-30 15:04:16.444933,109,True,Mobile
W0011511,U00865,M00099,2025-05-23 15:04:16.444936,16,False,TV
W0011512,U00658,M00276,2026-04-02 15:04:16.444941,64,False,Laptop
W0011513,U00241,M00287,2026-03-06 15:04:16.444943,73,False,TV
W0011514,U00636,M00139,2025-11-30 15:04:16.444945,129,False,Mobile
W0011515,U00766,M00267,2025-11-26 15:04:16.444947,160,False,Tablet
W0011516,U00458,M00212,2025-08-22 15:04:16.444949,136,True,Mobile
W0011517,U00442,M00288,2026-04-14 15:04:16.444951,18,False,Tablet
W0011518,U00596,M00033,2025-09-07 15:04:16.444953,110,True,Tablet
W0011519,U00742,M00067,2025-12-22 15:04:16.444955,59,False,TV
W0011520,U00167,M00276,2025-12-11 15:04:16.444957,32,False,Mobile
W0011521,U00905,M00119,2025-08-21 15:04:16.444959,14,True,Laptop
W0011522,U00879,M00074,2025-08-07 15:04:16.444961,121,True,Laptop
W0011523,U00745,M00137,2025-10-14 15:04:16.444963,172,True,Tablet
W0011524,U00739,M00054,2026-03-02 15:04:16.444965,49,False,TV
W0011525,U00643,M00033,2026-01-27 15:04:16.444968,35,False,Mobile
W0011526,U00043,M00054,2026-01-30 15:04:16.444970,137,True,Mobile
W0011527,U00654,M00196,2025-05-10 15:04:16.444972,45,True,Mobile
W0011528,U00910,M00082,2025-05-29 15:04:16.444974,108,True,Laptop
W0011529,U00378,M00271,2026-02-27 15:04:16.444988,78,False,Tablet
W0011530,U00343,M00049,2025-07-03 15:04:16.444994,176,False,Mobile
W0011531,U00888,M00110,2026-01-16 15:04:16.444997,178,False,Tablet
W0011532,U00051,M00028,2025-08-07 15:04:16.445000,28,False,Tablet
W0011533,U00511,M00275,2026-02-23 15:04:16.445002,163,False,TV
W0011534,U00423,M00105,2026-02-09 15:04:16.445004,105,True,Laptop
W0011535,U00628,M00288,2026-04-12 15:04:16.445006,136,False,TV
W0011536,U00050,M00092,2025-12-21 15:04:16.445008,14,True,TV
W0011537,U00055,M00249,2026-01-07 15:04:16.445010,124,False,Mobile
W0011538,U00065,M00009,2025-07-09 15:04:16.445013,41,True,Laptop
W0011539,U00893,M00029,2026-01-15 15:04:16.445015,72,False,Tablet
W0011540,U00247,M00151,2026-01-27 15:04:16.445017,171,False,Tablet
W0011541,U00488,M00226,2026-03-03 15:04:16.445019,133,True,Tablet
W0011542,U00489,M00199,2025-11-18 15:04:16.445021,135,False,Mobile
W0011543,U00098,M00152,2026-01-28 15:04:16.445023,98,False,Mobile
W0011544,U00391,M00279,2026-03-01 15:04:16.445025,82,True,Laptop
W0011545,U00973,M00009,2026-01-16 15:04:16.445027,13,True,TV
W0011546,U00092,M00297,2025-05-12 15:04:16.445029,92,True,Tablet
W0011547,U00630,M00223,2026-04-30 15:04:16.445031,99,False,Mobile
W0011548,U00897,M00033,2025-11-28 15:04:16.445033,55,False,Mobile
W0011549,U00238,M00056,2026-01-13 15:04:16.445035,161,True,TV
W0011550,U00218,M00059,2025-11-28 15:04:16.445038,138,False,Tablet
W0011551,U00665,M00143,2025-09-22 15:04:16.445041,116,True,Laptop
W0011552,U00078,M00140,2026-04-05 15:04:16.445043,69,True,Mobile
W0011553,U00217,M00211,2025-08-18 15:04:16.445045,51,True,Laptop
W0011554,U00393,M00291,2025-08-13 15:04:16.445047,61,True,Mobile
W0011555,U00317,M00259,2026-01-18 15:04:16.445049,102,True,Laptop
W0011556,U00452,M00269,2025-09-28 15:04:16.445051,86,False,Mobile
W0011557,U00671,M00141,2025-06-25 15:04:16.445055,27,True,Tablet
W0011558,U00470,M00227,2026-02-02 15:04:16.445057,145,False,TV
W0011559,U00715,M00219,2026-03-18 15:04:16.445059,100,False,Laptop
W0011560,U00783,M00173,2026-02-28 15:04:16.445061,46,False,TV
W0011561,U00540,M00026,2025-10-14 15:04:16.445063,42,False,Mobile
W0011562,U00183,M00166,2026-02-23 15:04:16.445065,24,True,TV
W0011563,U00745,M00206,2025-12-24 15:04:16.445067,131,True,Laptop
W0011564,U00500,M00250,2026-05-04 15:04:16.445069,153,False,TV
W0011565,U00101,M00194,2026-01-21 15:04:16.445071,141,True,Tablet
W0011566,U00837,M00020,2026-01-15 15:04:16.445073,60,False,Laptop
W0011567,U00683,M00271,2026-01-14 15:04:16.445075,98,False,TV
W0011568,U00987,M00199,2025-12-13 15:04:16.445077,132,True,Tablet
W0011569,U00463,M00142,2026-02-06 15:04:16.445080,135,False,Tablet
W0011570,U00155,M00214,2026-04-13 15:04:16.445083,99,True,Tablet
W0011571,U00268,M00164,2025-09-06 15:04:16.445085,30,True,Mobile
W0011572,U00634,M00206,2026-02-04 15:04:16.445086,72,True,Mobile
W0011573,U00746,M00175,2025-05-10 15:04:16.445089,19,True,Laptop
W0011574,U00787,M00013,2026-02-24 15:04:16.445091,150,False,TV
W0011575,U00847,M00216,2025-07-28 15:04:16.445092,146,True,Laptop
W0011576,U00645,M00235,2025-06-21 15:04:16.445094,133,False,Laptop
W0011577,U00025,M00241,2025-07-31 15:04:16.445097,76,True,Mobile
W0011578,U00228,M00251,2026-02-25 15:04:16.445099,96,True,Tablet
W0011579,U00342,M00157,2025-05-20 15:04:16.445101,34,False,Tablet
W0011580,U00611,M00121,2025-10-22 15:04:16.445103,141,True,TV
W0011581,U00729,M00106,2026-03-12 15:04:16.445105,31,True,Tablet
W0011582,U00592,M00240,2025-05-09 15:04:16.445107,49,False,TV
W0011583,U00721,M00029,2026-02-05 15:04:16.445109,77,True,TV
W0011584,U00761,M00255,2025-05-27 15:04:16.445111,132,True,TV
W0011585,U00542,M00279,2026-04-10 15:04:16.445113,64,True,Laptop
W0011586,U00670,M00030,2026-01-10 15:04:16.445115,175,True,TV
W0011587,U00765,M00244,2025-12-21 15:04:16.445117,166,True,TV
W0011588,U00911,M00014,2025-12-28 15:04:16.445119,141,False,Tablet
W0011589,U00664,M00012,2025-09-28 15:04:16.445124,32,True,Mobile
W0011590,U00452,M00010,2025-09-26 15:04:16.445126,118,True,TV
W0011591,U00088,M00196,2025-09-25 15:04:16.445128,57,True,Laptop
W0011592,U00365,M00224,2025-12-26 15:04:16.445130,65,True,Tablet
W0011593,U00398,M00180,2025-06-16 15:04:16.445132,110,False,TV
W0011594,U00266,M00295,2025-12-14 15:04:16.445134,100,True,Tablet
W0011595,U00262,M00244,2025-09-17 15:04:16.445136,132,False,Mobile
W0011596,U00454,M00047,2026-02-23 15:04:16.445138,169,False,Laptop
W0011597,U00852,M00274,2025-10-01 15:04:16.445141,179,False,Laptop
W0011598,U00236,M00201,2025-10-05 15:04:16.445143,14,True,Mobile
W0011599,U00685,M00053,2026-02-25 15:04:16.445145,107,True,Tablet
W0011600,U00542,M00012,2025-06-05 15:04:16.445148,151,False,Mobile
W0011601,U00723,M00234,2025-06-11 15:04:16.445150,80,False,Laptop
W0011602,U00380,M00250,2026-02-23 15:04:16.445152,21,True,Laptop
W0011603,U00886,M00057,2026-04-04 15:04:16.445171,52,False,Mobile
W0011604,U00246,M00062,2025-12-15 15:04:16.445174,170,True,Mobile
W0011605,U00311,M00298,2025-09-13 15:04:16.445176,105,False,Mobile
W0011606,U00793,M00050,2025-11-28 15:04:16.445178,112,False,Tablet
W0011607,U00573,M00209,2025-08-26 15:04:16.445181,172,False,Laptop
W0011608,U00025,M00204,2025-12-31 15:04:16.445183,12,True,Tablet
W0011609,U00941,M00260,2025-09-23 15:04:16.445185,14,True,Mobile
W0011610,U00547,M00249,2026-02-10 15:04:16.445187,62,True,Tablet
W0011611,U00271,M00011,2026-01-23 15:04:16.445189,126,False,TV
W0011612,U00603,M00124,2026-05-09 15:04:16.445191,142,False,Laptop
W0011613,U00592,M00048,2025-08-08 15:04:16.445194,167,False,Tablet
W0011614,U00064,M00154,2025-07-14 15:04:16.445196,30,True,Tablet
W0011615,U00443,M00204,2025-12-14 15:04:16.445198,179,True,Mobile
W0011616,U00024,M00260,2026-04-05 15:04:16.445200,133,True,Laptop
W0011617,U00833,M00178,2025-10-04 15:04:16.445202,6,False,Laptop
W0011618,U00834,M00126,2025-08-03 15:04:16.445204,173,False,Laptop
W0011619,U00387,M00231,2025-06-16 15:04:16.445206,62,True,Tablet
W0011620,U00237,M00168,2026-05-09 15:04:16.445208,39,False,Laptop
W0011621,U00082,M00160,2025-12-06 15:04:16.445211,18,False,Mobile
W0011622,U00661,M00121,2025-09-04 15:04:16.445213,55,True,Tablet
W0011623,U00290,M00142,2025-10-19 15:04:16.445216,125,False,Mobile
W0011624,U00727,M00167,2025-12-15 15:04:16.445218,116,False,Laptop
W0011625,U00908,M00039,2026-01-28 15:04:16.445220,133,True,TV
W0011626,U00994,M00094,2025-07-10 15:04:16.445222,10,False,Laptop
W0011627,U00907,M00203,2025-12-31 15:04:16.445224,6,False,Laptop
W0011628,U00413,M00104,2026-04-04 15:04:16.445227,35,False,Mobile
W0011629,U00960,M00217,2026-04-18 15:04:16.445229,19,True,Mobile
W0011630,U00172,M00252,2025-09-25 15:04:16.445231,166,False,Tablet
W0011631,U00755,M00120,2025-11-01 15:04:16.445233,124,False,Laptop
W0011632,U00979,M00124,2025-11-06 15:04:16.445235,84,True,Tablet
W0011633,U00566,M00255,2025-10-04 15:04:16.445237,140,False,Mobile
W0011634,U00354,M00011,2026-03-17 15:04:16.445239,33,False,Mobile
W0011635,U00850,M00271,2025-07-20 15:04:16.445241,147,False,Tablet
W0011636,U00159,M00113,2025-07-18 15:04:16.445243,61,False,TV
W0011637,U00704,M00113,2026-04-01 15:04:16.445245,97,True,TV
W0011638,U00732,M00017,2025-05-22 15:04:16.445247,41,True,Tablet
W0011639,U00416,M00222,2025-05-20 15:04:16.445249,29,True,Mobile
W0011640,U00991,M00205,2025-07-02 15:04:16.445251,61,True,Tablet
W0011641,U00070,M00232,2026-05-07 15:04:16.445253,156,True,TV
W0011642,U00744,M00041,2025-08-13 15:04:16.445255,159,True,Tablet
W0011643,U00285,M00128,2026-03-04 15:04:16.445257,20,True,Tablet
W0011644,U00587,M00173,2026-02-13 15:04:16.445259,61,True,TV
W0011645,U00572,M00300,2026-04-21 15:04:16.445262,143,False,Tablet
W0011646,U00872,M00256,2025-11-08 15:04:16.445264,29,True,Laptop
W0011647,U00097,M00062,2025-12-19 15:04:16.445267,16,False,TV
W0011648,U00345,M00139,2025-09-11 15:04:16.445269,171,False,Laptop
W0011649,U00565,M00149,2025-06-04 15:04:16.445271,100,True,Mobile
W0011650,U00810,M00148,2026-01-05 15:04:16.445273,157,True,Mobile
W0011651,U00053,M00300,2025-08-26 15:04:16.445275,16,False,TV
W0011652,U00808,M00215,2025-12-09 15:04:16.445277,12,True,Mobile
W0011653,U00087,M00117,2026-04-30 15:04:16.445280,60,False,TV
W0011654,U00925,M00259,2025-12-09 15:04:16.445282,31,True,Mobile
W0011655,U00450,M00098,2025-08-31 15:04:16.445284,168,False,Laptop
W0011656,U00106,M00067,2025-10-07 15:04:16.445286,58,True,Mobile
W0011657,U00949,M00156,2025-11-18 15:04:16.445288,28,True,Tablet
W0011658,U00593,M00070,2026-02-15 15:04:16.445290,168,True,Laptop
W0011659,U00842,M00180,2025-12-30 15:04:16.445292,37,True,Tablet
W0011660,U00615,M00008,2025-09-23 15:04:16.445294,141,True,Mobile
W0011661,U00353,M00038,2026-02-07 15:04:16.445297,84,False,Mobile
W0011662,U00512,M00127,2026-04-01 15:04:16.445299,131,False,Tablet
W0011663,U00641,M00002,2026-03-30 15:04:16.445301,131,False,Mobile
W0011664,U00191,M00042,2026-02-08 15:04:16.445303,81,False,Mobile
W0011665,U00783,M00165,2026-05-09 15:04:16.445305,127,False,TV
W0011666,U00199,M00152,2025-12-04 15:04:16.445306,47,False,TV
W0011667,U00035,M00260,2025-08-27 15:04:16.445331,25,True,TV
W0011668,U00428,M00106,2026-03-22 15:04:16.445337,119,False,Tablet
W0011669,U00851,M00294,2025-12-20 15:04:16.445340,87,True,Laptop
W0011670,U00839,M00084,2026-02-01 15:04:16.445342,48,False,TV
W0011671,U00009,M00085,2025-12-15 15:04:16.445344,21,True,Laptop
W0011672,U00406,M00046,2025-12-16 15:04:16.445347,79,False,Mobile
W0011673,U00517,M00089,2025-09-09 15:04:16.445349,178,True,Laptop
W0011674,U00217,M00285,2025-10-24 15:04:16.445351,68,False,TV
W0011675,U00637,M00029,2025-08-28 15:04:16.445353,25,True,Laptop
W0011676,U00794,M00151,2025-10-22 15:04:16.445355,26,True,Mobile
W0011677,U00958,M00187,2025-11-16 15:04:16.445357,177,True,TV
W0011678,U00871,M00077,2025-10-25 15:04:16.445359,102,False,Tablet
W0011679,U00744,M00105,2025-08-01 15:04:16.445361,67,False,Laptop
W0011680,U00266,M00229,2025-05-25 15:04:16.445363,17,False,TV
W0011681,U00529,M00214,2026-01-31 15:04:16.445365,89,True,Mobile
W0011682,U00244,M00092,2025-11-27 15:04:16.445369,134,True,TV
W0011683,U00091,M00077,2026-01-10 15:04:16.445372,119,False,TV
W0011684,U00654,M00076,2025-07-10 15:04:16.445375,106,False,TV
W0011685,U00388,M00202,2025-07-05 15:04:16.445377,141,False,Tablet
W0011686,U00971,M00087,2025-06-12 15:04:16.445381,139,True,Mobile
W0011687,U00900,M00089,2025-10-03 15:04:16.445383,136,True,Laptop
W0011688,U00177,M00036,2025-07-21 15:04:16.445385,33,False,TV
W0011689,U00462,M00242,2025-06-17 15:04:16.445387,31,False,Mobile
W0011690,U00883,M00056,2025-09-29 15:04:16.445389,161,True,TV
W0011691,U00923,M00145,2025-05-26 15:04:16.445391,127,False,TV
W0011692,U00299,M00018,2025-09-25 15:04:16.445393,79,False,Laptop
W0011693,U00839,M00144,2025-07-29 15:04:16.445395,73,True,TV
W0011694,U00254,M00043,2026-03-21 15:04:16.445397,77,True,Laptop
W0011695,U00516,M00182,2026-02-12 15:04:16.445399,101,False,Mobile
W0011696,U00219,M00094,2025-09-14 15:04:16.445401,116,False,TV
W0011697,U00773,M00262,2025-11-14 15:04:16.445403,5,True,Laptop
W0011698,U00216,M00103,2025-08-16 15:04:16.445405,37,False,Tablet
W0011699,U00936,M00183,2026-05-06 15:04:16.445407,171,False,Tablet
W0011700,U00684,M00103,2025-12-24 15:04:16.445409,41,False,TV
W0011701,U00279,M00029,2025-06-20 15:04:16.445411,70,False,TV
W0011702,U00977,M00205,2025-06-26 15:04:16.445413,170,True,Mobile
W0011703,U00229,M00286,2025-06-12 15:04:16.445415,67,False,TV
W0011704,U00066,M00274,2025-09-12 15:04:16.445417,53,True,Mobile
W0011705,U00691,M00160,2025-08-20 15:04:16.445419,107,True,Tablet
W0011706,U00524,M00273,2026-02-19 15:04:16.445423,178,False,Mobile
W0011707,U00834,M00008,2025-06-15 15:04:16.445425,21,False,Tablet
W0011708,U00597,M00007,2026-01-07 15:04:16.445428,41,False,Laptop
W0011709,U00739,M00176,2026-04-21 15:04:16.445430,161,True,Tablet
W0011710,U00021,M00127,2025-09-18 15:04:16.445432,8,False,Tablet
W0011711,U00058,M00225,2026-02-05 15:04:16.445433,44,True,TV
W0011712,U00643,M00197,2025-06-26 15:04:16.445435,154,True,Tablet
W0011713,U00311,M00124,2025-05-16 15:04:16.445437,145,False,Laptop
W0011714,U00123,M00201,2026-02-08 15:04:16.445439,74,True,Mobile
W0011715,U00460,M00071,2025-06-25 15:04:16.445441,30,True,Mobile
W0011716,U00060,M00218,2025-05-22 15:04:16.445445,50,True,TV
W0011717,U00120,M00244,2026-04-22 15:04:16.445448,72,False,TV
W0011718,U00409,M00048,2025-09-05 15:04:16.445450,8,True,Laptop
W0011719,U00789,M00147,2025-11-08 15:04:16.445452,64,False,Mobile
W0011720,U00113,M00079,2025-12-21 15:04:16.445454,86,True,TV
W0011721,U00968,M00291,2025-08-13 15:04:16.445456,51,False,TV
W0011722,U00479,M00262,2025-08-21 15:04:16.445458,131,True,TV
W0011723,U00465,M00066,2026-03-14 15:04:16.445460,87,True,TV
W0011724,U00571,M00069,2025-11-26 15:04:16.445462,178,False,Tablet
W0011725,U00322,M00093,2025-05-16 15:04:16.445465,67,False,TV
W0011726,U00290,M00286,2026-01-06 15:04:16.445467,77,False,Tablet
W0011727,U00153,M00053,2025-07-07 15:04:16.445470,91,False,Mobile
W0011728,U00848,M00184,2026-01-02 15:04:16.445472,18,False,TV
W0011729,U00413,M00072,2025-08-25 15:04:16.445474,153,True,Tablet
W0011730,U00175,M00117,2025-11-19 15:04:16.445476,177,True,Laptop
W0011731,U00100,M00199,2026-04-29 15:04:16.445478,23,False,TV
W0011732,U00449,M00051,2025-12-18 15:04:16.445479,100,False,TV
W0011733,U00276,M00259,2026-04-27 15:04:16.445481,165,True,Mobile
W0011734,U00739,M00241,2026-04-28 15:04:16.445483,79,False,Tablet
W0011735,U00786,M00104,2025-06-25 15:04:16.445485,89,False,Laptop
W0011736,U00659,M00205,2026-03-13 15:04:16.445487,149,False,Laptop
W0011737,U00523,M00195,2026-01-17 15:04:16.445489,78,False,Tablet
W0011738,U00050,M00069,2026-04-14 15:04:16.445491,82,True,Tablet
W0011739,U00211,M00122,2026-02-23 15:04:16.445493,66,False,Laptop
W0011740,U00238,M00010,2025-11-23 15:04:16.445495,96,False,TV
W0011741,U00636,M00044,2026-01-18 15:04:16.445497,49,True,Tablet
W0011742,U00554,M00060,2025-06-21 15:04:16.445499,28,False,Laptop
W0011743,U00644,M00229,2026-04-16 15:04:16.445501,120,False,Mobile
W0011744,U00367,M00200,2025-06-09 15:04:16.445503,20,False,TV
W0011745,U00866,M00017,2026-05-07 15:04:16.445506,54,False,Tablet
W0011746,U00537,M00077,2025-10-23 15:04:16.445508,73,True,TV
W0011747,U00303,M00185,2025-09-02 15:04:16.445510,87,False,Mobile
W0011748,U00562,M00245,2025-11-11 15:04:16.445513,180,True,Laptop
W0011749,U00099,M00250,2025-06-09 15:04:16.445515,17,False,Mobile
W0011750,U00546,M00266,2025-09-01 15:04:16.445517,105,False,Mobile
W0011751,U00260,M00090,2025-10-28 15:04:16.445519,164,True,Mobile
W0011752,U00675,M00017,2025-12-19 15:04:16.445521,70,True,Mobile
W0011753,U00136,M00266,2025-08-30 15:04:16.445523,19,True,TV
W0011754,U00901,M00140,2026-01-19 15:04:16.445525,50,True,Laptop
W0011755,U00621,M00175,2025-12-02 15:04:16.445527,9,True,TV
W0011756,U00774,M00196,2025-10-14 15:04:16.445529,159,False,TV
W0011757,U00046,M00013,2025-10-29 15:04:16.445531,16,False,Laptop
W0011758,U00475,M00080,2025-10-31 15:04:16.445533,102,True,Tablet
W0011759,U00151,M00005,2025-05-20 15:04:16.445536,68,True,Laptop
W0011760,U00011,M00112,2025-08-06 15:04:16.445538,46,False,Mobile
W0011761,U00426,M00010,2025-12-03 15:04:16.445540,171,False,Mobile
W0011762,U00407,M00094,2026-01-06 15:04:16.445542,150,False,Laptop
W0011763,U00127,M00164,2026-03-09 15:04:16.445545,10,True,Mobile
W0011764,U00011,M00243,2025-10-11 15:04:16.445548,172,False,Laptop
W0011765,U00771,M00109,2026-03-12 15:04:16.445550,46,True,Mobile
W0011766,U00694,M00101,2025-12-13 15:04:16.445552,154,True,TV
W0011767,U00966,M00250,2025-11-18 15:04:16.445554,99,True,Tablet
W0011768,U00382,M00215,2025-11-07 15:04:16.445558,162,False,TV
W0011769,U00001,M00213,2025-05-21 15:04:16.445560,108,False,TV
W0011770,U00454,M00102,2025-09-01 15:04:16.445562,61,True,Tablet
W0011771,U00531,M00030,2025-11-05 15:04:16.445564,96,True,TV
W0011772,U00910,M00162,2025-06-01 15:04:16.445566,134,True,Mobile
W0011773,U00981,M00151,2025-08-08 15:04:16.445568,44,False,Laptop
W0011774,U00159,M00133,2025-08-05 15:04:16.445570,60,True,TV
W0011775,U00957,M00049,2025-09-30 15:04:16.445572,59,True,Tablet
W0011776,U00582,M00027,2025-11-27 15:04:16.445574,5,True,Mobile
W0011777,U00461,M00259,2025-10-24 15:04:16.445576,91,False,TV
W0011778,U00157,M00098,2025-06-05 15:04:16.445578,104,False,Mobile
W0011779,U00861,M00071,2025-08-04 15:04:16.445580,13,True,Laptop
W0011780,U00746,M00215,2025-11-06 15:04:16.445583,176,True,TV
W0011781,U00892,M00090,2026-04-02 15:04:16.445586,29,True,TV
W0011782,U00821,M00227,2026-05-01 15:04:16.445588,98,True,TV
W0011783,U00915,M00006,2026-03-29 15:04:16.445590,71,True,Laptop
W0011784,U00401,M00069,2025-05-27 15:04:16.445593,180,True,Laptop
W0011785,U00535,M00235,2025-07-14 15:04:16.445595,158,True,Mobile
W0011786,U00518,M00001,2025-07-16 15:04:16.445597,99,True,TV
W0011787,U00550,M00159,2026-02-16 15:04:16.445599,134,True,TV
W0011788,U00137,M00132,2025-09-12 15:04:16.445601,40,True,TV
W0011789,U00067,M00253,2025-07-23 15:04:16.445603,174,False,Tablet
W0011790,U00943,M00085,2026-02-10 15:04:16.445605,83,True,Mobile
W0011791,U00632,M00147,2025-11-02 15:04:16.445607,139,False,TV
W0011792,U00649,M00291,2025-07-17 15:04:16.445609,48,True,Mobile
W0011793,U00813,M00144,2026-04-09 15:04:16.445611,162,True,Tablet
W0011794,U00618,M00239,2025-07-04 15:04:16.445613,134,True,TV
W0011795,U00139,M00007,2025-05-31 15:04:16.445615,147,False,TV
W0011796,U00283,M00058,2025-12-15 15:04:16.445617,141,True,Mobile
W0011797,U00270,M00180,2026-04-11 15:04:16.445619,98,False,TV
W0011798,U00551,M00274,2025-07-22 15:04:16.445621,78,True,TV
W0011799,U00791,M00113,2025-12-09 15:04:16.445623,112,True,TV
W0011800,U00635,M00242,2025-06-14 15:04:16.445625,116,False,TV
W0011801,U00136,M00133,2025-08-08 15:04:16.445627,66,True,TV
W0011802,U00861,M00021,2025-08-25 15:04:16.445629,159,True,TV
W0011803,U00257,M00021,2026-03-19 15:04:16.445632,51,True,Mobile
W0011804,U00540,M00134,2026-04-01 15:04:16.445635,170,True,Mobile
W0011805,U00078,M00195,2026-04-26 15:04:16.445637,160,False,Mobile
W0011806,U00496,M00027,2026-03-30 15:04:16.445639,66,False,TV
W0011807,U00457,M00094,2025-11-22 15:04:16.445641,20,False,TV
W0011808,U00375,M00114,2025-05-10 15:04:16.445643,25,False,Mobile
W0011809,U00569,M00139,2025-09-10 15:04:16.445645,177,False,Laptop
W0011810,U00324,M00203,2026-03-15 15:04:16.445647,167,True,Mobile
W0011811,U00520,M00130,2026-03-09 15:04:16.445649,132,True,Tablet
W0011812,U00982,M00265,2026-01-12 15:04:16.445653,153,True,TV
W0011813,U00013,M00058,2026-04-27 15:04:16.445655,63,False,TV
W0011814,U00177,M00004,2026-02-17 15:04:16.445657,162,False,Laptop
W0011815,U00351,M00182,2025-07-30 15:04:16.445659,130,False,TV
W0011816,U00696,M00019,2025-12-30 15:04:16.445661,48,True,Laptop
W0011817,U00458,M00268,2026-04-10 15:04:16.445663,153,False,Tablet
W0011818,U00217,M00071,2025-12-17 15:04:16.445665,42,True,Mobile
W0011819,U00007,M00294,2026-02-09 15:04:16.445667,149,False,TV
W0011820,U00145,M00019,2026-02-09 15:04:16.445669,32,False,TV
W0011821,U00545,M00014,2025-10-19 15:04:16.445671,64,True,Mobile
W0011822,U00807,M00198,2025-05-28 15:04:16.445673,47,False,Mobile
W0011823,U00581,M00186,2025-08-04 15:04:16.445677,87,True,Tablet
W0011824,U00341,M00090,2026-03-14 15:04:16.445679,60,False,Tablet
W0011825,U00983,M00021,2025-12-27 15:04:16.445681,11,True,Laptop
W0011826,U00391,M00079,2026-03-20 15:04:16.445683,24,True,Tablet
W0011827,U00882,M00172,2026-01-17 15:04:16.445685,55,True,TV
W0011828,U00650,M00145,2026-05-04 15:04:16.445687,138,False,Laptop
W0011829,U00006,M00146,2025-10-02 15:04:16.445689,7,False,Laptop
W0011830,U00688,M00006,2025-12-13 15:04:16.445691,32,False,Mobile
W0011831,U00494,M00144,2026-01-04 15:04:16.445693,6,False,TV
W0011832,U00129,M00269,2025-12-03 15:04:16.445694,171,False,TV
W0011833,U00983,M00295,2026-03-28 15:04:16.445696,40,False,Laptop
W0011834,U00927,M00139,2026-02-24 15:04:16.445698,127,False,TV
W0011835,U00651,M00144,2026-03-03 15:04:16.445701,152,True,TV
W0011836,U00822,M00238,2025-12-17 15:04:16.445702,19,False,Mobile
W0011837,U00630,M00181,2025-09-03 15:04:16.445704,60,True,Mobile
W0011838,U00413,M00011,2025-08-12 15:04:16.445706,99,False,Tablet
W0011839,U00911,M00199,2026-04-03 15:04:16.445708,75,False,Tablet
W0011840,U00355,M00125,2025-08-22 15:04:16.445710,101,False,Laptop
W0011841,U00395,M00137,2026-01-10 15:04:16.445712,117,False,TV
W0011842,U00827,M00009,2026-04-03 15:04:16.445736,32,True,Mobile
W0011843,U00581,M00256,2025-12-09 15:04:16.445742,19,True,Laptop
W0011844,U00057,M00265,2025-05-28 15:04:16.445746,83,False,Tablet
W0011845,U00493,M00075,2025-10-08 15:04:16.445749,71,False,Mobile
W0011846,U00537,M00286,2025-06-03 15:04:16.445752,164,True,Laptop
W0011847,U00225,M00008,2025-10-14 15:04:16.445754,76,False,Laptop
W0011848,U00505,M00142,2025-07-31 15:04:16.445756,37,False,Mobile
W0011849,U00906,M00054,2025-09-01 15:04:16.445758,89,False,Mobile
W0011850,U00205,M00136,2025-05-11 15:04:16.445760,28,True,Mobile
W0011851,U00482,M00288,2025-06-14 15:04:16.445763,76,True,Mobile
W0011852,U00108,M00139,2026-01-10 15:04:16.445766,27,False,TV
W0011853,U00539,M00123,2025-12-20 15:04:16.445768,122,True,TV
W0011854,U00169,M00138,2025-06-21 15:04:16.445770,150,False,Tablet
W0011855,U00533,M00010,2026-02-18 15:04:16.445772,168,True,Tablet
W0011856,U00264,M00160,2025-09-12 15:04:16.445775,84,True,Laptop
W0011857,U00720,M00261,2025-08-05 15:04:16.445776,29,True,TV
W0011858,U00477,M00128,2025-07-17 15:04:16.445779,129,True,Tablet
W0011859,U00865,M00131,2025-11-20 15:04:16.445781,113,True,Tablet
W0011860,U00478,M00227,2026-01-27 15:04:16.445783,41,True,TV
W0011861,U00555,M00025,2025-07-18 15:04:16.445785,40,False,Laptop
W0011862,U00238,M00021,2026-05-03 15:04:16.445788,21,False,TV
W0011863,U00457,M00178,2026-02-03 15:04:16.445790,141,False,Tablet
W0011864,U00225,M00034,2025-09-21 15:04:16.445792,68,False,Mobile
W0011865,U00003,M00052,2025-09-09 15:04:16.445794,160,False,Mobile
W0011866,U00198,M00282,2025-07-15 15:04:16.445796,158,False,Tablet
W0011867,U00535,M00191,2025-06-26 15:04:16.445798,134,True,Mobile
W0011868,U00639,M00195,2025-07-16 15:04:16.445800,108,False,Laptop
W0011869,U00362,M00187,2025-08-07 15:04:16.445802,35,True,Mobile
W0011870,U00684,M00003,2025-08-16 15:04:16.445804,11,False,TV
W0011871,U00343,M00146,2025-12-18 15:04:16.445806,82,True,Tablet
W0011872,U00822,M00019,2025-10-14 15:04:16.445808,76,True,TV
W0011873,U00569,M00186,2025-11-27 15:04:16.445810,23,False,TV
W0011874,U00612,M00295,2026-01-27 15:04:16.445811,174,True,Mobile
W0011875,U00692,M00006,2025-05-15 15:04:16.445814,59,False,Tablet
W0011876,U00394,M00260,2025-06-07 15:04:16.445818,5,False,TV
W0011877,U00058,M00065,2025-07-25 15:04:16.445820,136,False,Mobile
W0011878,U00142,M00027,2025-11-10 15:04:16.445822,135,False,Mobile
W0011879,U00286,M00250,2025-10-04 15:04:16.445824,14,False,Mobile
W0011880,U00166,M00295,2025-05-18 15:04:16.445826,47,True,TV
W0011881,U00191,M00198,2025-07-04 15:04:16.445829,170,False,Laptop
W0011882,U00216,M00103,2026-04-12 15:04:16.445831,35,True,Mobile
W0011883,U00453,M00086,2026-02-06 15:04:16.445834,146,True,Laptop
W0011884,U00904,M00192,2025-09-02 15:04:16.445836,30,True,Laptop
W0011885,U00904,M00270,2025-11-06 15:04:16.445838,137,False,Tablet
W0011886,U00283,M00118,2025-06-02 15:04:16.445840,57,True,TV
W0011887,U00900,M00176,2025-12-21 15:04:16.445842,154,False,Laptop
W0011888,U00184,M00013,2025-06-26 15:04:16.445843,71,False,Laptop
W0011889,U00605,M00126,2025-11-25 15:04:16.445845,43,True,TV
W0011890,U00028,M00056,2025-06-14 15:04:16.445848,134,True,Mobile
W0011891,U00840,M00149,2025-10-05 15:04:16.445850,108,False,Mobile
W0011892,U00076,M00117,2026-04-22 15:04:16.445852,140,True,TV
W0011893,U00247,M00010,2025-10-10 15:04:16.445854,116,True,TV
W0011894,U00635,M00089,2025-11-11 15:04:16.445856,84,True,Mobile
W0011895,U00332,M00071,2026-02-21 15:04:16.445858,150,False,Tablet
W0011896,U00138,M00280,2025-12-25 15:04:16.445860,118,False,TV
W0011897,U00291,M00018,2025-07-22 15:04:16.445862,53,False,Tablet
W0011898,U00690,M00133,2026-03-03 15:04:16.445864,51,True,Mobile
W0011899,U00303,M00199,2026-01-29 15:04:16.445866,20,False,Tablet
W0011900,U00056,M00248,2026-04-18 15:04:16.445868,74,True,Mobile
W0011901,U00430,M00286,2025-12-15 15:04:16.445871,34,True,TV
W0011902,U00391,M00270,2026-04-15 15:04:16.445873,50,True,Mobile
W0011903,U00256,M00063,2026-02-20 15:04:16.445875,143,True,Laptop
W0011904,U00319,M00046,2026-01-04 15:04:16.445877,89,True,Laptop
W0011905,U00595,M00224,2025-06-29 15:04:16.445879,55,True,Mobile
W0011906,U00088,M00299,2026-05-09 15:04:16.445881,178,True,Laptop
W0011907,U00260,M00281,2026-03-27 15:04:16.445883,153,True,TV
W0011908,U00112,M00095,2025-07-20 15:04:16.445887,96,True,Tablet
W0011909,U00087,M00077,2026-03-29 15:04:16.445889,59,False,Tablet
W0011910,U00849,M00171,2025-12-21 15:04:16.445891,173,True,Laptop
W0011911,U00819,M00239,2025-06-01 15:04:16.445893,123,False,Mobile
W0011912,U00121,M00024,2025-09-02 15:04:16.445895,117,True,Laptop
W0011913,U00556,M00100,2025-11-18 15:04:16.445897,153,True,Tablet
W0011914,U00737,M00026,2025-12-20 15:04:16.445899,170,True,Laptop
W0011915,U00536,M00016,2025-11-29 15:04:16.445900,75,False,TV
W0011916,U00057,M00222,2026-03-17 15:04:16.445902,161,True,TV
W0011917,U00121,M00217,2026-01-29 15:04:16.445904,113,True,Tablet
W0011918,U00127,M00154,2026-01-30 15:04:16.445906,137,True,Tablet
W0011919,U00577,M00018,2025-09-13 15:04:16.445908,76,True,Mobile
W0011920,U00526,M00115,2025-12-24 15:04:16.445911,89,False,TV
W0011921,U00441,M00166,2026-02-07 15:04:16.445913,15,False,Tablet
W0011922,U00241,M00079,2025-12-12 15:04:16.445915,149,True,Mobile
W0011923,U00813,M00186,2025-07-20 15:04:16.445917,130,False,Mobile
W0011924,U00611,M00003,2026-02-20 15:04:16.445919,160,False,Laptop
W0011925,U00822,M00074,2025-06-30 15:04:16.445921,136,False,Laptop
W0011926,U00023,M00044,2026-02-26 15:04:16.445923,19,False,Laptop
W0011927,U00789,M00241,2026-04-24 15:04:16.445925,174,True,Laptop
W0011928,U00464,M00258,2025-10-12 15:04:16.445927,70,True,Laptop
W0011929,U00946,M00249,2025-12-19 15:04:16.445929,106,True,Mobile
W0011930,U00171,M00159,2025-08-27 15:04:16.445931,122,True,Laptop
W0011931,U00683,M00178,2026-01-21 15:04:16.445933,54,True,TV
W0011932,U00770,M00161,2025-12-13 15:04:16.445935,126,True,Tablet
W0011933,U00944,M00119,2025-05-19 15:04:16.445937,60,True,TV
W0011934,U00870,M00086,2025-12-17 15:04:16.445939,26,False,Mobile
W0011935,U00664,M00036,2025-11-03 15:04:16.445941,16,False,Mobile
W0011936,U00890,M00045,2025-10-05 15:04:16.445943,107,True,Mobile
W0011937,U00979,M00228,2026-03-31 15:04:16.445946,10,False,Tablet
W0011938,U00348,M00028,2025-06-30 15:04:16.445948,45,True,Laptop
W0011939,U00880,M00038,2025-10-17 15:04:16.445952,175,False,Tablet
W0011940,U00419,M00241,2025-05-30 15:04:16.445955,153,False,TV
W0011941,U00815,M00018,2026-04-27 15:04:16.445957,42,False,Tablet
W0011942,U00812,M00195,2025-11-18 15:04:16.445959,66,True,Tablet
W0011943,U00623,M00229,2025-09-11 15:04:16.445961,52,False,TV
W0011944,U00663,M00284,2026-01-12 15:04:16.445963,173,True,Mobile
W0011945,U00281,M00019,2026-03-15 15:04:16.445965,50,False,Tablet
W0011946,U00355,M00012,2025-10-05 15:04:16.445967,76,True,Mobile
W0011947,U00697,M00026,2025-12-09 15:04:16.445969,53,True,Mobile
W0011948,U00663,M00203,2025-08-11 15:04:16.445971,68,False,Tablet
W0011949,U00966,M00005,2025-06-23 15:04:16.445973,38,True,Mobile
W0011950,U00864,M00207,2025-06-20 15:04:16.445974,110,True,TV
W0011951,U00928,M00046,2025-10-29 15:04:16.445976,111,False,Tablet
W0011952,U00880,M00242,2026-04-30 15:04:16.445978,15,False,Laptop
W0011953,U00373,M00013,2025-10-19 15:04:16.445980,46,False,Mobile
W0011954,U00047,M00137,2025-06-23 15:04:16.445982,151,True,Mobile
W0011955,U00146,M00079,2025-06-25 15:04:16.445984,175,False,Mobile
W0011956,U00642,M00133,2025-05-22 15:04:16.445986,73,False,Mobile
W0011957,U00155,M00221,2026-01-15 15:04:16.445988,74,True,Tablet
W0011958,U00538,M00283,2025-10-04 15:04:16.445990,20,True,TV
W0011959,U00817,M00164,2025-11-11 15:04:16.445993,79,True,Tablet
W0011960,U00784,M00273,2025-11-09 15:04:16.445995,115,True,Tablet
W0011961,U00905,M00110,2026-03-17 15:04:16.445998,122,False,TV
W0011962,U00776,M00238,2025-06-22 15:04:16.445999,179,False,TV
W0011963,U00164,M00015,2025-08-20 15:04:16.446002,98,False,Laptop
W0011964,U00074,M00171,2025-05-23 15:04:16.446003,86,False,TV
W0011965,U00273,M00045,2025-09-15 15:04:16.446006,127,False,TV
W0011966,U00685,M00226,2025-05-24 15:04:16.446008,94,True,Laptop
W0011967,U00044,M00193,2026-05-01 15:04:16.446010,122,False,Tablet
W0011968,U00910,M00227,2026-03-23 15:04:16.446012,44,False,Mobile
W0011969,U00931,M00210,2026-01-27 15:04:16.446014,21,True,TV
W0011970,U00879,M00117,2025-06-29 15:04:16.446016,63,True,Tablet
W0011971,U00031,M00107,2026-04-08 15:04:16.446019,23,False,Laptop
W0011972,U00372,M00048,2025-11-14 15:04:16.446021,98,False,TV
W0011973,U00900,M00031,2026-02-03 15:04:16.446023,126,False,Mobile
W0011974,U00423,M00144,2025-09-22 15:04:16.446025,66,True,TV
W0011975,U00708,M00049,2025-11-03 15:04:16.446027,140,False,TV
W0011976,U00309,M00178,2025-12-15 15:04:16.446029,84,True,Mobile
W0011977,U00095,M00078,2025-12-20 15:04:16.446031,23,False,TV
W0011978,U00054,M00023,2025-11-12 15:04:16.446035,113,True,Mobile
W0011979,U00222,M00036,2026-03-04 15:04:16.446038,134,True,Laptop
W0011980,U00352,M00275,2026-04-23 15:04:16.446040,101,False,Tablet
W0011981,U00649,M00280,2026-03-02 15:04:16.446043,142,False,TV
W0011982,U00565,M00245,2026-01-01 15:04:16.446045,140,False,Tablet
W0011983,U00176,M00205,2025-11-21 15:04:16.446047,5,False,Laptop
W0011984,U00265,M00285,2025-09-25 15:04:16.446048,132,False,TV
W0011985,U00969,M00243,2025-11-01 15:04:16.446050,148,False,Tablet
W0011986,U00340,M00162,2025-06-08 15:04:16.446052,150,False,Tablet
W0011987,U00162,M00027,2025-08-25 15:04:16.446054,124,False,Mobile
W0011988,U00694,M00154,2026-05-09 15:04:16.446056,67,True,Laptop
W0011989,U00918,M00257,2026-02-13 15:04:16.446058,157,True,Mobile
W0011990,U00695,M00210,2025-09-23 15:04:16.446060,133,True,Mobile
W0011991,U00390,M00160,2025-07-31 15:04:16.446062,118,False,Laptop
W0011992,U00275,M00277,2026-03-28 15:04:16.446064,128,True,TV
W0011993,U00122,M00234,2026-01-25 15:04:16.446066,51,True,Tablet
W0011994,U00939,M00300,2025-08-30 15:04:16.446068,157,True,Laptop
W0011995,U00067,M00249,2025-08-10 15:04:16.446070,84,False,Laptop
W0011996,U00346,M00222,2025-12-29 15:04:16.446072,12,True,Mobile
W0011997,U00181,M00216,2025-05-18 15:04:16.446074,168,True,Tablet
W0011998,U00784,M00285,2026-04-09 15:04:16.446077,131,True,Tablet
W0011999,U00329,M00194,2026-03-29 15:04:16.446080,53,True,TV
W0012000,U00059,M00048,2025-09-03 15:04:16.446082,82,False,Tablet
W0012001,U00578,M00031,2026-02-02 15:04:16.446084,63,True,Tablet
W0012002,U00607,M00089,2025-08-03 15:04:16.446086,156,True,Mobile
W0012003,U00647,M00050,2026-02-27 15:04:16.446115,145,True,TV
W0012004,U00626,M00117,2025-07-01 15:04:16.446120,50,True,TV
W0012005,U00731,M00005,2025-05-23 15:04:16.446122,137,False,Mobile
W0012006,U00855,M00062,2025-06-07 15:04:16.446125,105,False,Tablet
W0012007,U00117,M00009,2025-12-19 15:04:16.446127,179,True,Laptop
W0012008,U00218,M00118,2026-01-20 15:04:16.446129,95,False,Tablet
W0012009,U00180,M00231,2026-05-04 15:04:16.446131,170,False,Laptop
W0012010,U00946,M00091,2026-04-17 15:04:16.446133,76,True,Mobile
W0012011,U00409,M00203,2026-05-04 15:04:16.446135,171,True,Tablet
W0012012,U00978,M00033,2026-01-13 15:04:16.446138,135,True,Tablet
W0012013,U00287,M00090,2026-04-24 15:04:16.446140,41,False,Tablet
W0012014,U00212,M00110,2025-07-21 15:04:16.446142,158,True,Mobile
W0012015,U00540,M00227,2025-10-31 15:04:16.446144,33,False,Laptop
W0012016,U00007,M00201,2025-11-27 15:04:16.446146,95,False,Mobile
W0012017,U00028,M00254,2025-11-15 15:04:16.446148,126,True,Mobile
W0012018,U00680,M00072,2025-09-04 15:04:16.446151,174,False,Laptop
W0012019,U00892,M00220,2025-06-28 15:04:16.446154,42,True,Tablet
W0012020,U00729,M00044,2026-01-29 15:04:16.446156,20,False,Laptop
W0012021,U00851,M00288,2025-09-05 15:04:16.446158,6,False,Tablet
W0012022,U00498,M00088,2026-04-23 15:04:16.446162,98,False,Tablet
W0012023,U00775,M00213,2025-06-01 15:04:16.446164,69,True,Laptop
W0012024,U00675,M00125,2026-02-10 15:04:16.446166,19,True,Tablet
W0012025,U00517,M00140,2025-06-13 15:04:16.446168,49,False,Tablet
W0012026,U00374,M00268,2025-12-24 15:04:16.446170,148,False,Laptop
W0012027,U00753,M00063,2026-02-04 15:04:16.446172,143,False,Mobile
W0012028,U00926,M00286,2025-10-31 15:04:16.446174,138,True,Mobile
W0012029,U00015,M00221,2025-05-28 15:04:16.446176,48,False,Laptop
W0012030,U00895,M00066,2025-08-08 15:04:16.446178,149,False,Laptop
W0012031,U00819,M00232,2026-01-07 15:04:16.446180,90,True,Tablet
W0012032,U00056,M00289,2026-03-17 15:04:16.446182,114,True,TV
W0012033,U00437,M00121,2026-03-08 15:04:16.446184,103,False,Mobile
W0012034,U00990,M00224,2025-09-09 15:04:16.446186,35,False,Mobile
W0012035,U00416,M00001,2025-11-21 15:04:16.446190,74,False,Mobile
W0012036,U00807,M00110,2025-11-17 15:04:16.446192,45,False,Mobile
W0012037,U00851,M00046,2025-08-03 15:04:16.446195,19,True,Laptop
W0012038,U00492,M00187,2025-05-20 15:04:16.446197,7,True,TV
W0012039,U00203,M00016,2026-03-09 15:04:16.446199,61,False,TV
W0012040,U00288,M00151,2026-04-04 15:04:16.446201,126,False,Mobile
W0012041,U00707,M00274,2025-11-08 15:04:16.446204,96,False,Tablet
W0012042,U00767,M00044,2026-01-08 15:04:16.446206,51,True,Tablet
W0012043,U00065,M00045,2025-12-30 15:04:16.446207,150,False,Mobile
W0012044,U00369,M00003,2025-11-25 15:04:16.446210,77,False,Laptop
W0012045,U00929,M00056,2025-06-02 15:04:16.446211,157,False,Tablet
W0012046,U00249,M00063,2025-10-25 15:04:16.446214,13,False,Laptop
W0012047,U00382,M00013,2025-09-04 15:04:16.446216,74,False,Mobile
W0012048,U00610,M00056,2025-09-29 15:04:16.446218,94,True,Tablet
W0012049,U00624,M00269,2025-10-28 15:04:16.446220,85,True,Tablet
W0012050,U00541,M00136,2025-09-02 15:04:16.446222,62,True,TV
W0012051,U00392,M00283,2026-04-28 15:04:16.446224,148,False,Tablet
W0012052,U00303,M00144,2025-10-27 15:04:16.446226,180,True,Laptop
W0012053,U00876,M00190,2025-05-23 15:04:16.446228,150,True,Tablet
W0012054,U00538,M00094,2025-12-14 15:04:16.446230,13,False,TV
W0012055,U00455,M00019,2026-03-07 15:04:16.446232,131,False,TV
W0012056,U00922,M00251,2025-05-19 15:04:16.446234,116,True,Tablet
W0012057,U00593,M00122,2025-10-14 15:04:16.446237,49,False,Mobile
W0012058,U00125,M00025,2025-05-26 15:04:16.446240,100,True,TV
W0012059,U00505,M00035,2026-04-16 15:04:16.446242,90,True,Laptop
W0012060,U00132,M00182,2025-10-17 15:04:16.446244,149,True,Laptop
W0012061,U00719,M00081,2025-08-04 15:04:16.446246,105,False,Mobile
W0012062,U00738,M00252,2026-01-16 15:04:16.446248,59,False,TV
W0012063,U00043,M00259,2026-01-10 15:04:16.446250,32,False,Laptop
W0012064,U00279,M00196,2026-02-04 15:04:16.446252,33,False,Tablet
W0012065,U00592,M00005,2026-03-31 15:04:16.446254,36,True,Laptop
W0012066,U00611,M00038,2026-01-01 15:04:16.446255,145,False,Laptop
W0012067,U00816,M00168,2025-09-11 15:04:16.446259,52,False,Tablet
W0012068,U00271,M00133,2026-02-04 15:04:16.446261,159,True,TV
W0012069,U00817,M00197,2026-04-12 15:04:16.446263,168,True,Tablet
W0012070,U00876,M00246,2025-08-21 15:04:16.446265,97,False,Laptop
W0012071,U00579,M00167,2025-11-11 15:04:16.446267,59,True,Tablet
W0012072,U00198,M00151,2025-06-10 15:04:16.446269,141,True,Tablet
W0012073,U00513,M00040,2025-08-23 15:04:16.446271,79,False,Mobile
W0012074,U00223,M00142,2025-07-12 15:04:16.446273,74,True,TV
W0012075,U00149,M00104,2025-08-18 15:04:16.446275,122,True,Laptop
W0012076,U00935,M00048,2025-08-01 15:04:16.446279,114,False,Mobile
W0012077,U00411,M00220,2025-12-06 15:04:16.446282,157,False,Laptop
W0012078,U00984,M00249,2025-09-08 15:04:16.446284,173,True,Tablet
W0012079,U00435,M00030,2025-09-07 15:04:16.446286,86,False,Laptop
W0012080,U00291,M00002,2025-05-31 15:04:16.446288,88,True,Laptop
W0012081,U00755,M00140,2026-02-01 15:04:16.446290,50,True,Tablet
W0012082,U00757,M00137,2025-07-19 15:04:16.446292,8,False,TV
W0012083,U00205,M00230,2026-01-24 15:04:16.446294,55,False,Tablet
W0012084,U00702,M00182,2025-09-15 15:04:16.446296,144,True,Mobile
W0012085,U00851,M00221,2025-08-23 15:04:16.446298,91,True,Mobile
W0012086,U00827,M00191,2026-04-10 15:04:16.446300,30,True,Laptop
W0012087,U00229,M00076,2025-07-07 15:04:16.446302,142,True,TV
W0012088,U00286,M00076,2025-12-30 15:04:16.446304,52,False,TV
W0012089,U00451,M00244,2025-09-15 15:04:16.446306,91,True,Laptop
W0012090,U00458,M00241,2026-01-22 15:04:16.446308,74,False,Tablet
W0012091,U00752,M00120,2025-09-11 15:04:16.446310,139,False,Tablet
W0012092,U00507,M00227,2025-05-28 15:04:16.446311,41,False,TV
W0012093,U00525,M00046,2025-11-24 15:04:16.446313,132,True,Tablet
W0012094,U00561,M00047,2025-05-09 15:04:16.446315,32,True,Laptop
W0012095,U00941,M00046,2025-07-20 15:04:16.446317,70,False,Mobile
W0012096,U00660,M00080,2025-11-05 15:04:16.446320,7,True,TV
W0012097,U00271,M00042,2025-06-25 15:04:16.446323,175,True,Mobile
W0012098,U00178,M00159,2025-09-09 15:04:16.446325,35,False,TV
W0012099,U00140,M00024,2025-06-25 15:04:16.446328,152,False,Mobile
W0012100,U00277,M00259,2026-04-19 15:04:16.446330,178,True,Laptop
W0012101,U00264,M00063,2026-02-12 15:04:16.446332,164,False,Laptop
W0012102,U00354,M00236,2025-10-08 15:04:16.446334,88,True,Laptop
W0012103,U00493,M00093,2026-01-22 15:04:16.446336,169,True,TV
W0012104,U00759,M00224,2025-07-01 15:04:16.446338,26,False,TV
W0012105,U00380,M00137,2025-08-01 15:04:16.446340,147,False,Mobile
W0012106,U00649,M00087,2025-10-10 15:04:16.446342,41,False,Tablet
W0012107,U00487,M00065,2026-05-02 15:04:16.446344,34,True,Laptop
W0012108,U00766,M00209,2025-09-30 15:04:16.446347,25,True,Tablet
W0012109,U00235,M00188,2025-08-16 15:04:16.446349,166,True,TV
W0012110,U00340,M00260,2026-02-07 15:04:16.446351,55,False,Tablet
W0012111,U00389,M00074,2025-06-30 15:04:16.446354,14,True,Tablet
W0012112,U00439,M00095,2025-09-14 15:04:16.446356,73,False,TV
W0012113,U00621,M00031,2026-04-25 15:04:16.446358,51,True,Mobile
W0012114,U00819,M00197,2026-03-24 15:04:16.446360,42,True,Tablet
W0012115,U00324,M00101,2025-06-10 15:04:16.446363,148,True,Tablet
W0012116,U00095,M00076,2025-11-03 15:04:16.446366,139,False,TV
W0012117,U00577,M00168,2025-07-22 15:04:16.446368,6,True,Mobile
W0012118,U00068,M00124,2025-07-30 15:04:16.446370,169,False,Tablet
W0012119,U00114,M00107,2025-06-16 15:04:16.446372,172,True,Tablet
W0012120,U00639,M00207,2026-05-01 15:04:16.446374,105,True,Laptop
W0012121,U00078,M00065,2025-08-03 15:04:16.446376,85,False,TV
W0012122,U00877,M00075,2025-09-23 15:04:16.446378,144,False,TV
W0012123,U00615,M00198,2025-05-22 15:04:16.446380,126,False,Mobile
W0012124,U00632,M00071,2025-12-13 15:04:16.446382,97,True,TV
W0012125,U00398,M00086,2025-06-11 15:04:16.446384,105,True,Tablet
W0012126,U00363,M00044,2025-11-29 15:04:16.446386,14,True,TV
W0012127,U00039,M00072,2025-06-23 15:04:16.446388,10,True,Mobile
W0012128,U00968,M00233,2026-03-29 15:04:16.446390,142,False,Tablet
W0012129,U00432,M00130,2026-02-23 15:04:16.446392,141,False,Tablet
W0012130,U00192,M00077,2026-01-28 15:04:16.446394,41,True,Laptop
W0012131,U00982,M00288,2026-04-06 15:04:16.446397,44,True,Laptop
W0012132,U00730,M00093,2025-10-04 15:04:16.446400,162,True,TV
W0012133,U00389,M00216,2025-08-06 15:04:16.446402,161,False,Laptop
W0012134,U00671,M00175,2026-02-09 15:04:16.446404,142,False,TV
W0012135,U00427,M00114,2026-01-29 15:04:16.446406,149,True,Laptop
W0012136,U00248,M00070,2025-07-14 15:04:16.446409,69,True,Mobile
W0012137,U00917,M00088,2025-07-22 15:04:16.446411,137,True,TV
W0012138,U00420,M00081,2026-01-21 15:04:16.446413,12,False,Laptop
W0012139,U00546,M00033,2025-06-04 15:04:16.446415,110,False,Tablet
W0012140,U00169,M00045,2025-07-27 15:04:16.446417,66,True,Laptop
W0012141,U00201,M00252,2026-02-08 15:04:16.446419,42,False,Tablet
W0012142,U00692,M00168,2025-10-06 15:04:16.446421,111,False,TV
W0012143,U00168,M00062,2025-10-15 15:04:16.446423,88,True,TV
W0012144,U00659,M00140,2025-10-31 15:04:16.446425,92,True,Mobile
W0012145,U00887,M00286,2025-06-23 15:04:16.446427,113,False,Laptop
W0012146,U00582,M00187,2025-09-10 15:04:16.446429,59,False,TV
W0012147,U00893,M00014,2025-12-10 15:04:16.446431,52,False,Tablet
W0012148,U00180,M00114,2026-03-17 15:04:16.446433,75,False,Tablet
W0012149,U00659,M00094,2025-11-19 15:04:16.446435,123,False,Mobile
W0012150,U00058,M00083,2026-04-01 15:04:16.446436,56,True,Mobile
W0012151,U00037,M00245,2026-01-18 15:04:16.446438,23,False,Tablet
W0012152,U00654,M00227,2025-06-01 15:04:16.446440,35,True,Mobile
W0012153,U00077,M00108,2025-08-31 15:04:16.446442,159,False,Mobile
W0012154,U00442,M00034,2025-11-26 15:04:16.446446,119,False,TV
W0012155,U00275,M00089,2026-03-09 15:04:16.446448,51,False,Mobile
W0012156,U00425,M00117,2025-08-12 15:04:16.446450,11,False,TV
W0012157,U00446,M00018,2025-07-14 15:04:16.446452,89,False,TV
W0012158,U00962,M00138,2025-11-17 15:04:16.446454,38,False,Mobile
W0012159,U00434,M00153,2025-07-19 15:04:16.446456,96,False,TV
W0012160,U00357,M00228,2025-10-05 15:04:16.446458,159,False,Mobile
W0012161,U00925,M00073,2026-04-28 15:04:16.446460,143,False,Laptop
W0012162,U00348,M00171,2025-09-08 15:04:16.446462,47,True,TV
W0012163,U00903,M00248,2026-01-12 15:04:16.446481,102,True,Tablet
W0012164,U00714,M00133,2026-01-09 15:04:16.446483,88,True,Laptop
W0012165,U00188,M00160,2026-04-20 15:04:16.446485,92,False,Laptop
W0012166,U00507,M00049,2025-10-11 15:04:16.446487,15,True,TV
W0012167,U00588,M00071,2025-05-29 15:04:16.446489,108,True,Tablet
W0012168,U00727,M00231,2025-07-05 15:04:16.446492,123,False,TV
W0012169,U00256,M00091,2025-07-18 15:04:16.446494,8,True,Laptop
W0012170,U00387,M00043,2026-02-10 15:04:16.446496,68,True,Mobile
W0012171,U00612,M00186,2025-05-10 15:04:16.446498,115,False,Laptop
W0012172,U00820,M00263,2025-11-21 15:04:16.446500,40,True,Laptop
W0012173,U00201,M00083,2025-05-11 15:04:16.446502,38,True,Tablet
W0012174,U00841,M00287,2025-08-23 15:04:16.446530,51,False,Mobile
W0012175,U00998,M00118,2026-04-26 15:04:16.446537,17,True,Mobile
W0012176,U00856,M00072,2025-09-08 15:04:16.446541,135,True,Tablet
W0012177,U00945,M00102,2025-12-15 15:04:16.446543,8,False,Laptop
W0012178,U00395,M00205,2025-09-13 15:04:16.446546,109,True,Laptop
W0012179,U00873,M00300,2026-02-24 15:04:16.446547,157,True,Tablet
W0012180,U00947,M00032,2026-04-28 15:04:16.446550,86,True,Tablet
W0012181,U00955,M00270,2026-03-31 15:04:16.446552,94,True,Tablet
W0012182,U00866,M00001,2025-12-04 15:04:16.446554,173,False,TV
W0012183,U00821,M00187,2025-11-03 15:04:16.446556,7,False,Tablet
W0012184,U00807,M00071,2025-10-03 15:04:16.446558,10,True,TV
W0012185,U00811,M00150,2026-05-07 15:04:16.446560,174,False,Mobile
W0012186,U00239,M00117,2026-02-06 15:04:16.446562,170,True,TV
W0012187,U00510,M00070,2025-11-19 15:04:16.446564,102,False,Laptop
W0012188,U00683,M00224,2025-06-16 15:04:16.446566,150,False,Laptop
W0012189,U00196,M00147,2025-12-12 15:04:16.446568,65,True,TV
W0012190,U00321,M00123,2026-01-18 15:04:16.446571,73,True,TV
W0012191,U00853,M00064,2026-04-12 15:04:16.446572,160,False,Tablet
W0012192,U00785,M00283,2025-06-14 15:04:16.446576,161,True,TV
W0012193,U00738,M00063,2025-06-08 15:04:16.446581,38,False,Tablet
W0012194,U00934,M00064,2026-02-05 15:04:16.446584,91,False,Tablet
W0012195,U00205,M00112,2025-12-23 15:04:16.446587,79,False,Mobile
W0012196,U00909,M00068,2026-05-06 15:04:16.446588,88,True,Laptop
W0012197,U00572,M00129,2025-11-27 15:04:16.446590,173,True,TV
W0012198,U00845,M00131,2025-07-06 15:04:16.446592,171,True,Laptop
W0012199,U00103,M00023,2025-10-15 15:04:16.446594,140,False,TV
W0012200,U00933,M00183,2025-07-20 15:04:16.446596,28,True,Laptop
W0012201,U00150,M00001,2025-06-03 15:04:16.446598,101,False,TV
W0012202,U00263,M00280,2025-11-07 15:04:16.446600,18,False,TV
W0012203,U00732,M00104,2026-04-01 15:04:16.446602,102,False,Laptop
W0012204,U00880,M00128,2025-08-02 15:04:16.446604,163,False,Mobile
W0012205,U00075,M00010,2025-08-13 15:04:16.446607,161,False,Tablet
W0012206,U00645,M00014,2026-04-25 15:04:16.446609,109,False,Mobile
W0012207,U00383,M00116,2025-09-26 15:04:16.446611,171,True,Tablet
W0012208,U00649,M00105,2025-09-10 15:04:16.446613,60,False,TV
W0012209,U00490,M00300,2026-01-09 15:04:16.446615,130,False,Laptop
W0012210,U00192,M00114,2025-10-16 15:04:16.446617,11,True,TV
W0012211,U00678,M00200,2025-12-09 15:04:16.446619,77,True,Mobile
W0012212,U00179,M00270,2025-08-02 15:04:16.446621,104,False,Laptop
W0012213,U00782,M00169,2025-05-12 15:04:16.446624,74,True,Laptop
W0012214,U00311,M00286,2026-03-09 15:04:16.446626,28,True,TV
W0012215,U00014,M00248,2026-03-25 15:04:16.446628,154,True,Laptop
W0012216,U00078,M00170,2025-07-21 15:04:16.446630,87,True,TV
W0012217,U00763,M00251,2025-09-27 15:04:16.446632,138,False,Tablet
W0012218,U00041,M00085,2026-03-11 15:04:16.446635,155,True,Tablet
W0012219,U00158,M00095,2025-12-04 15:04:16.446637,127,True,TV
W0012220,U00945,M00035,2026-03-01 15:04:16.446639,152,True,Mobile
W0012221,U00339,M00039,2026-04-30 15:04:16.446640,160,True,TV
W0012222,U00807,M00263,2025-12-12 15:04:16.446642,84,True,TV
W0012223,U00911,M00290,2026-02-05 15:04:16.446644,105,False,Mobile
W0012224,U00565,M00225,2025-05-25 15:04:16.446646,68,False,TV
W0012225,U00469,M00199,2025-06-02 15:04:16.446648,168,False,Tablet
W0012226,U00202,M00114,2026-02-20 15:04:16.446652,23,False,Mobile
W0012227,U00226,M00002,2025-09-14 15:04:16.446654,130,False,Mobile
W0012228,U00407,M00167,2025-07-23 15:04:16.446656,59,False,Mobile
W0012229,U00822,M00088,2025-07-16 15:04:16.446658,146,True,Mobile
W0012230,U00453,M00141,2025-05-19 15:04:16.446660,174,True,TV
W0012231,U00154,M00224,2025-09-23 15:04:16.446662,123,False,Tablet
W0012232,U00794,M00110,2025-07-03 15:04:16.446665,114,False,Mobile
W0012233,U00581,M00094,2025-12-11 15:04:16.446667,11,False,TV
W0012234,U00726,M00085,2025-08-01 15:04:16.446669,68,True,Tablet
W0012235,U00500,M00204,2025-07-24 15:04:16.446671,164,False,TV
W0012236,U00593,M00185,2026-01-05 15:04:16.446673,121,False,TV
W0012237,U00485,M00166,2025-09-11 15:04:16.446675,48,False,Mobile
W0012238,U00456,M00159,2026-01-26 15:04:16.446677,7,False,TV
W0012239,U00631,M00025,2025-10-02 15:04:16.446679,136,False,Laptop
W0012240,U00902,M00283,2025-08-15 15:04:16.446681,148,False,Mobile
W0012241,U00910,M00132,2025-08-13 15:04:16.446683,165,True,TV
W0012242,U00525,M00264,2025-09-14 15:04:16.446685,32,False,Mobile
W0012243,U00967,M00037,2025-09-06 15:04:16.446687,78,True,TV
W0012244,U00319,M00297,2025-09-15 15:04:16.446689,174,True,Mobile
W0012245,U00107,M00052,2025-09-17 15:04:16.446691,32,False,Tablet
W0012246,U00321,M00184,2026-03-19 15:04:16.446692,108,False,TV
W0012247,U00971,M00215,2025-08-15 15:04:16.446694,110,False,Tablet
W0012248,U00121,M00007,2026-05-04 15:04:16.446696,144,False,Mobile
W0012249,U00751,M00259,2025-08-01 15:04:16.446698,12,False,Tablet
W0012250,U00313,M00126,2026-03-10 15:04:16.446700,126,True,Tablet
W0012251,U00329,M00218,2025-06-17 15:04:16.446702,129,True,Tablet
W0012252,U00262,M00185,2025-11-14 15:04:16.446705,119,True,TV
W0012253,U00620,M00063,2026-01-28 15:04:16.446707,5,True,Laptop
W0012254,U00749,M00092,2025-08-10 15:04:16.446710,115,True,Laptop
W0012255,U00157,M00264,2026-04-18 15:04:16.446712,166,True,TV
W0012256,U00925,M00272,2025-09-17 15:04:16.446714,116,True,Laptop
W0012257,U00766,M00133,2025-09-20 15:04:16.446716,37,False,Laptop
W0012258,U00947,M00057,2025-07-24 15:04:16.446719,49,True,Tablet
W0012259,U00128,M00205,2025-11-03 15:04:16.446721,43,False,Mobile
W0012260,U00623,M00080,2025-11-13 15:04:16.446722,41,True,Laptop
W0012261,U00383,M00161,2025-07-29 15:04:16.446724,42,True,Mobile
W0012262,U00470,M00053,2025-05-11 15:04:16.446727,139,True,Tablet
W0012263,U00612,M00044,2025-05-10 15:04:16.446729,148,True,Laptop
W0012264,U00259,M00172,2025-07-11 15:04:16.446731,115,True,TV
W0012265,U00252,M00140,2025-11-29 15:04:16.446733,172,True,TV
W0012266,U00569,M00277,2025-09-12 15:04:16.446735,46,False,Tablet
W0012267,U00543,M00293,2025-06-18 15:04:16.446737,70,False,TV
W0012268,U00336,M00047,2025-12-30 15:04:16.446738,91,True,Laptop
W0012269,U00577,M00017,2025-10-21 15:04:16.446740,126,True,Tablet
W0012270,U00721,M00219,2025-09-11 15:04:16.446742,138,False,Mobile
W0012271,U00687,M00183,2026-03-30 15:04:16.446745,139,True,Mobile
W0012272,U00779,M00169,2025-06-12 15:04:16.446747,109,True,TV
W0012273,U00689,M00119,2025-12-29 15:04:16.446749,44,False,TV
W0012274,U00079,M00163,2025-07-06 15:04:16.446751,79,False,TV
W0012275,U00090,M00109,2025-06-25 15:04:16.446753,70,True,Tablet
W0012276,U00664,M00167,2025-10-04 15:04:16.446755,164,False,Tablet
W0012277,U00273,M00267,2025-08-20 15:04:16.446759,176,False,Mobile
W0012278,U00670,M00165,2025-05-22 15:04:16.446761,9,True,Tablet
W0012279,U00468,M00034,2025-10-09 15:04:16.446763,137,False,Tablet
W0012280,U00011,M00162,2025-07-12 15:04:16.446765,13,False,TV
W0012281,U00394,M00059,2025-09-20 15:04:16.446767,157,True,Laptop
W0012282,U00363,M00223,2026-01-18 15:04:16.446769,53,False,Laptop
W0012283,U00998,M00180,2026-02-19 15:04:16.446771,63,True,Tablet
W0012284,U00976,M00028,2025-12-14 15:04:16.446773,131,True,TV
W0012285,U00675,M00055,2025-12-13 15:04:16.446775,18,False,Mobile
W0012286,U00487,M00241,2025-05-21 15:04:16.446777,132,False,Mobile
W0012287,U00555,M00138,2025-06-22 15:04:16.446780,107,False,Tablet
W0012288,U00317,M00253,2025-12-07 15:04:16.446782,141,False,Laptop
W0012289,U00989,M00080,2025-11-07 15:04:16.446783,150,True,TV
W0012290,U00106,M00020,2026-04-04 15:04:16.446787,77,True,TV
W0012291,U00084,M00297,2025-09-17 15:04:16.446790,47,False,TV
W0012292,U00295,M00116,2026-01-23 15:04:16.446793,107,False,Mobile
W0012293,U00189,M00066,2026-02-25 15:04:16.446795,166,True,TV
W0012294,U00700,M00108,2026-03-15 15:04:16.446797,171,True,Laptop
W0012295,U00666,M00099,2025-12-22 15:04:16.446799,62,True,Laptop
W0012296,U00629,M00125,2026-01-22 15:04:16.446801,143,True,TV
W0012297,U00496,M00012,2026-02-05 15:04:16.446803,6,True,Tablet
W0012298,U00523,M00010,2025-11-29 15:04:16.446805,72,False,TV
W0012299,U00093,M00230,2025-08-21 15:04:16.446806,44,False,Laptop
W0012300,U00183,M00126,2025-09-23 15:04:16.446809,11,True,Tablet
W0012301,U00081,M00234,2026-01-30 15:04:16.446810,71,True,TV
W0012302,U00703,M00137,2025-06-12 15:04:16.446813,39,False,Laptop
W0012303,U00618,M00025,2025-12-09 15:04:16.446815,91,True,Tablet
W0012304,U00461,M00222,2026-03-01 15:04:16.446817,172,True,Tablet
W0012305,U00785,M00187,2026-02-22 15:04:16.446819,164,False,Tablet
W0012306,U00997,M00078,2026-05-01 15:04:16.446821,21,True,Laptop
W0012307,U00438,M00290,2025-08-13 15:04:16.446823,32,True,Mobile
W0012308,U00303,M00045,2025-07-05 15:04:16.446825,85,False,TV
W0012309,U00862,M00251,2026-02-03 15:04:16.446827,33,False,TV
W0012310,U00443,M00131,2026-04-07 15:04:16.446830,52,False,Tablet
W0012311,U00876,M00009,2026-04-18 15:04:16.446832,15,True,TV
W0012312,U00440,M00045,2026-01-29 15:04:16.446834,105,True,Laptop
W0012313,U00548,M00066,2025-05-30 15:04:16.446836,111,False,Mobile
W0012314,U00474,M00056,2025-11-01 15:04:16.446839,143,True,Mobile
W0012315,U00961,M00043,2025-09-19 15:04:16.446841,48,True,Tablet
W0012316,U00189,M00099,2025-06-08 15:04:16.446843,94,False,Mobile
W0012317,U00242,M00099,2025-08-14 15:04:16.446845,175,False,Tablet
W0012318,U00761,M00171,2025-08-08 15:04:16.446847,113,True,Laptop
W0012319,U00757,M00164,2026-02-18 15:04:16.446849,10,False,TV
W0012320,U00678,M00161,2025-07-14 15:04:16.446851,57,True,Tablet
W0012321,U00472,M00271,2025-05-26 15:04:16.446853,78,True,Tablet
W0012322,U00003,M00100,2026-03-22 15:04:16.446856,150,False,TV
W0012323,U00460,M00211,2026-02-16 15:04:16.446858,178,False,TV
W0012324,U00657,M00222,2026-03-12 15:04:16.446860,66,True,Mobile
W0012325,U00710,M00030,2025-10-15 15:04:16.446862,75,True,Tablet
W0012326,U00338,M00037,2025-05-12 15:04:16.446864,33,False,TV
W0012327,U00597,M00117,2026-04-21 15:04:16.446866,178,False,Mobile
W0012328,U00443,M00145,2026-03-28 15:04:16.446868,91,False,Laptop
W0012329,U00458,M00276,2025-09-27 15:04:16.446870,130,False,TV
W0012330,U00621,M00259,2026-01-29 15:04:16.446873,67,True,Laptop
W0012331,U00893,M00168,2025-06-23 15:04:16.446875,162,False,Tablet
W0012332,U00879,M00004,2026-01-17 15:04:16.446877,156,True,Mobile
W0012333,U00426,M00026,2025-11-22 15:04:16.446879,69,False,Laptop
W0012334,U00471,M00242,2026-03-29 15:04:16.446881,38,False,Laptop
W0012335,U00837,M00256,2025-10-11 15:04:16.446883,32,False,Mobile
W0012336,U00075,M00226,2025-10-03 15:04:16.446885,177,False,TV
W0012337,U00012,M00205,2026-01-23 15:04:16.446887,22,False,Tablet
W0012338,U00714,M00116,2026-03-06 15:04:16.446889,5,True,TV
W0012339,U00332,M00077,2025-12-27 15:04:16.446891,68,True,Laptop
W0012340,U00260,M00216,2025-10-05 15:04:16.446893,135,False,Laptop
W0012341,U00122,M00147,2025-06-10 15:04:16.446895,30,True,Mobile
W0012342,U00039,M00163,2026-01-22 15:04:16.446897,20,True,Tablet
W0012343,U00120,M00203,2025-06-12 15:04:16.446899,164,True,Mobile
W0012344,U00253,M00191,2025-12-10 15:04:16.446901,7,False,Laptop
W0012345,U00474,M00216,2025-08-06 15:04:16.446903,134,True,Mobile
W0012346,U00869,M00143,2025-12-26 15:04:16.446905,78,False,Tablet
W0012347,U00201,M00215,2025-08-05 15:04:16.446907,75,False,Tablet
W0012348,U00775,M00080,2025-10-27 15:04:16.446909,84,False,TV
W0012349,U00063,M00120,2026-04-11 15:04:16.446934,56,False,TV
W0012350,U00326,M00294,2025-09-28 15:04:16.446940,159,True,Mobile
W0012351,U00538,M00194,2025-05-17 15:04:16.446943,49,True,Tablet
W0012352,U00702,M00014,2025-05-30 15:04:16.446945,32,False,TV
W0012353,U00309,M00200,2026-03-16 15:04:16.446947,50,False,TV
W0012354,U00011,M00104,2025-12-07 15:04:16.446951,61,True,Tablet
W0012355,U00720,M00079,2026-01-02 15:04:16.446953,144,False,Laptop
W0012356,U00463,M00181,2025-09-08 15:04:16.446956,60,True,TV
W0012357,U00178,M00189,2026-04-13 15:04:16.446958,147,False,Mobile
W0012358,U00502,M00175,2026-02-17 15:04:16.446960,32,True,Mobile
W0012359,U00126,M00242,2025-11-06 15:04:16.446962,31,True,Laptop
W0012360,U00768,M00052,2025-10-25 15:04:16.446964,134,False,Tablet
W0012361,U00359,M00239,2026-03-08 15:04:16.446966,40,False,Mobile
W0012362,U00858,M00029,2026-03-04 15:04:16.446970,71,False,TV
W0012363,U00505,M00241,2025-07-06 15:04:16.446972,141,True,Mobile
W0012364,U00679,M00112,2026-05-08 15:04:16.446974,37,False,Mobile
W0012365,U00840,M00144,2025-05-15 15:04:16.446976,11,True,Mobile
W0012366,U00521,M00140,2025-09-02 15:04:16.446977,34,True,TV
W0012367,U00018,M00055,2025-09-16 15:04:16.446979,170,False,TV
W0012368,U00806,M00224,2025-12-02 15:04:16.446982,13,False,Tablet
W0012369,U00620,M00058,2025-05-18 15:04:16.446998,125,False,TV
W0012370,U00723,M00158,2025-08-31 15:04:16.447003,61,False,Tablet
W0012371,U00436,M00034,2025-08-18 15:04:16.447005,177,False,Tablet
W0012372,U00175,M00157,2025-05-09 15:04:16.447007,91,True,TV
W0012373,U00201,M00266,2025-11-11 15:04:16.447010,12,False,Laptop
W0012374,U00113,M00269,2025-11-23 15:04:16.447012,11,False,Tablet
W0012375,U00032,M00261,2026-01-29 15:04:16.447014,84,True,Tablet
W0012376,U00393,M00113,2025-09-18 15:04:16.447016,87,False,TV
W0012377,U00723,M00271,2025-05-14 15:04:16.447018,167,True,Laptop
W0012378,U00064,M00156,2025-11-06 15:04:16.447020,120,True,TV
W0012379,U00820,M00295,2026-03-15 15:04:16.447022,77,False,Mobile
W0012380,U00001,M00071,2026-01-27 15:04:16.447024,92,False,TV
W0012381,U00106,M00216,2025-12-29 15:04:16.447026,98,True,TV
W0012382,U00001,M00225,2026-04-16 15:04:16.447028,22,True,TV
W0012383,U00304,M00163,2025-07-12 15:04:16.447030,88,True,Laptop
W0012384,U00866,M00005,2025-10-10 15:04:16.447032,169,True,TV
W0012385,U00943,M00277,2025-11-04 15:04:16.447034,79,True,Tablet
W0012386,U00500,M00282,2026-02-09 15:04:16.447037,128,True,Tablet
W0012387,U00557,M00070,2025-12-03 15:04:16.447039,66,True,Tablet
W0012388,U00600,M00221,2025-06-27 15:04:16.447042,122,True,Tablet
W0012389,U00792,M00027,2025-11-08 15:04:16.447045,66,True,Mobile
W0012390,U00725,M00021,2025-12-15 15:04:16.447047,71,True,TV
W0012391,U00936,M00096,2025-06-18 15:04:16.447049,127,True,Laptop
W0012392,U00221,M00032,2025-10-14 15:04:16.447051,145,True,Laptop
W0012393,U00797,M00069,2026-02-16 15:04:16.447053,70,True,Laptop
W0012394,U00346,M00134,2026-02-26 15:04:16.447055,15,False,TV
W0012395,U00545,M00200,2026-04-29 15:04:16.447057,101,True,TV
W0012396,U00546,M00109,2026-01-29 15:04:16.447059,64,True,Mobile
W0012397,U00089,M00071,2025-12-06 15:04:16.447061,166,False,Laptop
W0012398,U00114,M00208,2025-07-18 15:04:16.447063,153,False,Mobile
W0012399,U00270,M00028,2025-07-18 15:04:16.447065,80,True,Laptop
W0012400,U00955,M00221,2025-10-23 15:04:16.447067,76,True,Laptop
W0012401,U00632,M00031,2026-03-06 15:04:16.447069,68,False,Laptop
W0012402,U00746,M00183,2025-07-30 15:04:16.447071,27,False,Tablet
W0012403,U00537,M00277,2026-03-22 15:04:16.447073,48,True,TV
W0012404,U00585,M00062,2025-08-27 15:04:16.447075,8,False,TV
W0012405,U00715,M00292,2026-04-22 15:04:16.447077,106,True,Mobile
W0012406,U00459,M00273,2025-09-14 15:04:16.447079,78,False,Mobile
W0012407,U00315,M00014,2026-03-06 15:04:16.447081,136,False,Tablet
W0012408,U00233,M00079,2025-10-17 15:04:16.447084,169,False,Laptop
W0012409,U00611,M00247,2025-05-24 15:04:16.447086,66,False,TV
W0012410,U00613,M00269,2025-05-10 15:04:16.447088,123,False,TV
W0012411,U00561,M00183,2026-02-12 15:04:16.447090,74,False,Tablet
W0012412,U00301,M00160,2026-01-06 15:04:16.447092,160,False,Tablet
W0012413,U00246,M00109,2025-10-27 15:04:16.447094,107,True,Laptop
W0012414,U00733,M00255,2026-03-02 15:04:16.447096,149,False,TV
W0012415,U00105,M00256,2026-02-24 15:04:16.447098,110,False,Mobile
W0012416,U00836,M00166,2025-08-19 15:04:16.447100,56,False,Mobile
W0012417,U00687,M00177,2025-07-09 15:04:16.447102,118,False,Mobile
W0012418,U00345,M00100,2025-10-01 15:04:16.447106,132,False,Tablet
W0012419,U00788,M00263,2025-10-15 15:04:16.447108,7,True,Tablet
W0012420,U00160,M00102,2025-09-08 15:04:16.447110,114,False,Laptop
W0012421,U00340,M00061,2026-02-09 15:04:16.447112,178,True,Laptop
W0012422,U00012,M00164,2025-12-15 15:04:16.447114,109,True,TV
W0012423,U00918,M00156,2025-06-04 15:04:16.447116,135,True,Laptop
W0012424,U00884,M00208,2025-06-23 15:04:16.447118,109,True,TV
W0012425,U00428,M00060,2025-06-14 15:04:16.447120,25,True,TV
W0012426,U00455,M00288,2025-09-29 15:04:16.447122,26,True,TV
W0012427,U00567,M00123,2026-03-09 15:04:16.447125,159,True,Mobile
W0012428,U00444,M00011,2026-01-25 15:04:16.447127,94,True,Mobile
W0012429,U00608,M00142,2025-10-07 15:04:16.447130,83,True,Tablet
W0012430,U00537,M00219,2026-03-31 15:04:16.447132,74,False,TV
W0012431,U00920,M00005,2026-04-10 15:04:16.447133,65,False,Tablet
W0012432,U00445,M00103,2026-02-27 15:04:16.447135,33,False,TV
W0012433,U00930,M00020,2025-06-19 15:04:16.447137,142,False,Laptop
W0012434,U00647,M00142,2026-02-09 15:04:16.447139,64,True,TV
W0012435,U00869,M00153,2026-01-16 15:04:16.447141,19,True,Laptop
W0012436,U00923,M00162,2025-05-29 15:04:16.447143,75,False,Laptop
W0012437,U00599,M00071,2025-10-07 15:04:16.447145,81,False,Mobile
W0012438,U00242,M00233,2025-06-30 15:04:16.447147,69,False,TV
W0012439,U00383,M00283,2026-04-08 15:04:16.447149,171,False,TV
W0012440,U00632,M00271,2025-08-09 15:04:16.447151,166,True,Laptop
W0012441,U00983,M00238,2026-01-23 15:04:16.447153,89,False,Mobile
W0012442,U00660,M00091,2025-06-18 15:04:16.447155,91,False,Tablet
W0012443,U00994,M00286,2025-09-26 15:04:16.447157,175,False,Mobile
W0012444,U00626,M00001,2025-06-26 15:04:16.447159,84,False,Mobile
W0012445,U00286,M00230,2025-08-25 15:04:16.447161,156,True,Mobile
W0012446,U00695,M00101,2025-05-16 15:04:16.447163,154,False,Tablet
W0012447,U00454,M00064,2025-09-27 15:04:16.447166,89,True,TV
W0012448,U00330,M00183,2026-01-29 15:04:16.447170,80,True,TV
W0012449,U00713,M00186,2025-10-19 15:04:16.447173,159,True,Tablet
W0012450,U00575,M00220,2026-01-19 15:04:16.447175,136,False,Tablet
W0012451,U00227,M00151,2025-12-20 15:04:16.447177,30,False,Mobile
W0012452,U00640,M00161,2025-09-10 15:04:16.447179,103,False,Mobile
W0012453,U00296,M00266,2025-08-15 15:04:16.447181,173,True,Laptop
W0012454,U00081,M00178,2025-11-22 15:04:16.447183,28,False,TV
W0012455,U00423,M00175,2025-10-17 15:04:16.447185,5,True,Tablet
W0012456,U00646,M00033,2026-01-01 15:04:16.447187,38,False,Laptop
W0012457,U00193,M00021,2025-12-17 15:04:16.447189,163,True,Tablet
W0012458,U00121,M00196,2025-05-13 15:04:16.447191,72,True,Tablet
W0012459,U00790,M00192,2025-07-22 15:04:16.447194,156,False,Tablet
W0012460,U00342,M00189,2026-03-16 15:04:16.447196,55,False,Laptop
W0012461,U00987,M00213,2026-04-09 15:04:16.447197,57,False,TV
W0012462,U00527,M00058,2025-12-18 15:04:16.447199,104,False,Tablet
W0012463,U00366,M00106,2025-07-19 15:04:16.447201,40,True,Laptop
W0012464,U00519,M00261,2026-04-05 15:04:16.447203,117,False,Tablet
W0012465,U00254,M00137,2025-12-31 15:04:16.447205,88,False,Tablet
W0012466,U00833,M00080,2025-08-20 15:04:16.447209,43,False,Laptop
W0012467,U00579,M00187,2026-01-10 15:04:16.447211,24,True,Laptop
W0012468,U00176,M00120,2025-08-06 15:04:16.447213,53,False,Laptop
W0012469,U00352,M00273,2025-11-11 15:04:16.447215,114,False,Laptop
W0012470,U00693,M00276,2026-01-15 15:04:16.447217,10,True,Laptop
W0012471,U00013,M00084,2025-12-19 15:04:16.447219,39,False,Tablet
W0012472,U00013,M00179,2025-08-14 15:04:16.447221,132,True,Laptop
W0012473,U00294,M00252,2026-03-07 15:04:16.447223,172,False,Mobile
W0012474,U00288,M00068,2025-06-17 15:04:16.447225,29,True,Mobile
W0012475,U00221,M00117,2025-05-10 15:04:16.447227,114,False,TV
W0012476,U00452,M00244,2025-08-01 15:04:16.447229,27,True,Mobile
W0012477,U00003,M00247,2026-02-20 15:04:16.447230,37,False,Tablet
W0012478,U00417,M00051,2026-01-08 15:04:16.447232,161,False,TV
W0012479,U00502,M00114,2026-03-17 15:04:16.447234,107,False,TV
W0012480,U00833,M00256,2025-10-04 15:04:16.447236,128,True,Laptop
W0012481,U00588,M00073,2026-04-23 15:04:16.447239,146,False,Mobile
W0012482,U00540,M00151,2025-05-16 15:04:16.447241,143,True,TV
W0012483,U00426,M00052,2025-08-22 15:04:16.447243,92,False,Laptop
W0012484,U00594,M00054,2025-11-24 15:04:16.447245,17,True,Laptop
W0012485,U00363,M00033,2025-11-30 15:04:16.447247,168,False,Laptop
W0012486,U00816,M00108,2025-06-23 15:04:16.447251,116,False,Laptop
W0012487,U00998,M00285,2026-01-24 15:04:16.447253,79,False,Laptop
W0012488,U00488,M00176,2025-07-04 15:04:16.447255,160,False,Tablet
W0012489,U00134,M00254,2025-05-21 15:04:16.447257,89,True,Laptop
W0012490,U00464,M00014,2025-08-15 15:04:16.447259,18,False,TV
W0012491,U00411,M00297,2026-02-18 15:04:16.447261,57,True,TV
W0012492,U00894,M00094,2025-10-23 15:04:16.447263,70,False,Laptop
W0012493,U00897,M00261,2025-10-15 15:04:16.447265,135,True,TV
W0012494,U00328,M00224,2026-02-08 15:04:16.447267,160,True,Tablet
W0012495,U00662,M00090,2025-10-02 15:04:16.447269,138,False,TV
W0012496,U00087,M00141,2026-04-19 15:04:16.447271,76,False,Mobile
W0012497,U00531,M00100,2025-10-06 15:04:16.447273,50,True,TV
W0012498,U00081,M00102,2025-09-09 15:04:16.447275,102,True,Tablet
W0012499,U00748,M00118,2025-07-04 15:04:16.447276,148,True,Tablet
W0012500,U00928,M00142,2025-08-19 15:04:16.447278,114,False,Tablet
W0012501,U00929,M00122,2025-07-02 15:04:16.447280,179,False,Mobile
W0012502,U00805,M00132,2026-04-09 15:04:16.447282,159,True,Laptop
W0012503,U00270,M00005,2025-09-29 15:04:16.447284,13,True,Tablet
W0012504,U00829,M00285,2026-03-14 15:04:16.447286,125,False,Mobile
W0012505,U00830,M00144,2025-11-19 15:04:16.447289,25,True,Mobile
W0012506,U00672,M00037,2026-02-12 15:04:16.447291,33,True,Tablet
W0012507,U00623,M00015,2025-08-21 15:04:16.447293,164,False,TV
W0012508,U00433,M00275,2026-02-28 15:04:16.447295,53,True,Laptop
W0012509,U00059,M00128,2025-11-14 15:04:16.447298,105,True,TV
W0012510,U00873,M00238,2025-12-27 15:04:16.447299,26,True,Mobile
W0012511,U00923,M00293,2026-04-27 15:04:16.447302,91,True,TV
W0012512,U00805,M00167,2026-01-03 15:04:16.447304,38,True,Tablet
W0012513,U00439,M00193,2026-01-07 15:04:16.447332,178,False,Mobile
W0012514,U00031,M00018,2026-01-02 15:04:16.447336,112,False,TV
W0012515,U00354,M00091,2025-09-01 15:04:16.447338,143,True,Mobile
W0012516,U00313,M00098,2026-03-22 15:04:16.447340,83,True,Laptop
W0012517,U00872,M00297,2025-09-27 15:04:16.447343,68,False,Tablet
W0012518,U00231,M00165,2025-12-13 15:04:16.447345,121,True,Tablet
W0012519,U00599,M00134,2025-09-18 15:04:16.447347,109,False,TV
W0012520,U00866,M00086,2026-03-16 15:04:16.447349,95,True,Tablet
W0012521,U00397,M00273,2025-05-20 15:04:16.447351,35,True,TV
W0012522,U00545,M00042,2026-02-17 15:04:16.447353,127,True,Tablet
W0012523,U00449,M00036,2025-10-18 15:04:16.447355,144,False,Tablet
W0012524,U00798,M00036,2026-03-25 15:04:16.447357,162,False,Mobile
W0012525,U00418,M00285,2025-11-17 15:04:16.447360,177,True,TV
W0012526,U00011,M00049,2026-03-10 15:04:16.447363,41,True,TV
W0012527,U00831,M00129,2025-07-26 15:04:16.447365,107,False,Laptop
W0012528,U00175,M00100,2025-12-07 15:04:16.447367,133,False,Laptop
W0012529,U00682,M00203,2026-03-01 15:04:16.447369,112,True,Tablet
W0012530,U00453,M00104,2025-08-05 15:04:16.447371,146,True,Mobile
W0012531,U00684,M00269,2025-12-16 15:04:16.447373,170,False,Tablet
W0012532,U00139,M00297,2025-05-13 15:04:16.447376,103,True,Mobile
W0012533,U00912,M00194,2026-02-06 15:04:16.447378,58,True,Tablet
W0012534,U00603,M00042,2025-12-11 15:04:16.447380,105,True,Laptop
W0012535,U00921,M00242,2026-03-17 15:04:16.447383,17,False,Laptop
W0012536,U00402,M00300,2026-03-16 15:04:16.447385,128,True,Mobile
W0012537,U00216,M00142,2025-09-24 15:04:16.447386,171,True,Laptop
W0012538,U00652,M00219,2026-02-24 15:04:16.447389,46,False,Tablet
W0012539,U00515,M00159,2025-08-25 15:04:16.447391,5,False,Mobile
W0012540,U00923,M00135,2026-01-09 15:04:16.447393,69,True,Tablet
W0012541,U00464,M00201,2025-08-29 15:04:16.447395,93,False,Mobile
W0012542,U00164,M00038,2025-07-21 15:04:16.447397,173,False,Laptop
W0012543,U00354,M00219,2026-02-14 15:04:16.447399,100,True,TV
W0012544,U00620,M00152,2025-05-26 15:04:16.447402,131,True,TV
W0012545,U00791,M00170,2025-12-31 15:04:16.447405,110,True,Mobile
W0012546,U00775,M00027,2025-06-12 15:04:16.447407,128,False,TV
W0012547,U00171,M00226,2025-10-30 15:04:16.447409,50,True,Mobile
W0012548,U00467,M00018,2025-06-19 15:04:16.447411,31,True,Laptop
W0012549,U00483,M00170,2026-01-06 15:04:16.447413,86,False,Mobile
W0012550,U00978,M00145,2026-04-05 15:04:16.447416,87,False,Laptop
W0012551,U00368,M00185,2025-11-23 15:04:16.447418,149,False,TV
W0012552,U00413,M00050,2025-11-08 15:04:16.447419,74,False,Tablet
W0012553,U00741,M00076,2026-04-28 15:04:16.447421,180,True,Mobile
W0012554,U00378,M00296,2025-10-24 15:04:16.447423,93,True,Mobile
W0012555,U00470,M00006,2026-01-06 15:04:16.447425,51,True,Mobile
W0012556,U00384,M00124,2025-10-08 15:04:16.447427,20,True,Mobile
W0012557,U00147,M00229,2025-11-07 15:04:16.447429,176,False,Mobile
W0012558,U00155,M00249,2025-10-05 15:04:16.447431,86,False,TV
W0012559,U00777,M00154,2026-02-08 15:04:16.447433,86,False,TV
W0012560,U00379,M00066,2025-09-03 15:04:16.447435,163,True,TV
W0012561,U00909,M00044,2026-01-22 15:04:16.447437,170,False,Laptop
W0012562,U00118,M00297,2025-08-03 15:04:16.447439,86,True,Tablet
W0012563,U00171,M00191,2025-06-19 15:04:16.447441,28,False,Tablet
W0012564,U00733,M00228,2025-06-18 15:04:16.447444,99,False,Tablet
W0012565,U00439,M00223,2026-01-24 15:04:16.447446,150,True,TV
W0012566,U00483,M00078,2026-02-11 15:04:16.447448,177,True,Mobile
W0012567,U00575,M00186,2025-06-28 15:04:16.447450,52,False,TV
W0012568,U00614,M00210,2026-02-18 15:04:16.447453,73,False,TV
W0012569,U00553,M00182,2025-06-18 15:04:16.447455,101,False,Tablet
W0012570,U00067,M00281,2025-12-12 15:04:16.447457,111,False,Mobile
W0012571,U00123,M00163,2026-03-02 15:04:16.447459,164,True,Mobile
W0012572,U00845,M00121,2025-05-15 15:04:16.447461,57,True,Tablet
W0012573,U00883,M00119,2025-07-17 15:04:16.447462,150,True,TV
W0012574,U00512,M00125,2026-02-11 15:04:16.447464,139,False,TV
W0012575,U00365,M00271,2026-03-13 15:04:16.447466,138,True,Tablet
W0012576,U00279,M00172,2025-05-29 15:04:16.447468,159,False,Laptop
W0012577,U00230,M00047,2025-12-12 15:04:16.447472,42,False,Mobile
W0012578,U00880,M00063,2025-07-31 15:04:16.447474,148,False,Tablet
W0012579,U00833,M00244,2025-11-01 15:04:16.447476,134,False,TV
W0012580,U00473,M00018,2026-01-12 15:04:16.447478,18,True,Laptop
W0012581,U00425,M00231,2026-02-17 15:04:16.447480,83,True,Tablet
W0012582,U00218,M00049,2026-03-09 15:04:16.447482,121,False,TV
W0012583,U00577,M00217,2026-02-24 15:04:16.447485,114,True,Tablet
W0012584,U00124,M00237,2025-09-07 15:04:16.447500,157,False,Mobile
W0012585,U00822,M00170,2025-09-18 15:04:16.447504,92,False,TV
W0012586,U00217,M00300,2026-03-07 15:04:16.447507,29,True,Laptop
W0012587,U00859,M00197,2025-07-24 15:04:16.447509,175,True,TV
W0012588,U00069,M00157,2025-09-27 15:04:16.447511,149,False,TV
W0012589,U00108,M00166,2025-12-25 15:04:16.447513,42,False,Mobile
W0012590,U00198,M00004,2025-10-23 15:04:16.447516,139,True,Tablet
W0012591,U00665,M00227,2025-09-26 15:04:16.447518,109,True,Mobile
W0012592,U00067,M00291,2025-05-31 15:04:16.447520,47,True,TV
W0012593,U00681,M00120,2025-10-20 15:04:16.447522,177,True,Mobile
W0012594,U00214,M00073,2025-09-10 15:04:16.447524,30,True,TV
W0012595,U00909,M00080,2025-10-18 15:04:16.447526,137,False,TV
W0012596,U00664,M00206,2025-06-23 15:04:16.447528,73,False,TV
W0012597,U00341,M00032,2025-11-29 15:04:16.447530,162,True,Tablet
W0012598,U00775,M00056,2026-04-02 15:04:16.447532,135,False,Laptop
W0012599,U00512,M00221,2026-01-24 15:04:16.447533,93,False,Mobile
W0012600,U00207,M00236,2026-03-06 15:04:16.447536,177,False,TV
W0012601,U00008,M00004,2025-08-03 15:04:16.447538,122,True,Laptop
W0012602,U00939,M00053,2025-07-30 15:04:16.447540,36,False,TV
W0012603,U00516,M00261,2025-12-02 15:04:16.447543,99,False,Mobile
W0012604,U00673,M00173,2025-06-13 15:04:16.447546,60,True,TV
W0012605,U00681,M00264,2025-09-26 15:04:16.447548,71,True,Tablet
W0012606,U00503,M00013,2025-10-25 15:04:16.447550,20,True,Mobile
W0012607,U00541,M00115,2025-07-04 15:04:16.447552,25,False,Tablet
W0012608,U00939,M00144,2025-09-22 15:04:16.447554,108,True,Tablet
W0012609,U00062,M00178,2025-06-14 15:04:16.447557,96,False,Laptop
W0012610,U00722,M00148,2025-08-06 15:04:16.447560,40,False,Tablet
W0012611,U00539,M00128,2026-01-10 15:04:16.447562,136,True,Laptop
W0012612,U00549,M00060,2026-02-24 15:04:16.447564,124,True,TV
W0012613,U00195,M00123,2025-09-11 15:04:16.447566,118,True,Laptop
W0012614,U00186,M00115,2025-08-29 15:04:16.447568,58,True,Laptop
W0012615,U00680,M00139,2026-02-08 15:04:16.447570,11,False,Tablet
W0012616,U00184,M00127,2025-08-17 15:04:16.447572,135,True,Tablet
W0012617,U00671,M00126,2025-05-12 15:04:16.447576,89,True,Mobile
W0012618,U00046,M00128,2025-10-02 15:04:16.447578,144,True,Mobile
W0012619,U00585,M00211,2026-02-26 15:04:16.447580,110,False,Tablet
W0012620,U00389,M00262,2025-11-28 15:04:16.447582,30,False,Laptop
W0012621,U00362,M00228,2025-06-18 15:04:16.447584,91,False,Tablet
W0012622,U00267,M00230,2026-03-13 15:04:16.447587,121,True,Laptop
W0012623,U00768,M00124,2025-09-27 15:04:16.447589,48,False,Mobile
W0012624,U00117,M00078,2025-09-12 15:04:16.447591,126,True,TV
W0012625,U00925,M00067,2025-10-05 15:04:16.447593,134,True,Laptop
W0012626,U00929,M00129,2025-09-07 15:04:16.447595,144,False,TV
W0012627,U00409,M00298,2025-05-12 15:04:16.447597,82,True,Tablet
W0012628,U00225,M00070,2025-11-14 15:04:16.447599,65,True,Mobile
W0012629,U00729,M00240,2026-03-09 15:04:16.447601,35,True,TV
W0012630,U00497,M00077,2025-05-23 15:04:16.447603,115,False,TV
W0012631,U00316,M00291,2025-08-30 15:04:16.447605,89,False,Tablet
W0012632,U00439,M00278,2025-06-30 15:04:16.447607,145,True,TV
W0012633,U00556,M00164,2026-03-20 15:04:16.447609,156,True,Tablet
W0012634,U00490,M00019,2025-07-10 15:04:16.447611,74,False,Tablet
W0012635,U00667,M00203,2025-09-22 15:04:16.447613,36,False,TV
W0012636,U00548,M00075,2026-02-07 15:04:16.447615,105,False,Laptop
W0012637,U00605,M00083,2025-06-28 15:04:16.447617,64,True,TV
W0012638,U00754,M00143,2025-07-25 15:04:16.447619,54,False,TV
W0012639,U00824,M00118,2025-11-08 15:04:16.447621,180,False,Mobile
W0012640,U00479,M00103,2025-12-24 15:04:16.447623,37,False,Mobile
W0012641,U00353,M00127,2026-03-23 15:04:16.447627,49,True,Mobile
W0012642,U00811,M00094,2025-05-15 15:04:16.447630,167,False,Laptop
W0012643,U00409,M00124,2026-04-22 15:04:16.447632,80,False,TV
W0012644,U00186,M00147,2026-01-06 15:04:16.447634,41,True,Tablet
W0012645,U00840,M00158,2025-05-26 15:04:16.447636,177,True,TV
W0012646,U00955,M00016,2026-03-27 15:04:16.447638,108,False,Laptop
W0012647,U00253,M00045,2026-03-27 15:04:16.447640,38,True,Mobile
W0012648,U00414,M00148,2025-09-14 15:04:16.447642,29,False,TV
W0012649,U00152,M00255,2025-05-15 15:04:16.447644,61,False,Tablet
W0012650,U00350,M00089,2025-11-17 15:04:16.447646,174,True,TV
W0012651,U00777,M00155,2025-10-01 15:04:16.447648,158,True,Laptop
W0012652,U00993,M00266,2025-09-10 15:04:16.447650,145,False,TV
W0012653,U00350,M00200,2025-05-31 15:04:16.447652,122,False,TV
W0012654,U00686,M00221,2026-03-11 15:04:16.447654,11,False,Laptop
W0012655,U00613,M00050,2026-04-19 15:04:16.447656,18,False,Mobile
W0012656,U00706,M00040,2026-03-04 15:04:16.447658,108,True,Laptop
W0012657,U00894,M00007,2026-02-11 15:04:16.447660,120,False,Mobile
W0012658,U00728,M00012,2025-10-11 15:04:16.447662,119,True,Mobile
W0012659,U00140,M00187,2025-11-05 15:04:16.447664,53,True,Mobile
W0012660,U00017,M00081,2026-03-23 15:04:16.447666,158,True,Mobile
W0012661,U00849,M00078,2026-04-09 15:04:16.447669,31,False,Laptop
W0012662,U00435,M00245,2025-05-18 15:04:16.447672,101,False,Laptop
W0012663,U00471,M00041,2026-04-19 15:04:16.447673,93,False,Laptop
W0012664,U00895,M00085,2025-05-21 15:04:16.447676,101,False,Tablet
W0012665,U00039,M00103,2026-01-21 15:04:16.447677,147,True,Mobile
W0012666,U00498,M00112,2026-02-24 15:04:16.447680,162,True,Tablet
W0012667,U00075,M00281,2025-07-29 15:04:16.447682,117,True,Mobile
W0012668,U00943,M00106,2025-11-30 15:04:16.447684,25,False,TV
W0012669,U00492,M00096,2025-05-21 15:04:16.447686,150,False,TV
W0012670,U00753,M00294,2026-04-28 15:04:16.447687,123,False,Laptop
W0012671,U00050,M00215,2026-04-07 15:04:16.447689,95,False,Laptop
W0012672,U00293,M00036,2025-12-26 15:04:16.447691,12,True,Mobile
W0012673,U00368,M00189,2025-08-12 15:04:16.447696,97,False,TV
W0012674,U00603,M00038,2025-05-11 15:04:16.447699,157,False,Laptop
W0012675,U00146,M00260,2026-01-01 15:04:16.447701,56,True,Tablet
W0012676,U00525,M00180,2026-01-06 15:04:16.447703,26,False,TV
W0012677,U00122,M00040,2025-09-16 15:04:16.447705,113,False,Mobile
W0012678,U00415,M00285,2026-02-23 15:04:16.447707,136,True,Laptop
W0012679,U00658,M00144,2026-01-06 15:04:16.447709,98,False,TV
W0012680,U00727,M00216,2025-12-17 15:04:16.447711,159,False,Tablet
W0012681,U00692,M00269,2025-11-02 15:04:16.447739,100,True,Tablet
W0012682,U00711,M00220,2025-11-15 15:04:16.447745,92,True,Tablet
W0012683,U00837,M00069,2025-10-12 15:04:16.447748,111,False,Mobile
W0012684,U00530,M00137,2025-10-27 15:04:16.447751,74,False,TV
W0012685,U00280,M00088,2025-09-06 15:04:16.447753,45,True,Mobile
W0012686,U00806,M00105,2025-10-18 15:04:16.447755,95,True,TV
W0012687,U00949,M00098,2026-02-17 15:04:16.447757,77,True,TV
W0012688,U00208,M00284,2025-12-10 15:04:16.447759,147,False,Mobile
W0012689,U00444,M00059,2026-01-25 15:04:16.447761,149,False,Laptop
W0012690,U00901,M00076,2026-05-08 15:04:16.447763,105,True,Laptop
W0012691,U00931,M00111,2026-01-22 15:04:16.447765,85,True,Tablet
W0012692,U00446,M00180,2026-04-21 15:04:16.447767,88,False,Tablet
W0012693,U00620,M00300,2026-01-07 15:04:16.447769,57,False,Tablet
W0012694,U00833,M00249,2026-03-03 15:04:16.447771,102,True,Mobile
W0012695,U00053,M00234,2025-09-18 15:04:16.447773,154,True,Laptop
W0012696,U00257,M00287,2025-05-12 15:04:16.447775,92,True,TV
W0012697,U00986,M00158,2025-07-17 15:04:16.447778,163,True,Laptop
W0012698,U00793,M00125,2026-01-06 15:04:16.447780,62,False,Mobile
W0012699,U00390,M00048,2026-04-13 15:04:16.447782,177,True,Laptop
W0012700,U00513,M00025,2026-03-04 15:04:16.447786,8,False,Mobile
W0012701,U00432,M00019,2025-12-31 15:04:16.447788,62,False,TV
W0012702,U00734,M00278,2025-08-02 15:04:16.447792,36,False,Mobile
W0012703,U00554,M00210,2026-01-28 15:04:16.447794,174,False,Tablet
W0012704,U00548,M00019,2025-11-08 15:04:16.447798,20,False,TV
W0012705,U00061,M00237,2025-07-24 15:04:16.447800,85,True,Tablet
W0012706,U00343,M00235,2025-10-02 15:04:16.447802,165,True,Tablet
W0012707,U00666,M00271,2026-02-06 15:04:16.447804,11,True,Tablet
W0012708,U00780,M00200,2025-06-13 15:04:16.447806,142,False,TV
W0012709,U00530,M00157,2025-09-25 15:04:16.447808,48,False,Laptop
W0012710,U00126,M00264,2025-08-24 15:04:16.447810,142,False,TV
W0012711,U00938,M00298,2025-05-24 15:04:16.447812,92,False,TV
W0012712,U00946,M00150,2025-09-16 15:04:16.447814,89,False,Laptop
W0012713,U00775,M00297,2025-12-03 15:04:16.447816,38,False,TV
W0012714,U00451,M00144,2025-08-01 15:04:16.447817,142,False,TV
W0012715,U00851,M00163,2025-07-13 15:04:16.447819,86,True,Laptop
W0012716,U00672,M00026,2026-03-04 15:04:16.447821,36,True,Tablet
W0012717,U00175,M00006,2026-02-19 15:04:16.447823,41,True,Laptop
W0012718,U00765,M00138,2025-05-21 15:04:16.447825,11,False,Mobile
W0012719,U00071,M00144,2026-04-30 15:04:16.447827,62,True,Mobile
W0012720,U00488,M00093,2025-05-17 15:04:16.447830,161,True,Tablet
W0012721,U00703,M00208,2025-09-29 15:04:16.447832,125,False,Tablet
W0012722,U00087,M00076,2026-01-17 15:04:16.447835,9,True,Mobile
W0012723,U00465,M00172,2025-12-03 15:04:16.447837,90,True,TV
W0012724,U00170,M00054,2026-04-08 15:04:16.447839,23,False,Laptop
W0012725,U00563,M00274,2025-06-20 15:04:16.447841,104,True,Mobile
W0012726,U00686,M00127,2025-05-22 15:04:16.447843,78,False,Tablet
W0012727,U00730,M00063,2025-11-18 15:04:16.447845,86,True,TV
W0012728,U00777,M00288,2026-03-05 15:04:16.447847,40,True,Laptop
W0012729,U00166,M00017,2025-09-19 15:04:16.447849,44,False,Mobile
W0012730,U00026,M00149,2025-10-17 15:04:16.447851,106,True,Mobile
W0012731,U00886,M00195,2025-12-21 15:04:16.447853,37,False,Tablet
W0012732,U00159,M00245,2025-12-28 15:04:16.447855,37,True,Laptop
W0012733,U00678,M00023,2026-02-28 15:04:16.447857,40,True,TV
W0012734,U00231,M00260,2025-12-30 15:04:16.447859,178,True,Laptop
W0012735,U00173,M00010,2025-07-14 15:04:16.447861,80,True,Laptop
W0012736,U00296,M00047,2026-01-08 15:04:16.447865,119,True,TV
W0012737,U00777,M00084,2026-03-24 15:04:16.447867,107,True,Mobile
W0012738,U00341,M00290,2025-07-13 15:04:16.447869,37,False,Tablet
W0012739,U00146,M00086,2026-01-29 15:04:16.448060,112,True,TV
W0012740,U00355,M00019,2026-03-03 15:04:16.448077,90,True,Mobile
W0012741,U00280,M00256,2025-08-19 15:04:16.448079,111,False,Laptop
W0012742,U00089,M00205,2025-09-12 15:04:16.448082,147,True,Laptop
W0012743,U00242,M00157,2026-04-13 15:04:16.448084,32,True,Mobile
W0012744,U00065,M00264,2025-09-15 15:04:16.448086,49,True,Laptop
W0012745,U00588,M00246,2025-05-20 15:04:16.448088,57,False,TV
W0012746,U00193,M00300,2025-12-25 15:04:16.448091,11,False,Mobile
W0012747,U00762,M00083,2025-10-01 15:04:16.448093,170,True,TV
W0012748,U00317,M00258,2026-03-15 15:04:16.448096,12,True,TV
W0012749,U00733,M00131,2025-12-22 15:04:16.448098,60,True,TV
W0012750,U00478,M00012,2025-10-04 15:04:16.448100,52,False,Tablet
W0012751,U00042,M00278,2026-01-01 15:04:16.448102,134,False,Laptop
W0012752,U00431,M00207,2025-10-30 15:04:16.448104,18,False,Tablet
W0012753,U00767,M00244,2025-09-02 15:04:16.448106,46,False,Mobile
W0012754,U00677,M00183,2025-11-04 15:04:16.448108,27,True,TV
W0012755,U00567,M00160,2025-05-25 15:04:16.448110,137,False,TV
W0012756,U00154,M00110,2025-06-26 15:04:16.448112,138,False,TV
W0012757,U00820,M00048,2025-11-20 15:04:16.448114,57,False,Tablet
W0012758,U00321,M00009,2025-11-16 15:04:16.448116,64,False,Mobile
W0012759,U00390,M00175,2026-02-11 15:04:16.448123,37,False,TV
W0012760,U00035,M00063,2025-09-01 15:04:16.448125,17,True,Laptop
W0012761,U00617,M00153,2026-04-16 15:04:16.448128,97,True,Mobile
W0012762,U00744,M00001,2025-08-11 15:04:16.448130,76,True,Laptop
W0012763,U00089,M00164,2025-10-18 15:04:16.448132,53,True,Mobile
W0012764,U00079,M00025,2026-01-17 15:04:16.448134,109,True,TV
W0012765,U00475,M00073,2025-09-06 15:04:16.448136,114,True,Mobile
W0012766,U00902,M00117,2025-09-03 15:04:16.448138,17,False,Laptop
W0012767,U00455,M00001,2025-11-09 15:04:16.448140,10,True,TV
W0012768,U00022,M00055,2025-10-12 15:04:16.448144,160,True,TV
W0012769,U00572,M00153,2025-08-08 15:04:16.448146,37,False,TV
W0012770,U00347,M00161,2026-04-28 15:04:16.448148,74,True,TV
W0012771,U00143,M00227,2025-07-01 15:04:16.448150,89,False,Laptop
W0012772,U00925,M00158,2026-01-11 15:04:16.448152,178,True,TV
W0012773,U00668,M00039,2025-10-07 15:04:16.448154,95,True,Mobile
W0012774,U00493,M00196,2025-07-26 15:04:16.448156,175,False,Laptop
W0012775,U00847,M00289,2025-09-14 15:04:16.448158,48,False,TV
W0012776,U00790,M00117,2025-06-01 15:04:16.448160,17,False,Tablet
W0012777,U00506,M00001,2026-02-15 15:04:16.448162,166,True,Mobile
W0012778,U00410,M00141,2026-01-19 15:04:16.448165,66,True,Laptop
W0012779,U00070,M00148,2025-07-25 15:04:16.448167,100,True,Tablet
W0012780,U00934,M00049,2025-10-25 15:04:16.448169,109,False,TV
W0012781,U00177,M00051,2025-05-17 15:04:16.448171,29,True,Tablet
W0012782,U00816,M00163,2025-09-06 15:04:16.448173,145,False,Tablet
W0012783,U00517,M00121,2025-12-30 15:04:16.448175,82,False,Mobile
W0012784,U00109,M00002,2025-07-13 15:04:16.448177,116,False,Tablet
W0012785,U00831,M00002,2025-09-10 15:04:16.448179,107,True,Tablet
W0012786,U00837,M00097,2025-08-04 15:04:16.448181,136,False,TV
W0012787,U00425,M00290,2025-08-16 15:04:16.448183,71,True,TV
W0012788,U00324,M00253,2025-05-11 15:04:16.448187,150,True,Laptop
W0012789,U00302,M00233,2026-01-03 15:04:16.448189,29,False,Mobile
W0012790,U00513,M00204,2026-03-23 15:04:16.448191,179,True,Tablet
W0012791,U00617,M00233,2026-04-16 15:04:16.448193,40,False,Laptop
W0012792,U00468,M00028,2025-12-07 15:04:16.448195,73,False,TV
W0012793,U00153,M00114,2025-06-10 15:04:16.448197,179,False,TV
W0012794,U00716,M00008,2025-05-15 15:04:16.448199,11,True,Mobile
W0012795,U00726,M00119,2025-07-10 15:04:16.448201,88,False,Mobile
W0012796,U00106,M00186,2026-04-27 15:04:16.448203,94,True,Mobile
W0012797,U00727,M00209,2025-08-04 15:04:16.448205,73,True,TV
W0012798,U00179,M00078,2026-01-13 15:04:16.448208,134,True,Tablet
W0012799,U00988,M00128,2026-02-23 15:04:16.448210,108,False,TV
W0012800,U00328,M00226,2025-12-13 15:04:16.448214,67,True,Mobile
W0012801,U00197,M00151,2026-02-03 15:04:16.448216,99,False,Laptop
W0012802,U00322,M00282,2026-03-18 15:04:16.448218,32,True,Laptop
W0012803,U00855,M00001,2025-07-02 15:04:16.448220,171,True,Tablet
W0012804,U00742,M00116,2026-01-09 15:04:16.448222,42,True,Tablet
W0012805,U00367,M00032,2025-12-23 15:04:16.448225,151,True,Laptop
W0012806,U00772,M00171,2026-03-14 15:04:16.448227,98,True,TV
W0012807,U00055,M00274,2026-04-27 15:04:16.448229,70,True,TV
W0012808,U00628,M00046,2025-12-13 15:04:16.448231,100,True,TV
W0012809,U00305,M00215,2026-04-13 15:04:16.448233,158,True,Mobile
W0012810,U00954,M00289,2026-02-17 15:04:16.448235,73,True,Laptop
W0012811,U00127,M00067,2026-02-24 15:04:16.448237,32,True,TV
W0012812,U00520,M00122,2026-01-21 15:04:16.448239,123,True,Mobile
W0012813,U00456,M00235,2025-06-01 15:04:16.448241,37,True,Mobile
W0012814,U00852,M00206,2025-09-18 15:04:16.448243,102,False,Tablet
W0012815,U00794,M00074,2025-05-25 15:04:16.448245,122,False,Laptop
W0012816,U00422,M00206,2026-04-05 15:04:16.448247,122,False,Mobile
W0012817,U00453,M00167,2025-10-17 15:04:16.448250,166,True,Laptop
W0012818,U00071,M00218,2025-06-07 15:04:16.448253,176,True,Tablet
W0012819,U00252,M00035,2026-02-14 15:04:16.448255,161,False,TV
W0012820,U00181,M00145,2025-10-25 15:04:16.448257,137,False,Laptop
W0012821,U00157,M00095,2025-09-17 15:04:16.448259,150,False,Tablet
W0012822,U00589,M00108,2026-02-01 15:04:16.448261,19,False,Laptop
W0012823,U00682,M00283,2026-02-26 15:04:16.448263,160,False,Tablet
W0012824,U00983,M00116,2025-09-07 15:04:16.448264,158,True,TV
W0012825,U00044,M00147,2025-12-16 15:04:16.448266,121,False,Mobile
W0012826,U00746,M00051,2025-09-20 15:04:16.448268,38,False,Laptop
W0012827,U00148,M00291,2026-02-23 15:04:16.448271,133,True,Mobile
W0012828,U00414,M00175,2026-05-02 15:04:16.448273,129,False,Laptop
W0012829,U00778,M00144,2026-03-01 15:04:16.448275,70,True,Mobile
W0012830,U00554,M00156,2026-03-25 15:04:16.448277,161,True,TV
W0012831,U00123,M00249,2026-02-01 15:04:16.448279,97,False,Mobile
W0012832,U00422,M00195,2025-08-09 15:04:16.448284,60,False,Mobile
W0012833,U00180,M00282,2026-04-16 15:04:16.448286,50,False,Mobile
W0012834,U00955,M00205,2026-05-05 15:04:16.448288,136,True,Mobile
W0012835,U00055,M00023,2025-10-24 15:04:16.448290,24,False,Laptop
W0012836,U00606,M00272,2025-08-05 15:04:16.448291,104,True,Mobile
W0012837,U00643,M00002,2025-11-25 15:04:16.448295,75,False,TV
W0012838,U00586,M00237,2025-08-29 15:04:16.448297,142,False,Mobile
W0012839,U00683,M00057,2026-02-25 15:04:16.448299,158,True,Mobile
W0012840,U00764,M00231,2026-01-22 15:04:16.448301,16,False,Mobile
W0012841,U00442,M00251,2025-09-08 15:04:16.448303,132,False,Tablet
W0012842,U00207,M00150,2025-12-05 15:04:16.448305,64,True,Mobile
W0012843,U00555,M00131,2025-12-13 15:04:16.448307,150,False,Mobile
W0012844,U00881,M00091,2026-02-24 15:04:16.448309,38,False,TV
W0012845,U00465,M00003,2026-01-18 15:04:16.448311,93,False,Tablet
W0012846,U00686,M00004,2025-08-27 15:04:16.448313,133,False,Laptop
W0012847,U00012,M00102,2025-10-03 15:04:16.448315,29,False,Tablet
W0012848,U00305,M00185,2025-10-06 15:04:16.448317,55,True,TV
W0012849,U00761,M00197,2026-01-22 15:04:16.448319,159,False,Laptop
W0012850,U00341,M00092,2025-12-07 15:04:16.448321,72,True,TV
W0012851,U00866,M00245,2025-06-24 15:04:16.448323,126,True,TV
W0012852,U00218,M00092,2025-08-17 15:04:16.448325,170,False,Mobile
W0012853,U00055,M00084,2026-02-19 15:04:16.448327,68,True,Tablet
W0012854,U00831,M00201,2025-12-27 15:04:16.448329,139,False,TV
W0012855,U00727,M00255,2025-09-14 15:04:16.448331,175,True,Mobile
W0012856,U00224,M00073,2025-12-16 15:04:16.448370,168,True,Laptop
W0012857,U00467,M00113,2026-03-07 15:04:16.448375,154,True,Laptop
W0012858,U00183,M00169,2025-11-19 15:04:16.448379,42,True,TV
W0012859,U00503,M00148,2026-02-20 15:04:16.448381,43,False,Laptop
W0012860,U00791,M00175,2025-05-09 15:04:16.448383,35,False,Mobile
W0012861,U00875,M00299,2026-03-01 15:04:16.448386,36,True,TV
W0012862,U00633,M00119,2025-07-14 15:04:16.448388,16,True,Tablet
W0012863,U00850,M00239,2025-07-16 15:04:16.448390,84,False,Mobile
W0012864,U00558,M00285,2025-09-05 15:04:16.448394,33,False,TV
W0012865,U00502,M00147,2026-04-23 15:04:16.448396,169,True,Mobile
W0012866,U00251,M00115,2026-01-22 15:04:16.448398,14,True,Laptop
W0012867,U00977,M00076,2025-05-15 15:04:16.448400,131,True,Tablet
W0012868,U00279,M00142,2025-05-14 15:04:16.448403,71,True,Laptop
W0012869,U00579,M00151,2026-03-19 15:04:16.448405,180,True,Laptop
W0012870,U00944,M00296,2026-02-17 15:04:16.448407,90,False,TV
W0012871,U00576,M00071,2025-12-23 15:04:16.448409,132,True,TV
W0012872,U00889,M00285,2025-12-19 15:04:16.448414,17,True,Mobile
W0012873,U00270,M00100,2025-07-03 15:04:16.448416,91,False,TV
W0012874,U00415,M00220,2025-09-14 15:04:16.448418,5,False,Mobile
W0012875,U00720,M00051,2025-12-31 15:04:16.448420,72,True,Laptop
W0012876,U00590,M00229,2026-02-14 15:04:16.448423,25,False,Tablet
W0012877,U00454,M00255,2025-12-31 15:04:16.448425,168,False,Laptop
W0012878,U00702,M00267,2025-12-22 15:04:16.448427,139,True,Tablet
W0012879,U00446,M00076,2025-06-25 15:04:16.448429,27,True,TV
W0012880,U00745,M00294,2025-07-09 15:04:16.448432,174,True,Tablet
W0012881,U00759,M00080,2025-10-30 15:04:16.448434,140,True,Mobile
W0012882,U00960,M00076,2025-09-24 15:04:16.448436,52,False,Tablet
W0012883,U00444,M00190,2025-10-22 15:04:16.448438,104,True,Tablet
W0012884,U00860,M00045,2026-01-17 15:04:16.448440,66,False,Tablet
W0012885,U00880,M00294,2025-09-19 15:04:16.448442,22,False,Mobile
W0012886,U00713,M00189,2025-11-01 15:04:16.448444,120,True,Mobile
W0012887,U00066,M00238,2025-11-14 15:04:16.448446,164,False,Laptop
W0012888,U00448,M00278,2025-05-30 15:04:16.448448,176,False,Tablet
W0012889,U00923,M00001,2026-03-07 15:04:16.448450,68,False,TV
W0012890,U00324,M00196,2026-01-07 15:04:16.448479,112,False,Mobile
W0012891,U00087,M00052,2026-02-27 15:04:16.448501,17,True,Laptop
W0012892,U00912,M00074,2025-06-30 15:04:16.448506,174,False,Laptop
W0012893,U00530,M00176,2025-09-02 15:04:16.448511,58,True,Mobile
W0012894,U00514,M00267,2026-04-27 15:04:16.448515,180,True,Mobile
W0012895,U00884,M00021,2026-04-16 15:04:16.448530,174,False,Laptop
W0012896,U00528,M00028,2025-11-28 15:04:16.448536,39,True,TV
W0012897,U00331,M00294,2025-05-18 15:04:16.448540,22,True,Laptop
W0012898,U00174,M00247,2026-01-25 15:04:16.448543,62,False,TV
W0012899,U00664,M00166,2025-08-26 15:04:16.448546,169,True,TV
W0012900,U00572,M00004,2026-03-29 15:04:16.448550,176,True,Mobile
W0012901,U00494,M00285,2026-03-31 15:04:16.448553,74,True,TV
W0012902,U00830,M00013,2026-05-08 15:04:16.448557,128,False,Laptop
W0012903,U00522,M00246,2026-02-09 15:04:16.448560,127,True,Tablet
W0012904,U00904,M00012,2025-12-16 15:04:16.448563,80,True,Laptop
W0012905,U00599,M00207,2026-02-13 15:04:16.448566,56,True,Mobile
W0012906,U00528,M00243,2026-03-27 15:04:16.448570,128,True,Tablet
W0012907,U00014,M00118,2025-05-13 15:04:16.448626,28,False,Mobile
W0012908,U00882,M00209,2025-09-10 15:04:16.448693,113,False,Tablet
W0012909,U00459,M00039,2026-01-11 15:04:16.448706,47,False,Laptop
W0012910,U00388,M00125,2025-07-31 15:04:16.448710,114,False,Mobile
W0012911,U00963,M00103,2026-05-08 15:04:16.448763,42,True,Mobile
W0012912,U00303,M00218,2025-05-10 15:04:16.448779,150,True,Laptop
W0012913,U00089,M00228,2025-08-18 15:04:16.448851,80,False,Tablet
W0012914,U00127,M00075,2025-07-28 15:04:16.448870,75,True,Mobile
W0012915,U00233,M00198,2025-12-11 15:04:16.448891,126,True,TV
W0012916,U00055,M00018,2025-05-28 15:04:16.448898,73,True,Mobile
W0012917,U00032,M00277,2025-09-30 15:04:16.448904,128,False,Tablet
W0012918,U00241,M00048,2025-06-12 15:04:16.448909,169,False,Laptop
W0012919,U00693,M00014,2026-03-29 15:04:16.448913,29,True,Tablet
W0012920,U00838,M00104,2026-01-17 15:04:16.448918,146,True,Laptop
W0012921,U00327,M00112,2025-12-05 15:04:16.448922,121,True,Mobile
W0012922,U00963,M00274,2025-09-20 15:04:16.448927,23,False,Laptop
W0012923,U00152,M00204,2025-12-26 15:04:16.448932,30,True,Laptop
W0012924,U00131,M00014,2025-12-29 15:04:16.448937,128,False,TV
W0012925,U00905,M00270,2025-09-29 15:04:16.448941,66,True,Tablet
W0012926,U00984,M00176,2025-07-12 15:04:16.448945,166,False,TV
W0012927,U00545,M00004,2026-03-19 15:04:16.448950,158,False,Tablet
W0012928,U00798,M00157,2025-12-15 15:04:16.448967,123,False,Mobile
W0012929,U00482,M00202,2026-04-10 15:04:16.448973,67,False,Mobile
W0012930,U00130,M00060,2026-02-01 15:04:16.448977,41,False,Tablet
W0012931,U00909,M00263,2025-10-17 15:04:16.449067,180,True,Laptop
W0012932,U00513,M00025,2025-09-06 15:04:16.449074,86,False,Laptop
W0012933,U00603,M00116,2026-03-28 15:04:16.449080,14,True,Laptop
W0012934,U00546,M00175,2025-12-07 15:04:16.449094,34,True,TV
W0012935,U00021,M00164,2026-04-23 15:04:16.449099,175,True,Mobile
W0012936,U00535,M00083,2026-03-11 15:04:16.449104,148,True,Mobile
W0012937,U00150,M00262,2025-11-26 15:04:16.449108,100,True,Laptop
W0012938,U00542,M00040,2026-05-01 15:04:16.449113,102,False,Tablet
W0012939,U00358,M00041,2025-07-07 15:04:16.449117,158,False,Laptop
W0012940,U00935,M00071,2025-09-05 15:04:16.449122,56,True,Laptop
W0012941,U00058,M00282,2026-04-15 15:04:16.449126,172,True,Mobile
W0012942,U00748,M00211,2026-04-24 15:04:16.449130,113,False,TV
W0012943,U00277,M00119,2025-07-20 15:04:16.449135,16,True,Mobile
W0012944,U00608,M00148,2025-07-14 15:04:16.449139,53,True,Laptop
W0012945,U00130,M00126,2025-11-07 15:04:16.449143,35,False,Mobile
W0012946,U00147,M00218,2025-07-05 15:04:16.449148,135,True,Laptop
W0012947,U00615,M00243,2025-09-21 15:04:16.449152,32,True,Tablet
W0012948,U00858,M00247,2025-08-30 15:04:16.449186,146,True,TV
W0012949,U00592,M00126,2025-05-26 15:04:16.449192,39,True,Tablet
W0012950,U00972,M00171,2026-04-21 15:04:16.449197,154,False,TV
W0012951,U00192,M00275,2026-05-05 15:04:16.449201,25,False,Tablet
W0012952,U00225,M00060,2026-04-27 15:04:16.449205,170,False,Laptop
W0012953,U00821,M00047,2025-12-19 15:04:16.449210,169,False,TV
W0012954,U00127,M00284,2026-03-08 15:04:16.449223,10,False,TV
W0012955,U00453,M00009,2026-02-11 15:04:16.449231,105,True,TV
W0012956,U00800,M00260,2025-07-25 15:04:16.449236,61,False,Tablet
W0012957,U00696,M00001,2025-11-10 15:04:16.449246,109,True,Mobile
W0012958,U00712,M00017,2025-09-22 15:04:16.449251,18,False,Tablet
W0012959,U00728,M00181,2025-08-03 15:04:16.449343,89,False,TV
W0012960,U00392,M00200,2026-04-25 15:04:16.449360,37,False,Laptop
W0012961,U00378,M00023,2026-01-13 15:04:16.449368,58,True,Tablet
W0012962,U00445,M00275,2026-01-17 15:04:16.449374,109,True,Mobile
W0012963,U00323,M00177,2025-08-11 15:04:16.449378,39,True,Mobile
W0012964,U00816,M00255,2025-05-26 15:04:16.449384,98,True,Tablet
W0012965,U00764,M00249,2026-02-03 15:04:16.449389,175,True,Tablet
W0012966,U00338,M00060,2025-10-14 15:04:16.449394,91,True,Tablet
W0012967,U00450,M00229,2026-04-08 15:04:16.449399,128,True,TV
W0012968,U00694,M00093,2026-03-22 15:04:16.449403,23,False,Mobile
W0012969,U00865,M00053,2025-10-16 15:04:16.449408,109,True,Laptop
W0012970,U00653,M00289,2025-09-20 15:04:16.449413,60,False,Laptop
W0012971,U00072,M00227,2025-06-26 15:04:16.449418,122,False,TV
W0012972,U00952,M00035,2025-08-21 15:04:16.449423,27,True,Mobile
W0012973,U00959,M00158,2026-01-14 15:04:16.449438,116,False,Mobile
W0012974,U00501,M00065,2025-10-25 15:04:16.449445,70,True,Laptop
W0012975,U00077,M00184,2025-06-14 15:04:16.449450,107,False,Tablet
W0012976,U00673,M00108,2025-06-17 15:04:16.449454,57,True,Laptop
W0012977,U00900,M00129,2026-05-01 15:04:16.449459,116,False,Laptop
W0012978,U00813,M00122,2026-03-06 15:04:16.449547,10,True,Tablet
W0012979,U00538,M00063,2026-04-15 15:04:16.449729,114,True,Laptop
W0012980,U00497,M00165,2025-06-21 15:04:16.449802,140,True,Tablet
W0012981,U00939,M00110,2025-12-26 15:04:16.449811,40,False,Laptop
W0012982,U00306,M00271,2025-12-04 15:04:16.449816,129,True,TV
W0012983,U00539,M00019,2025-12-25 15:04:16.449822,142,False,TV
W0012984,U00676,M00214,2026-05-01 15:04:16.449827,177,True,TV
W0012985,U00222,M00193,2025-09-27 15:04:16.449832,19,True,Mobile
W0012986,U00568,M00127,2025-10-22 15:04:16.449837,167,False,TV
W0012987,U00106,M00028,2025-07-19 15:04:16.449841,102,False,Tablet
W0012988,U00044,M00212,2025-06-28 15:04:16.449846,65,True,Mobile
W0012989,U00001,M00106,2025-06-09 15:04:16.449851,76,False,Tablet
W0012990,U00721,M00126,2025-09-09 15:04:16.449855,21,True,TV
W0012991,U00316,M00186,2025-11-21 15:04:16.449937,114,False,Tablet
W0012992,U00456,M00063,2026-02-09 15:04:16.449980,28,False,Tablet
W0012993,U00904,M00033,2025-07-09 15:04:16.449994,7,True,Tablet
W0012994,U00787,M00226,2026-03-02 15:04:16.449997,115,False,Tablet
W0012995,U00699,M00223,2025-11-22 15:04:16.450000,80,True,Laptop
W0012996,U00717,M00017,2025-09-19 15:04:16.450002,163,True,Mobile
W0012997,U00298,M00034,2025-11-13 15:04:16.450005,74,False,Laptop
W0012998,U00397,M00228,2025-06-15 15:04:16.450007,34,False,TV
W0012999,U00213,M00054,2025-07-04 15:04:16.450009,174,True,Laptop
W0013000,U00324,M00201,2025-12-27 15:04:16.450012,145,True,Tablet
W0013001,U01000,M00102,2025-05-15 15:04:16.450014,45,False,Tablet
W0013002,U00047,M00161,2026-05-01 15:04:16.450016,49,True,Tablet
W0013003,U00344,M00028,2025-06-11 15:04:16.450018,129,False,Tablet
W0013004,U00223,M00056,2025-05-24 15:04:16.450020,62,False,Tablet
W0013005,U00998,M00028,2025-08-20 15:04:16.450022,42,False,Mobile
W0013006,U00375,M00255,2026-01-21 15:04:16.450025,40,False,TV
W0013007,U00358,M00280,2025-12-17 15:04:16.450027,63,True,Laptop
W0013008,U00701,M00294,2025-12-25 15:04:16.450030,70,False,TV
W0013009,U00155,M00219,2025-12-31 15:04:16.450032,57,False,TV
W0013010,U00415,M00175,2025-10-24 15:04:16.450034,60,True,Mobile
W0013011,U00509,M00016,2026-02-21 15:04:16.450037,146,True,Laptop
W0013012,U00156,M00124,2025-12-22 15:04:16.450040,157,True,Mobile
W0013013,U00793,M00047,2025-06-16 15:04:16.450043,105,False,Laptop
W0013014,U00218,M00300,2026-02-17 15:04:16.450045,65,True,Tablet
W0013015,U00247,M00176,2025-05-17 15:04:16.450047,8,False,Mobile
W0013016,U00282,M00080,2025-09-29 15:04:16.450050,117,True,Mobile
W0013017,U00118,M00045,2026-04-17 15:04:16.450052,63,True,Mobile
W0013018,U00352,M00001,2025-06-05 15:04:16.450054,69,False,Laptop
W0013019,U00191,M00287,2026-04-03 15:04:16.450056,13,False,Mobile
W0013020,U00021,M00054,2025-11-28 15:04:16.450058,89,True,Laptop
W0013021,U00529,M00236,2026-03-24 15:04:16.450061,165,False,Laptop
W0013022,U00190,M00265,2025-06-16 15:04:16.450064,127,False,Mobile
W0013023,U00801,M00274,2025-12-07 15:04:16.450134,36,True,Laptop
W0013024,U00466,M00069,2026-02-09 15:04:16.450141,95,False,Tablet
W0013025,U00648,M00243,2025-06-29 15:04:16.450146,22,True,TV
W0013026,U00085,M00280,2025-11-12 15:04:16.450218,164,True,Mobile
W0013027,U00642,M00294,2026-01-01 15:04:16.450224,136,False,Laptop
W0013028,U00135,M00089,2026-03-31 15:04:16.450228,131,True,TV
W0013029,U00976,M00196,2026-02-12 15:04:16.450233,15,True,Laptop
W0013030,U00613,M00110,2025-06-03 15:04:16.450237,118,True,Tablet
W0013031,U00033,M00300,2025-10-25 15:04:16.450241,67,True,Laptop
W0013032,U00717,M00167,2025-10-23 15:04:16.450250,128,True,Tablet
W0013033,U00869,M00078,2026-02-08 15:04:16.450253,146,True,TV
W0013034,U00209,M00221,2025-09-17 15:04:16.450257,57,True,TV
W0013035,U00509,M00125,2026-02-26 15:04:16.450261,159,False,TV
W0013036,U00450,M00155,2025-11-08 15:04:16.450265,101,False,Mobile
W0013037,U00209,M00300,2025-08-27 15:04:16.450267,18,False,TV
W0013038,U00516,M00069,2025-09-22 15:04:16.450269,90,True,Tablet
W0013039,U00684,M00025,2026-04-24 15:04:16.450272,120,True,Tablet
W0013040,U00238,M00249,2025-09-26 15:04:16.450274,88,True,TV
W0013041,U00860,M00012,2025-07-11 15:04:16.450276,65,False,TV
W0013042,U00848,M00076,2025-05-25 15:04:16.450280,124,False,Laptop
W0013043,U00928,M00186,2026-03-22 15:04:16.450282,46,True,Mobile
W0013044,U00428,M00075,2026-01-14 15:04:16.450284,61,True,Tablet
W0013045,U00710,M00232,2025-12-04 15:04:16.450286,85,False,Mobile
W0013046,U00992,M00233,2025-07-23 15:04:16.450289,42,True,TV
W0013047,U00040,M00095,2025-10-21 15:04:16.450291,59,False,Tablet
W0013048,U00771,M00237,2026-03-18 15:04:16.450293,176,False,Tablet
W0013049,U00731,M00150,2025-06-05 15:04:16.450295,114,False,TV
W0013050,U00691,M00083,2025-06-14 15:04:16.450297,19,False,TV
W0013051,U00270,M00284,2025-09-02 15:04:16.450300,106,False,Laptop
W0013052,U00617,M00110,2026-05-01 15:04:16.450303,136,True,Laptop
W0013053,U00004,M00300,2025-11-15 15:04:16.450305,52,False,Mobile
W0013054,U00564,M00254,2025-08-16 15:04:16.450308,40,False,Mobile
W0013055,U00906,M00040,2025-12-24 15:04:16.450313,59,True,Tablet
W0013056,U00400,M00151,2025-10-12 15:04:16.450315,126,False,Tablet
W0013057,U00654,M00191,2026-01-15 15:04:16.450318,34,False,Mobile
W0013058,U00843,M00204,2025-06-08 15:04:16.450320,20,True,Mobile
W0013059,U00174,M00148,2025-10-16 15:04:16.450322,18,True,TV
W0013060,U00264,M00176,2026-03-19 15:04:16.450324,66,False,TV
W0013061,U00676,M00010,2025-09-06 15:04:16.450326,139,False,Tablet
W0013062,U00368,M00218,2026-02-20 15:04:16.450329,135,False,TV
W0013063,U00511,M00063,2025-12-26 15:04:16.450331,39,False,Tablet
W0013064,U00497,M00196,2026-04-26 15:04:16.450333,116,False,Tablet
W0013065,U00857,M00282,2026-03-28 15:04:16.450335,63,False,Mobile
W0013066,U00890,M00008,2025-11-01 15:04:16.450337,102,True,TV
W0013067,U00855,M00019,2026-02-02 15:04:16.450339,63,False,Tablet
W0013068,U00474,M00274,2025-09-20 15:04:16.450341,173,False,Laptop
W0013069,U00101,M00238,2026-04-05 15:04:16.450343,172,False,Laptop
W0013070,U00052,M00011,2025-07-30 15:04:16.450346,60,False,Tablet
W0013071,U00526,M00205,2026-01-15 15:04:16.450349,138,False,Laptop
W0013072,U00340,M00101,2025-11-08 15:04:16.450352,144,False,Mobile
W0013073,U00154,M00186,2025-11-20 15:04:16.450354,165,False,Laptop
W0013074,U00499,M00027,2025-12-28 15:04:16.450356,14,False,TV
W0013075,U00144,M00034,2026-03-06 15:04:16.450358,75,True,Tablet
W0013076,U00524,M00172,2025-11-25 15:04:16.450360,140,False,Laptop
W0013077,U00355,M00300,2026-02-17 15:04:16.450362,19,True,Laptop
W0013078,U00383,M00114,2026-04-21 15:04:16.450365,96,True,Mobile
W0013079,U00935,M00151,2025-10-25 15:04:16.450367,175,True,Laptop
W0013080,U00652,M00109,2025-09-09 15:04:16.450369,132,True,Laptop
W0013081,U00531,M00145,2025-05-28 15:04:16.450371,5,False,Laptop
W0013082,U00541,M00216,2026-04-21 15:04:16.450373,67,False,Laptop
W0013083,U00478,M00165,2025-07-02 15:04:16.450376,127,False,TV
W0013084,U00457,M00266,2025-05-30 15:04:16.450378,96,False,Mobile
W0013085,U00203,M00299,2026-04-13 15:04:16.450380,12,False,Tablet
W0013086,U00799,M00167,2026-04-14 15:04:16.450382,5,True,Mobile
W0013087,U00232,M00095,2026-04-26 15:04:16.450386,95,True,TV
W0013088,U00906,M00235,2026-04-09 15:04:16.450389,92,True,Mobile
W0013089,U00689,M00144,2025-09-06 15:04:16.450392,165,False,Laptop
W0013090,U00216,M00154,2025-09-20 15:04:16.450395,6,True,Tablet
W0013091,U00347,M00002,2025-07-07 15:04:16.450397,128,True,Tablet
W0013092,U00129,M00168,2025-10-12 15:04:16.450399,48,True,Tablet
W0013093,U00871,M00137,2025-07-06 15:04:16.450402,26,True,Tablet
W0013094,U00668,M00268,2025-08-29 15:04:16.450404,73,True,Mobile
W0013095,U00139,M00281,2025-06-12 15:04:16.450406,179,False,Tablet
W0013096,U00707,M00115,2025-08-15 15:04:16.450408,22,False,Tablet
W0013097,U00060,M00093,2025-05-20 15:04:16.450410,71,False,TV
W0013098,U00303,M00103,2026-02-13 15:04:16.450413,102,True,Mobile
W0013099,U00542,M00060,2026-04-25 15:04:16.450415,25,True,TV
W0013100,U00516,M00233,2025-05-26 15:04:16.450417,172,False,Tablet
W0013101,U00244,M00041,2026-03-27 15:04:16.450419,25,True,Mobile
W0013102,U00931,M00267,2025-12-17 15:04:16.450421,9,True,Tablet
W0013103,U00700,M00122,2025-12-02 15:04:16.450423,178,True,Tablet
W0013104,U00872,M00087,2026-01-19 15:04:16.450425,58,True,Mobile
W0013105,U00922,M00291,2026-02-18 15:04:16.450428,164,True,Tablet
W0013106,U00127,M00118,2026-03-23 15:04:16.450430,59,True,Laptop
W0013107,U00806,M00029,2025-06-05 15:04:16.450432,61,True,Tablet
W0013108,U00544,M00155,2025-10-15 15:04:16.450434,108,False,Laptop
W0013109,U00535,M00103,2025-12-27 15:04:16.450436,145,True,TV
W0013110,U00145,M00185,2026-04-02 15:04:16.450440,97,False,Laptop
W0013111,U00575,M00256,2025-09-18 15:04:16.450442,38,True,Tablet
W0013112,U00689,M00203,2025-09-20 15:04:16.450444,77,True,Laptop
W0013113,U00655,M00152,2026-04-16 15:04:16.450446,53,False,TV
W0013114,U00809,M00286,2026-02-13 15:04:16.450449,138,False,TV
W0013115,U00260,M00044,2025-07-08 15:04:16.450451,161,False,Tablet
W0013116,U00659,M00293,2026-03-10 15:04:16.450453,94,False,Mobile
W0013117,U00946,M00024,2026-02-06 15:04:16.450456,175,True,Mobile
W0013118,U00660,M00120,2025-11-23 15:04:16.450458,91,True,Tablet
W0013119,U00261,M00164,2026-02-26 15:04:16.450461,91,False,Laptop
W0013120,U00585,M00024,2025-11-06 15:04:16.450464,179,False,Laptop
W0013121,U00048,M00094,2025-11-25 15:04:16.450466,120,False,TV
W0013122,U00779,M00084,2025-06-06 15:04:16.450468,133,False,Laptop
W0013123,U00113,M00158,2025-06-07 15:04:16.450470,43,True,Laptop
W0013124,U00396,M00273,2025-06-25 15:04:16.450472,52,True,Laptop
W0013125,U00626,M00188,2025-05-25 15:04:16.450475,12,False,TV
W0013126,U00065,M00029,2026-01-28 15:04:16.450477,11,True,Laptop
W0013127,U00817,M00285,2025-08-25 15:04:16.450479,159,False,Laptop
W0013128,U00418,M00200,2025-08-18 15:04:16.450483,148,True,Tablet
W0013129,U00329,M00270,2025-08-19 15:04:16.450487,16,True,Mobile
W0013130,U00255,M00273,2025-12-12 15:04:16.450489,81,True,TV
W0013131,U00649,M00276,2026-01-27 15:04:16.450491,106,False,Mobile
W0013132,U00507,M00292,2025-08-04 15:04:16.450494,16,False,TV
W0013133,U00844,M00259,2026-04-05 15:04:16.450496,27,False,Laptop
W0013134,U00443,M00150,2025-08-26 15:04:16.450498,132,False,Mobile
W0013135,U00791,M00279,2025-09-09 15:04:16.450501,88,False,TV
W0013136,U00010,M00166,2025-10-06 15:04:16.450503,153,True,TV
W0013137,U00359,M00139,2026-01-21 15:04:16.450505,71,False,Laptop
W0013138,U00114,M00245,2026-02-15 15:04:16.450507,41,True,TV
W0013139,U00607,M00047,2025-11-07 15:04:16.450509,60,False,Mobile
W0013140,U00829,M00163,2025-06-06 15:04:16.450511,75,True,TV
W0013141,U00456,M00010,2025-08-21 15:04:16.450514,176,False,Laptop
W0013142,U00610,M00211,2026-03-04 15:04:16.450516,74,True,Mobile
W0013143,U00593,M00215,2025-07-16 15:04:16.450518,170,False,Mobile
W0013144,U00824,M00142,2026-04-22 15:04:16.450520,160,False,Tablet
W0013145,U00722,M00228,2025-10-02 15:04:16.450522,179,False,Mobile
W0013146,U00010,M00123,2025-12-24 15:04:16.450524,71,False,Tablet
W0013147,U00648,M00086,2025-08-10 15:04:16.450527,39,True,Mobile
W0013148,U00377,M00208,2025-12-25 15:04:16.450529,167,True,Mobile
W0013149,U00468,M00296,2026-03-18 15:04:16.450535,59,False,TV
W0013150,U00732,M00104,2026-04-16 15:04:16.450538,105,True,Laptop
W0013151,U00544,M00236,2026-01-13 15:04:16.450541,48,False,Laptop
W0013152,U00736,M00099,2025-06-07 15:04:16.450543,163,False,Mobile
W0013153,U00308,M00069,2025-10-03 15:04:16.450545,25,False,Tablet
W0013154,U00709,M00083,2025-06-09 15:04:16.450547,105,False,TV
W0013155,U00576,M00018,2026-03-17 15:04:16.450549,36,True,Mobile
W0013156,U00904,M00108,2025-06-23 15:04:16.450552,50,True,Tablet
W0013157,U00376,M00202,2025-06-24 15:04:16.450554,102,False,Mobile
W0013158,U00748,M00234,2026-02-18 15:04:16.450556,21,True,Mobile
W0013159,U00140,M00115,2025-09-20 15:04:16.450558,94,False,Laptop
W0013160,U00970,M00265,2026-02-22 15:04:16.450560,9,True,Mobile
W0013161,U00600,M00180,2025-12-29 15:04:16.450562,128,False,TV
W0013162,U00747,M00052,2025-07-23 15:04:16.450564,48,False,Laptop
W0013163,U00666,M00277,2026-04-16 15:04:16.450566,126,False,Mobile
W0013164,U00152,M00176,2025-06-25 15:04:16.450568,78,False,Mobile
W0013165,U00036,M00007,2026-02-24 15:04:16.450570,28,True,Mobile
W0013166,U00864,M00042,2026-02-28 15:04:16.450572,92,True,TV
W0013167,U00164,M00178,2025-08-31 15:04:16.450575,54,True,Tablet
W0013168,U00868,M00141,2026-01-05 15:04:16.450578,81,True,Laptop
W0013169,U00002,M00259,2026-03-10 15:04:16.450581,36,False,Mobile
W0013170,U00861,M00029,2026-01-24 15:04:16.450583,69,True,TV
W0013171,U00426,M00039,2026-04-27 15:04:16.450585,157,False,Mobile
W0013172,U00412,M00176,2026-03-11 15:04:16.450587,36,True,TV
W0013173,U00917,M00297,2025-11-29 15:04:16.450589,5,True,Mobile
W0013174,U00434,M00073,2025-09-08 15:04:16.450592,168,False,TV
W0013175,U00638,M00146,2025-10-31 15:04:16.450594,144,True,Mobile
W0013176,U00786,M00118,2025-06-28 15:04:16.450596,60,True,Tablet
W0013177,U00045,M00299,2025-07-09 15:04:16.450598,103,True,TV
W0013178,U00336,M00165,2025-10-02 15:04:16.450600,102,True,Laptop
W0013179,U00243,M00163,2025-11-17 15:04:16.450602,135,False,Tablet
W0013180,U00114,M00077,2026-05-08 15:04:16.450604,121,True,Laptop
W0013181,U00543,M00108,2026-03-18 15:04:16.450606,8,True,Mobile
W0013182,U00706,M00295,2025-12-20 15:04:16.450608,20,True,Laptop
W0013183,U00685,M00265,2025-12-09 15:04:16.450612,19,True,Mobile
W0013184,U00752,M00170,2025-11-01 15:04:16.450615,171,False,Laptop
W0013185,U00559,M00260,2025-08-11 15:04:16.450617,17,False,TV
W0013186,U00412,M00017,2025-06-22 15:04:16.450619,174,False,Tablet
W0013187,U00905,M00174,2025-07-23 15:04:16.450621,147,True,Tablet
W0013188,U00332,M00294,2025-07-24 15:04:16.450676,117,True,Laptop
W0013189,U00009,M00177,2025-07-01 15:04:16.450686,126,True,Tablet
W0013190,U00713,M00063,2025-12-29 15:04:16.450690,57,True,Laptop
W0013191,U00237,M00275,2026-04-26 15:04:16.450693,109,False,Mobile
W0013192,U00929,M00150,2026-03-07 15:04:16.450696,26,True,TV
W0013193,U00426,M00278,2026-03-24 15:04:16.450699,34,False,TV
W0013194,U00726,M00252,2026-01-27 15:04:16.450701,138,False,Mobile
W0013195,U00083,M00180,2025-07-27 15:04:16.450703,43,True,Laptop
W0013196,U00826,M00291,2025-05-20 15:04:16.450706,156,True,TV
W0013197,U00363,M00207,2025-08-08 15:04:16.450708,12,False,Mobile
W0013198,U00989,M00123,2025-12-26 15:04:16.450710,110,True,Tablet
W0013199,U00228,M00241,2026-03-11 15:04:16.450713,73,True,Mobile
W0013200,U00395,M00023,2025-06-09 15:04:16.450715,119,False,Tablet
W0013201,U00997,M00011,2025-05-21 15:04:16.450717,132,True,Laptop
W0013202,U00601,M00193,2025-10-13 15:04:16.450719,133,True,Laptop
W0013203,U00201,M00241,2025-11-09 15:04:16.450722,71,True,Tablet
W0013204,U00030,M00091,2026-01-27 15:04:16.450724,137,True,Laptop
W0013205,U00178,M00283,2026-04-05 15:04:16.450726,180,True,TV
W0013206,U00924,M00048,2025-11-10 15:04:16.450728,25,False,Mobile
W0013207,U00836,M00109,2026-01-18 15:04:16.450733,136,True,Mobile
W0013208,U00074,M00020,2025-12-08 15:04:16.450736,177,False,TV
W0013209,U00918,M00126,2025-07-26 15:04:16.450739,135,False,TV
W0013210,U00026,M00283,2026-01-11 15:04:16.450742,93,False,Laptop
W0013211,U00055,M00079,2026-03-09 15:04:16.450744,145,True,TV
W0013212,U00239,M00037,2026-02-17 15:04:16.450749,93,False,Tablet
W0013213,U00368,M00125,2026-02-05 15:04:16.450752,26,True,Laptop
W0013214,U00702,M00147,2025-07-03 15:04:16.450755,65,False,TV
W0013215,U00226,M00080,2025-11-14 15:04:16.450758,129,True,Mobile
W0013216,U00899,M00288,2025-10-12 15:04:16.450760,23,False,Tablet
W0013217,U00353,M00004,2026-03-10 15:04:16.450762,36,True,Mobile
W0013218,U00515,M00258,2025-09-16 15:04:16.450765,101,True,Mobile
W0013219,U00194,M00144,2025-12-24 15:04:16.450767,119,True,Laptop
W0013220,U00830,M00062,2025-11-29 15:04:16.450769,46,True,Tablet
W0013221,U00965,M00219,2026-03-10 15:04:16.450772,155,True,Tablet
W0013222,U00164,M00118,2025-11-18 15:04:16.450774,87,False,Tablet
W0013223,U00629,M00079,2025-05-26 15:04:16.450777,148,True,Tablet
W0013224,U00230,M00199,2026-03-26 15:04:16.450779,74,False,TV
W0013225,U00450,M00196,2026-03-06 15:04:16.450781,16,True,Tablet
W0013226,U00439,M00165,2025-05-16 15:04:16.450783,67,False,Mobile
W0013227,U00605,M00024,2025-10-19 15:04:16.450788,79,True,Laptop
W0013228,U00410,M00220,2026-01-06 15:04:16.450790,24,True,Mobile
W0013229,U00453,M00033,2025-11-03 15:04:16.450793,109,False,TV
W0013230,U00091,M00230,2025-07-22 15:04:16.450795,103,True,Tablet
W0013231,U00109,M00299,2026-03-27 15:04:16.450798,44,True,Mobile
W0013232,U00812,M00293,2026-04-24 15:04:16.450800,153,False,Laptop
W0013233,U00720,M00108,2026-03-14 15:04:16.450802,84,False,Mobile
W0013234,U00216,M00113,2025-06-04 15:04:16.450805,104,False,Mobile
W0013235,U00831,M00150,2025-12-08 15:04:16.450807,39,False,TV
W0013236,U00108,M00233,2025-11-20 15:04:16.450810,69,False,TV
W0013237,U00747,M00056,2026-04-10 15:04:16.450812,121,True,TV
W0013238,U00906,M00163,2026-05-03 15:04:16.450814,75,False,TV
W0013239,U00507,M00015,2025-11-03 15:04:16.450816,73,False,Mobile
W0013240,U00829,M00123,2026-05-07 15:04:16.450818,22,True,Laptop
W0013241,U00688,M00130,2025-11-23 15:04:16.450821,57,False,Mobile
W0013242,U00738,M00161,2025-10-28 15:04:16.450823,125,True,Mobile
W0013243,U00814,M00279,2025-10-29 15:04:16.450825,115,False,Tablet
W0013244,U00055,M00258,2025-10-16 15:04:16.450827,49,True,Tablet
W0013245,U00780,M00161,2026-05-08 15:04:16.450829,149,False,Tablet
W0013246,U00308,M00211,2025-09-18 15:04:16.450834,52,False,Tablet
W0013247,U00498,M00173,2025-09-17 15:04:16.450836,24,True,Laptop
W0013248,U00325,M00286,2025-08-02 15:04:16.450839,12,True,Laptop
W0013249,U00995,M00245,2025-07-21 15:04:16.450842,76,False,Laptop
W0013250,U00464,M00154,2026-03-08 15:04:16.450844,15,True,TV
W0013251,U00438,M00145,2025-09-11 15:04:16.450847,79,True,TV
W0013252,U00815,M00131,2025-08-23 15:04:16.450849,147,True,Mobile
W0013253,U00093,M00281,2025-08-29 15:04:16.450851,133,True,TV
W0013254,U00979,M00065,2025-10-08 15:04:16.450854,115,True,TV
W0013255,U00767,M00238,2025-09-04 15:04:16.450856,108,True,Mobile
W0013256,U00299,M00173,2025-12-30 15:04:16.450858,27,False,Laptop
W0013257,U00409,M00059,2026-05-03 15:04:16.450861,98,False,Mobile
W0013258,U00968,M00179,2025-09-14 15:04:16.450864,34,True,Mobile
W0013259,U00491,M00041,2025-06-02 15:04:16.450866,26,False,Mobile
W0013260,U00278,M00097,2026-04-14 15:04:16.450868,147,False,TV
W0013261,U00423,M00299,2026-02-10 15:04:16.450871,63,False,Mobile
W0013262,U00268,M00235,2025-06-18 15:04:16.450873,10,True,Tablet
W0013263,U00207,M00243,2025-07-25 15:04:16.450875,146,False,Tablet
W0013264,U00564,M00224,2026-02-18 15:04:16.450878,174,True,Tablet
W0013265,U00222,M00113,2025-06-08 15:04:16.450880,107,False,Tablet
W0013266,U00740,M00056,2025-11-23 15:04:16.450884,129,True,Tablet
W0013267,U00322,M00080,2025-05-10 15:04:16.450887,160,False,Tablet
W0013268,U00012,M00122,2025-06-20 15:04:16.450889,117,True,Mobile
W0013269,U00953,M00295,2026-01-29 15:04:16.450891,61,False,Laptop
W0013270,U00826,M00049,2025-12-04 15:04:16.450894,105,True,TV
W0013271,U00633,M00009,2025-06-14 15:04:16.450896,131,True,Laptop
W0013272,U00729,M00044,2025-10-09 15:04:16.450898,123,False,TV
W0013273,U00807,M00056,2026-02-22 15:04:16.450899,41,False,TV
W0013274,U00709,M00296,2025-08-06 15:04:16.450902,21,True,Laptop
W0013275,U00735,M00245,2026-01-27 15:04:16.450904,84,True,Laptop
W0013276,U00791,M00174,2025-12-22 15:04:16.450906,81,False,Laptop
W0013277,U00904,M00166,2025-05-15 15:04:16.450908,66,True,Mobile
W0013278,U00608,M00122,2026-04-07 15:04:16.450912,97,True,Mobile
W0013279,U00481,M00260,2026-04-24 15:04:16.450915,113,False,Mobile
W0013280,U00046,M00292,2026-01-02 15:04:16.450917,32,True,Laptop
W0013281,U00571,M00281,2026-02-03 15:04:16.450919,167,False,Mobile
W0013282,U00079,M00143,2026-04-24 15:04:16.450922,89,False,TV
W0013283,U00120,M00228,2026-05-04 15:04:16.450924,86,False,Mobile
W0013284,U00052,M00071,2025-09-08 15:04:16.450927,72,False,Laptop
W0013285,U00589,M00128,2026-02-05 15:04:16.450931,22,False,TV
W0013286,U00191,M00286,2026-03-21 15:04:16.450933,95,True,Tablet
W0013287,U00981,M00197,2025-05-16 15:04:16.450936,57,True,Laptop
W0013288,U00918,M00061,2025-12-26 15:04:16.450938,109,False,TV
W0013289,U00504,M00257,2025-06-10 15:04:16.450956,164,True,TV
W0013290,U00489,M00056,2025-09-09 15:04:16.450960,119,True,Laptop
W0013291,U00246,M00298,2025-09-07 15:04:16.450963,70,True,Tablet
W0013292,U00957,M00025,2025-06-07 15:04:16.450965,39,True,Tablet
W0013293,U00146,M00254,2025-11-26 15:04:16.450968,37,True,Laptop
W0013294,U00891,M00012,2025-11-24 15:04:16.450970,29,True,TV
W0013295,U00479,M00192,2026-02-08 15:04:16.450972,88,True,Mobile
W0013296,U00441,M00160,2026-02-21 15:04:16.450974,148,False,TV
W0013297,U00376,M00167,2025-08-29 15:04:16.450978,108,False,Tablet
W0013298,U00479,M00176,2025-10-19 15:04:16.450981,107,False,Laptop
W0013299,U00947,M00030,2025-07-13 15:04:16.450983,118,False,Laptop
W0013300,U00402,M00027,2026-04-21 15:04:16.450985,100,False,TV
W0013301,U00943,M00001,2025-11-10 15:04:16.450987,151,True,Laptop
W0013302,U00313,M00199,2025-10-09 15:04:16.450989,152,True,Laptop
W0013303,U00994,M00072,2025-11-03 15:04:16.450991,136,False,Mobile
W0013304,U00198,M00211,2026-03-25 15:04:16.450993,49,False,Tablet
W0013305,U00140,M00181,2025-11-05 15:04:16.450998,159,True,Laptop
W0013306,U00536,M00202,2025-05-10 15:04:16.451001,20,False,TV
W0013307,U00258,M00125,2025-11-27 15:04:16.451003,143,True,Tablet
W0013308,U00707,M00148,2025-06-25 15:04:16.451005,171,False,Tablet
W0013309,U00180,M00146,2025-05-27 15:04:16.451007,42,False,Laptop
W0013310,U00867,M00016,2026-02-16 15:04:16.451011,10,False,TV
W0013311,U00409,M00141,2026-02-07 15:04:16.451014,83,False,Tablet
W0013312,U00841,M00021,2025-12-24 15:04:16.451016,57,False,Laptop
W0013313,U00757,M00042,2025-06-14 15:04:16.451018,13,False,Mobile
W0013314,U00531,M00151,2026-05-04 15:04:16.451020,102,False,Tablet
W0013315,U00621,M00198,2025-11-11 15:04:16.451022,37,True,Tablet
W0013316,U00235,M00026,2025-06-07 15:04:16.451024,175,True,Tablet
W0013317,U00991,M00163,2026-01-02 15:04:16.451026,15,False,Laptop
W0013318,U00204,M00163,2026-01-20 15:04:16.451028,157,False,Tablet
W0013319,U00158,M00295,2026-04-18 15:04:16.451030,84,True,Tablet
W0013320,U00874,M00110,2025-11-24 15:04:16.451032,172,True,Laptop
W0013321,U00502,M00174,2025-07-23 15:04:16.451035,88,False,TV
W0013322,U00149,M00246,2025-07-26 15:04:16.451037,85,False,Mobile
W0013323,U00728,M00077,2025-10-23 15:04:16.451039,166,True,Mobile
W0013324,U00205,M00264,2025-07-24 15:04:16.451042,142,True,Mobile
W0013325,U00766,M00277,2025-10-17 15:04:16.451044,167,False,Tablet
W0013326,U00357,M00026,2025-05-19 15:04:16.451046,54,False,Mobile
W0013327,U00162,M00056,2026-04-02 15:04:16.451048,14,True,Tablet
W0013328,U00715,M00235,2025-06-25 15:04:16.451050,108,True,Laptop
W0013329,U00523,M00275,2025-07-14 15:04:16.451053,172,True,Laptop
W0013330,U00865,M00129,2025-09-19 15:04:16.451055,68,False,TV
W0013331,U00420,M00251,2025-09-21 15:04:16.451057,147,False,Mobile
W0013332,U00674,M00156,2026-02-17 15:04:16.451059,101,True,Laptop
W0013333,U00355,M00256,2026-02-14 15:04:16.451062,161,False,Mobile
W0013334,U00286,M00060,2026-03-09 15:04:16.451064,152,True,TV
W0013335,U00189,M00213,2026-01-29 15:04:16.451066,141,False,Tablet
W0013336,U00746,M00054,2026-03-24 15:04:16.451069,123,False,TV
W0013337,U00655,M00105,2025-05-09 15:04:16.451071,48,False,Tablet
W0013338,U00042,M00289,2026-04-26 15:04:16.451073,143,True,Tablet
W0013339,U00949,M00231,2026-04-20 15:04:16.451076,11,True,Mobile
W0013340,U00980,M00280,2025-06-24 15:04:16.451078,140,True,TV
W0013341,U00831,M00047,2025-11-27 15:04:16.451080,104,False,Laptop
W0013342,U00603,M00130,2026-05-06 15:04:16.451084,62,False,TV
W0013343,U00293,M00214,2025-09-09 15:04:16.451087,101,False,Tablet
W0013344,U00746,M00088,2025-09-23 15:04:16.451090,163,True,Laptop
W0013345,U00453,M00045,2026-04-17 15:04:16.451092,95,False,Mobile
W0013346,U00906,M00125,2025-07-08 15:04:16.451094,134,True,Tablet
W0013347,U00763,M00156,2025-05-30 15:04:16.451096,17,True,Tablet
W0013348,U00297,M00175,2025-09-10 15:04:16.451099,10,True,Tablet
W0013349,U00471,M00236,2026-05-02 15:04:16.451101,53,False,Laptop
W0013350,U00296,M00149,2025-08-27 15:04:16.451103,158,True,Laptop
W0013351,U00343,M00099,2025-09-21 15:04:16.451105,143,True,TV
W0013352,U00916,M00251,2025-08-03 15:04:16.451107,69,False,Mobile
W0013353,U00502,M00282,2025-12-29 15:04:16.451109,126,False,Mobile
W0013354,U00765,M00136,2026-01-06 15:04:16.451111,15,True,Mobile
W0013355,U00825,M00150,2026-02-14 15:04:16.451113,5,False,TV
W0013356,U00009,M00225,2025-09-04 15:04:16.451115,33,False,Mobile
W0013357,U00559,M00269,2025-07-17 15:04:16.451117,57,True,Mobile
W0013358,U00100,M00040,2026-04-11 15:04:16.451119,88,False,Laptop
W0013359,U00550,M00137,2025-08-20 15:04:16.451121,29,False,Tablet
W0013360,U00206,M00125,2025-08-22 15:04:16.451124,127,True,TV
W0013361,U00098,M00248,2025-12-15 15:04:16.451126,161,True,Tablet
W0013362,U00732,M00283,2025-11-23 15:04:16.451128,77,True,Tablet
W0013363,U00127,M00272,2025-12-07 15:04:16.451167,35,False,Tablet
W0013364,U00636,M00258,2025-08-13 15:04:16.451175,24,True,Laptop
W0013365,U00464,M00009,2025-10-04 15:04:16.451179,8,False,TV
W0013366,U00290,M00183,2025-05-18 15:04:16.451182,20,False,Tablet
W0013367,U00357,M00104,2025-06-03 15:04:16.451185,161,True,TV
W0013368,U00552,M00177,2026-04-16 15:04:16.451187,54,True,Laptop
W0013369,U00324,M00211,2025-12-22 15:04:16.451189,57,False,Tablet
W0013370,U00537,M00141,2025-09-04 15:04:16.451191,171,False,TV
W0013371,U00402,M00168,2025-11-04 15:04:16.451194,11,True,Laptop
W0013372,U00173,M00299,2025-05-27 15:04:16.451196,76,True,Laptop
W0013373,U00442,M00230,2026-05-04 15:04:16.451198,91,True,Mobile
W0013374,U00886,M00081,2025-12-01 15:04:16.451204,131,False,Laptop
W0013375,U00667,M00295,2025-12-05 15:04:16.451206,118,False,TV
W0013376,U00443,M00283,2025-09-28 15:04:16.451208,150,False,TV
W0013377,U00120,M00271,2025-07-22 15:04:16.451211,92,True,TV
W0013378,U00673,M00287,2025-08-29 15:04:16.451213,43,True,Mobile
W0013379,U00304,M00256,2025-12-17 15:04:16.451215,85,False,Tablet
W0013380,U00924,M00013,2025-07-27 15:04:16.451217,168,True,Tablet
W0013381,U00207,M00269,2026-03-23 15:04:16.451219,113,True,Laptop
W0013382,U00174,M00159,2026-02-27 15:04:16.451223,146,True,Mobile
W0013383,U00809,M00274,2025-07-04 15:04:16.451227,163,True,TV
W0013384,U00746,M00231,2026-01-05 15:04:16.451229,74,True,Tablet
W0013385,U00400,M00055,2026-02-10 15:04:16.451231,92,True,Mobile
W0013386,U00027,M00003,2026-01-05 15:04:16.451233,74,False,Laptop
W0013387,U00822,M00230,2025-09-28 15:04:16.451235,32,False,TV
W0013388,U00405,M00076,2026-03-06 15:04:16.451237,35,False,Laptop
W0013389,U00131,M00193,2025-09-23 15:04:16.451239,177,True,Tablet
W0013390,U00540,M00129,2025-11-20 15:04:16.451242,133,False,Mobile
W0013391,U00467,M00186,2025-10-31 15:04:16.451244,100,True,Mobile
W0013392,U00131,M00298,2025-08-19 15:04:16.451246,84,True,TV
W0013393,U00922,M00254,2026-02-02 15:04:16.451248,114,False,Laptop
W0013394,U00929,M00231,2025-06-23 15:04:16.451250,92,True,TV
W0013395,U00418,M00250,2025-11-14 15:04:16.451252,73,False,TV
W0013396,U00690,M00016,2025-07-23 15:04:16.451254,28,False,Laptop
W0013397,U00542,M00125,2025-05-20 15:04:16.451256,100,True,TV
W0013398,U00674,M00054,2025-10-05 15:04:16.451258,149,False,TV
W0013399,U00740,M00049,2026-01-18 15:04:16.451260,32,True,Mobile
W0013400,U00331,M00094,2025-06-12 15:04:16.451262,69,True,TV
W0013401,U00954,M00080,2025-07-10 15:04:16.451264,91,True,TV
W0013402,U00007,M00278,2025-11-23 15:04:16.451267,107,False,Mobile
W0013403,U00710,M00119,2026-01-29 15:04:16.451270,57,False,Laptop
W0013404,U00993,M00176,2025-06-30 15:04:16.451272,162,True,Mobile
W0013405,U00700,M00079,2025-09-04 15:04:16.451275,9,False,Tablet
W0013406,U00045,M00163,2026-01-20 15:04:16.451281,170,False,TV
W0013407,U00353,M00215,2025-11-28 15:04:16.451283,71,False,TV
W0013408,U00682,M00034,2025-08-01 15:04:16.451285,51,False,Tablet
W0013409,U00719,M00060,2025-09-01 15:04:16.451288,5,False,Laptop
W0013410,U00619,M00229,2026-03-08 15:04:16.451290,100,False,TV
W0013411,U00558,M00255,2025-08-15 15:04:16.451292,60,False,Laptop
W0013412,U00069,M00089,2026-03-31 15:04:16.451295,33,True,Mobile
W0013413,U00377,M00256,2025-08-11 15:04:16.451297,168,False,TV
W0013414,U00977,M00124,2025-11-03 15:04:16.451299,64,True,Tablet
W0013415,U00062,M00166,2025-10-24 15:04:16.451301,74,True,Mobile
W0013416,U00587,M00105,2025-05-21 15:04:16.451303,157,False,Laptop
W0013417,U00673,M00227,2025-07-31 15:04:16.451305,18,False,Tablet
W0013418,U00683,M00245,2025-09-04 15:04:16.451307,90,True,TV
W0013419,U00639,M00058,2025-06-16 15:04:16.451309,59,True,Mobile
W0013420,U00736,M00036,2025-07-17 15:04:16.451311,52,False,Mobile
W0013421,U00008,M00122,2026-01-18 15:04:16.451313,164,False,Mobile
W0013422,U00112,M00062,2026-04-02 15:04:16.451316,165,False,Laptop
W0013423,U00801,M00275,2025-06-05 15:04:16.451319,159,False,Mobile
W0013424,U00815,M00255,2026-01-11 15:04:16.451321,15,False,Laptop
W0013425,U00337,M00059,2025-11-12 15:04:16.451323,149,False,Mobile
W0013426,U00634,M00110,2025-08-09 15:04:16.451325,177,False,Tablet
W0013427,U00407,M00095,2026-03-11 15:04:16.451327,88,True,Mobile
W0013428,U00374,M00294,2025-08-06 15:04:16.451330,145,True,TV
W0013429,U00589,M00048,2026-03-23 15:04:16.451332,29,False,TV
W0013430,U00374,M00135,2026-04-13 15:04:16.451334,109,True,TV
W0013431,U00926,M00131,2025-12-11 15:04:16.451336,77,False,Laptop
W0013432,U00628,M00293,2026-03-11 15:04:16.451338,81,True,Tablet
W0013433,U00438,M00227,2026-02-09 15:04:16.451340,164,False,Tablet
W0013434,U00364,M00258,2025-06-27 15:04:16.451342,165,False,TV
W0013435,U00292,M00075,2026-02-04 15:04:16.451345,76,False,Laptop
W0013436,U00044,M00258,2025-06-20 15:04:16.451347,56,True,TV
W0013437,U00806,M00254,2026-03-30 15:04:16.451349,98,True,Mobile
W0013438,U00862,M00184,2026-03-15 15:04:16.451353,151,True,TV
W0013439,U00415,M00107,2026-04-03 15:04:16.451355,58,True,Tablet
W0013440,U00219,M00079,2026-04-17 15:04:16.451357,21,True,Tablet
W0013441,U00295,M00273,2026-01-05 15:04:16.451361,126,False,Laptop
W0013442,U00589,M00056,2025-12-23 15:04:16.451363,28,True,Mobile
W0013443,U00835,M00137,2025-06-08 15:04:16.451365,28,False,TV
W0013444,U00664,M00113,2025-08-02 15:04:16.451368,132,True,TV
W0013445,U00806,M00232,2025-09-08 15:04:16.451370,166,True,TV
W0013446,U00908,M00117,2025-06-25 15:04:16.451372,77,True,Tablet
W0013447,U00177,M00084,2025-08-29 15:04:16.451374,126,True,Mobile
W0013448,U00012,M00022,2025-08-19 15:04:16.451376,112,True,Laptop
W0013449,U00236,M00116,2026-04-28 15:04:16.451378,94,False,TV
W0013450,U00256,M00223,2025-10-15 15:04:16.451380,102,False,Laptop
W0013451,U00344,M00176,2025-08-04 15:04:16.451383,179,False,Mobile
W0013452,U00547,M00036,2025-05-12 15:04:16.451385,126,True,Tablet
W0013453,U00318,M00131,2026-04-18 15:04:16.451387,50,True,TV
W0013454,U00128,M00029,2025-06-18 15:04:16.451389,42,True,TV
W0013455,U00849,M00217,2025-06-15 15:04:16.451391,57,False,TV
W0013456,U00115,M00006,2025-11-23 15:04:16.451393,12,True,TV
W0013457,U00101,M00268,2025-11-17 15:04:16.451395,61,False,Laptop
W0013458,U00646,M00163,2026-01-27 15:04:16.451397,61,True,Tablet
W0013459,U00723,M00122,2026-02-12 15:04:16.451399,8,False,Tablet
W0013460,U00779,M00025,2025-05-11 15:04:16.451401,122,False,Laptop
W0013461,U00682,M00022,2025-08-13 15:04:16.451404,161,False,Mobile
W0013462,U00131,M00205,2025-11-26 15:04:16.451407,53,True,Laptop
W0013463,U00327,M00272,2026-03-07 15:04:16.451409,22,False,Laptop
W0013464,U00151,M00227,2025-08-26 15:04:16.451411,156,True,TV
W0013465,U00552,M00193,2025-11-14 15:04:16.451413,165,False,TV
W0013466,U00026,M00171,2025-08-15 15:04:16.451415,89,False,Mobile
W0013467,U00478,M00039,2025-09-06 15:04:16.451417,91,True,Tablet
W0013468,U00184,M00182,2026-05-01 15:04:16.451422,98,False,Tablet
W0013469,U00889,M00105,2026-04-17 15:04:16.451425,33,True,Mobile
W0013470,U00171,M00188,2025-08-29 15:04:16.451427,140,True,Tablet
W0013471,U00013,M00004,2026-02-16 15:04:16.451430,47,False,Laptop
W0013472,U00041,M00047,2025-06-19 15:04:16.451432,146,False,TV
W0013473,U00392,M00300,2025-06-24 15:04:16.451434,140,True,TV
W0013474,U00274,M00030,2025-07-30 15:04:16.451437,163,True,Tablet
W0013475,U00146,M00278,2026-03-12 15:04:16.451439,105,False,TV
W0013476,U00079,M00210,2025-06-13 15:04:16.451442,17,True,TV
W0013477,U00130,M00078,2025-08-06 15:04:16.451444,27,False,Mobile
W0013478,U00773,M00290,2026-02-15 15:04:16.451446,61,False,Tablet
W0013479,U00912,M00135,2026-03-20 15:04:16.451448,69,False,Laptop
W0013480,U00745,M00210,2025-08-30 15:04:16.451452,176,True,Tablet
W0013481,U00247,M00137,2025-05-15 15:04:16.451455,173,False,Mobile
W0013482,U00923,M00002,2025-08-22 15:04:16.451458,49,False,TV
W0013483,U00173,M00011,2025-10-09 15:04:16.451460,153,False,Laptop
W0013484,U00831,M00205,2026-01-28 15:04:16.451462,42,False,Laptop
W0013485,U00253,M00130,2025-12-24 15:04:16.451464,19,False,Laptop
W0013486,U00174,M00110,2025-08-04 15:04:16.451467,177,False,Laptop
W0013487,U00439,M00094,2026-01-03 15:04:16.451469,118,False,Laptop
W0013488,U00879,M00073,2025-10-14 15:04:16.451471,128,True,Tablet
W0013489,U00757,M00131,2025-12-25 15:04:16.451473,28,False,TV
W0013490,U00058,M00294,2026-01-29 15:04:16.451475,42,True,Tablet
W0013491,U00061,M00064,2025-11-23 15:04:16.451477,96,False,Laptop
W0013492,U00142,M00263,2025-09-24 15:04:16.451479,145,False,Tablet
W0013493,U00929,M00038,2026-01-01 15:04:16.451481,53,True,TV
W0013494,U00741,M00229,2025-10-18 15:04:16.451483,133,False,Tablet
W0013495,U00141,M00097,2026-05-02 15:04:16.451485,77,True,Laptop
W0013496,U00505,M00129,2025-09-12 15:04:16.451487,55,False,Tablet
W0013497,U00934,M00001,2025-06-05 15:04:16.451489,93,False,Laptop
W0013498,U00617,M00050,2025-07-18 15:04:16.451491,13,False,Mobile
W0013499,U00380,M00233,2025-08-01 15:04:16.451493,115,False,Mobile
W0013500,U00697,M00025,2026-01-14 15:04:16.451496,141,True,Tablet
W0013501,U00401,M00051,2025-07-10 15:04:16.451500,53,False,Laptop
W0013502,U00600,M00185,2025-09-15 15:04:16.451502,175,False,TV
W0013503,U00922,M00245,2026-02-03 15:04:16.451505,11,True,Mobile
W0013504,U00431,M00079,2025-12-04 15:04:16.451507,112,False,Mobile
W0013505,U00803,M00024,2025-10-11 15:04:16.451509,86,False,Laptop
W0013506,U00961,M00070,2026-03-03 15:04:16.451511,112,True,Laptop
W0013507,U00814,M00038,2025-10-28 15:04:16.451513,153,True,Mobile
W0013508,U00430,M00015,2026-01-26 15:04:16.451515,29,False,Tablet
W0013509,U00075,M00043,2025-06-26 15:04:16.451517,8,False,Mobile
W0013510,U00008,M00286,2025-12-01 15:04:16.451519,108,False,TV
W0013511,U00351,M00160,2026-01-31 15:04:16.451521,128,True,Tablet
W0013512,U00646,M00167,2025-11-21 15:04:16.451523,29,False,Tablet
W0013513,U00591,M00001,2025-10-30 15:04:16.451525,148,False,Tablet
W0013514,U00041,M00089,2026-02-12 15:04:16.451527,64,False,TV
W0013515,U00693,M00140,2025-05-19 15:04:16.451529,174,True,Tablet
W0013516,U00950,M00283,2026-03-30 15:04:16.451531,84,True,Tablet
W0013517,U00430,M00023,2025-05-09 15:04:16.451533,116,True,Tablet
W0013518,U00512,M00264,2025-07-03 15:04:16.451535,70,False,TV
W0013519,U00606,M00071,2025-05-20 15:04:16.451539,159,False,Tablet
W0013520,U00161,M00285,2026-03-04 15:04:16.451541,42,False,Mobile
W0013521,U00610,M00194,2026-05-06 15:04:16.451544,108,True,Laptop
W0013522,U00826,M00055,2025-09-04 15:04:16.451545,145,True,Laptop
W0013523,U00261,M00190,2025-11-30 15:04:16.451547,32,False,Laptop
W0013524,U00161,M00069,2025-11-17 15:04:16.451549,155,True,TV
W0013525,U00618,M00156,2025-07-15 15:04:16.451551,88,False,Tablet
W0013526,U00636,M00089,2026-02-18 15:04:16.451553,93,True,TV
W0013527,U00197,M00207,2026-01-31 15:04:16.451556,35,False,TV
W0013528,U00225,M00057,2025-07-14 15:04:16.451558,113,True,TV
W0013529,U00764,M00037,2025-09-20 15:04:16.451561,58,True,Tablet
W0013530,U00559,M00069,2025-09-17 15:04:16.451563,175,True,Laptop
W0013531,U00557,M00187,2025-11-23 15:04:16.451565,71,True,Mobile
W0013532,U00111,M00163,2025-07-20 15:04:16.451567,89,True,Laptop
W0013533,U00190,M00183,2026-03-02 15:04:16.451614,179,True,TV
W0013534,U00287,M00052,2025-07-11 15:04:16.451621,77,True,Tablet
W0013535,U00114,M00100,2025-08-01 15:04:16.451624,64,True,Laptop
W0013536,U00353,M00072,2026-01-19 15:04:16.451627,72,False,Tablet
W0013537,U00209,M00069,2026-02-13 15:04:16.451629,105,True,Mobile
W0013538,U00661,M00197,2025-10-12 15:04:16.451632,13,False,Laptop
W0013539,U00141,M00136,2026-04-27 15:04:16.451635,74,True,Mobile
W0013540,U00636,M00013,2025-10-21 15:04:16.451638,169,False,Tablet
W0013541,U00850,M00244,2025-10-30 15:04:16.451640,9,True,Mobile
W0013542,U00129,M00187,2025-11-25 15:04:16.451643,44,True,Mobile
W0013543,U00583,M00110,2026-03-24 15:04:16.451645,173,True,Tablet
W0013544,U00427,M00031,2025-06-13 15:04:16.451647,38,False,Mobile
W0013545,U00171,M00239,2025-06-11 15:04:16.451649,57,True,TV
W0013546,U00335,M00236,2025-05-12 15:04:16.451651,64,False,Laptop
W0013547,U00874,M00130,2025-12-01 15:04:16.451653,48,False,TV
W0013548,U00687,M00290,2025-09-03 15:04:16.451655,29,False,Tablet
W0013549,U00413,M00278,2025-07-23 15:04:16.451657,84,False,Mobile
W0013550,U00802,M00101,2025-08-18 15:04:16.451660,170,False,Mobile
W0013551,U00275,M00227,2025-07-02 15:04:16.451662,138,True,Laptop
W0013552,U00709,M00015,2025-11-18 15:04:16.451666,90,True,Tablet
W0013553,U00187,M00044,2025-05-21 15:04:16.451669,133,True,Laptop
W0013554,U00483,M00096,2025-09-28 15:04:16.451671,172,True,Tablet
W0013555,U00067,M00134,2025-12-19 15:04:16.451673,14,False,TV
W0013556,U00298,M00131,2025-08-09 15:04:16.451675,154,True,Mobile
W0013557,U00927,M00265,2025-06-22 15:04:16.451678,154,True,TV
W0013558,U00720,M00184,2025-10-14 15:04:16.451681,112,False,TV
W0013559,U00846,M00066,2026-03-04 15:04:16.451683,67,False,Mobile
W0013560,U00089,M00281,2025-12-22 15:04:16.451685,178,False,Tablet
W0013561,U00646,M00149,2025-06-28 15:04:16.451687,179,False,Laptop
W0013562,U00267,M00081,2026-04-23 15:04:16.451689,106,True,Mobile
W0013563,U00476,M00157,2025-08-24 15:04:16.451692,92,False,TV
W0013564,U00340,M00035,2025-12-04 15:04:16.451694,49,False,TV
W0013565,U00001,M00140,2025-09-12 15:04:16.451698,31,False,Tablet
W0013566,U00472,M00202,2025-11-28 15:04:16.451700,104,True,TV
W0013567,U00601,M00046,2026-03-25 15:04:16.451702,160,True,Tablet
W0013568,U00369,M00092,2025-08-10 15:04:16.451704,96,False,Tablet
W0013569,U00936,M00066,2026-01-15 15:04:16.451706,91,True,TV
W0013570,U00595,M00155,2026-03-19 15:04:16.451708,80,False,TV
W0013571,U00220,M00160,2025-05-13 15:04:16.451710,41,True,TV
W0013572,U00827,M00251,2026-01-08 15:04:16.451712,73,False,TV
W0013573,U00155,M00222,2026-02-23 15:04:16.451714,57,False,Tablet
W0013574,U00257,M00032,2025-10-01 15:04:16.451716,160,False,TV
W0013575,U00724,M00264,2025-10-26 15:04:16.451718,118,True,Tablet
W0013576,U00403,M00275,2025-09-09 15:04:16.451720,109,True,Tablet
W0013577,U00426,M00125,2026-04-19 15:04:16.451722,36,True,Laptop
W0013578,U00793,M00230,2025-11-27 15:04:16.451725,82,True,Laptop
W0013579,U00162,M00046,2025-12-17 15:04:16.451728,83,False,Mobile
W0013580,U00321,M00120,2025-06-09 15:04:16.451730,151,True,TV
W0013581,U00629,M00158,2026-01-09 15:04:16.451732,19,False,Laptop
W0013582,U00567,M00229,2026-04-29 15:04:16.451734,161,False,Laptop
W0013583,U00117,M00277,2025-09-11 15:04:16.451736,120,True,Laptop
W0013584,U00628,M00283,2026-01-06 15:04:16.451738,139,False,Laptop
W0013585,U00961,M00022,2026-01-24 15:04:16.451740,23,False,Tablet
W0013586,U00943,M00239,2026-02-25 15:04:16.451742,27,True,Mobile
W0013587,U00277,M00171,2026-04-18 15:04:16.451744,110,False,Laptop
W0013588,U00339,M00185,2025-11-27 15:04:16.451746,105,False,Laptop
W0013589,U00094,M00133,2026-01-25 15:04:16.451748,125,True,Tablet
W0013590,U00024,M00241,2025-05-18 15:04:16.451751,16,True,Laptop
W0013591,U00843,M00065,2025-11-21 15:04:16.451753,71,True,Mobile
W0013592,U00171,M00263,2026-05-08 15:04:16.451754,168,True,TV
W0013593,U00954,M00293,2026-04-27 15:04:16.451756,145,False,Tablet
W0013594,U00926,M00177,2025-11-16 15:04:16.451759,13,True,TV
W0013595,U00725,M00226,2025-05-24 15:04:16.451760,11,True,Tablet
W0013596,U00944,M00272,2025-10-14 15:04:16.451763,147,True,Mobile
W0013597,U00222,M00062,2026-04-29 15:04:16.451767,49,False,Mobile
W0013598,U00003,M00218,2026-01-22 15:04:16.451770,83,False,Mobile
W0013599,U00488,M00109,2026-02-05 15:04:16.451772,35,False,Mobile
W0013600,U00898,M00023,2026-03-04 15:04:16.451774,64,False,Mobile
W0013601,U00892,M00088,2026-03-11 15:04:16.451776,77,False,TV
W0013602,U00334,M00232,2025-12-07 15:04:16.451778,116,False,Mobile
W0013603,U00549,M00135,2025-08-28 15:04:16.451780,83,True,TV
W0013604,U00335,M00280,2025-10-20 15:04:16.451782,172,False,Mobile
W0013605,U00393,M00300,2025-11-07 15:04:16.451784,139,False,Tablet
W0013606,U00370,M00162,2026-04-20 15:04:16.451786,86,True,Mobile
W0013607,U00833,M00159,2025-11-15 15:04:16.451788,31,True,TV
W0013608,U00691,M00218,2026-04-28 15:04:16.451790,98,False,Mobile
W0013609,U00098,M00253,2026-02-28 15:04:16.451793,69,True,Tablet
W0013610,U00023,M00141,2025-12-03 15:04:16.451795,69,False,TV
W0013611,U00293,M00049,2025-07-18 15:04:16.451798,166,True,Tablet
W0013612,U00166,M00195,2025-08-05 15:04:16.451801,132,True,Mobile
W0013613,U00180,M00107,2026-01-14 15:04:16.451805,153,True,Laptop
W0013614,U00111,M00155,2026-02-18 15:04:16.451808,14,True,TV
W0013615,U00834,M00151,2025-10-31 15:04:16.451810,7,True,Tablet
W0013616,U00837,M00076,2025-10-29 15:04:16.451812,154,False,Tablet
W0013617,U00959,M00132,2025-06-13 15:04:16.451816,29,True,TV
W0013618,U00470,M00025,2026-01-20 15:04:16.451818,137,False,Mobile
W0013619,U00539,M00034,2026-03-11 15:04:16.451820,168,False,Laptop
W0013620,U00065,M00142,2025-11-13 15:04:16.451822,151,True,Tablet
W0013621,U00234,M00098,2025-08-21 15:04:16.451824,163,True,Laptop
W0013622,U00306,M00263,2025-09-03 15:04:16.451826,51,False,TV
W0013623,U00773,M00226,2025-09-21 15:04:16.451828,124,True,TV
W0013624,U00713,M00187,2025-11-21 15:04:16.451830,77,False,Laptop
W0013625,U00338,M00073,2025-09-19 15:04:16.451832,12,True,TV
W0013626,U00297,M00297,2026-02-09 15:04:16.451834,162,True,Laptop
W0013627,U00279,M00050,2025-06-01 15:04:16.451836,64,False,TV
W0013628,U00907,M00115,2025-07-09 15:04:16.451838,139,True,Mobile
W0013629,U00796,M00167,2025-11-23 15:04:16.451844,73,True,Tablet
W0013630,U00315,M00104,2025-11-09 15:04:16.451847,53,True,Tablet
W0013631,U00297,M00039,2025-09-13 15:04:16.451851,137,False,Tablet
W0013632,U00717,M00157,2025-06-27 15:04:16.451854,149,True,Tablet
W0013633,U00656,M00160,2026-01-07 15:04:16.451858,132,True,Mobile
W0013634,U00041,M00086,2026-01-16 15:04:16.451956,38,True,Mobile
W0013635,U00684,M00047,2026-04-13 15:04:16.451968,142,True,Laptop
W0013636,U00525,M00067,2026-04-26 15:04:16.451987,121,False,TV
W0013637,U00122,M00080,2025-05-24 15:04:16.451992,34,True,Laptop
W0013638,U00571,M00174,2025-06-24 15:04:16.451996,121,True,TV
W0013639,U00705,M00185,2026-04-30 15:04:16.451999,79,True,Tablet
W0013640,U00749,M00011,2025-05-25 15:04:16.452002,100,False,Mobile
W0013641,U00299,M00152,2025-07-25 15:04:16.452006,130,True,Tablet
W0013642,U00636,M00158,2026-01-18 15:04:16.452009,84,False,Tablet
W0013643,U00646,M00124,2025-09-14 15:04:16.452012,164,False,TV
W0013644,U00024,M00066,2026-04-01 15:04:16.452015,61,True,Laptop
W0013645,U00268,M00035,2026-04-18 15:04:16.452018,120,True,Tablet
W0013646,U00825,M00216,2026-01-07 15:04:16.452021,108,False,Tablet
W0013647,U00572,M00300,2025-08-30 15:04:16.452024,132,True,Laptop
W0013648,U00666,M00200,2025-10-11 15:04:16.452027,52,False,Tablet
W0013649,U00680,M00282,2025-06-27 15:04:16.452030,165,False,Tablet
W0013650,U00560,M00195,2026-04-18 15:04:16.452033,85,False,Mobile
W0013651,U00299,M00251,2025-12-04 15:04:16.452035,64,True,Laptop
W0013652,U00926,M00038,2026-04-29 15:04:16.452038,90,False,Tablet
W0013653,U00484,M00208,2025-09-21 15:04:16.452041,75,False,TV
W0013654,U00864,M00124,2025-12-01 15:04:16.452043,69,False,Tablet
W0013655,U00870,M00018,2025-12-15 15:04:16.452046,140,False,Tablet
W0013656,U00748,M00181,2025-12-09 15:04:16.452051,141,False,Mobile
W0013657,U00602,M00125,2025-12-20 15:04:16.452054,140,True,TV
W0013658,U00814,M00058,2025-09-27 15:04:16.452058,164,True,Tablet
W0013659,U00488,M00299,2025-11-22 15:04:16.452061,90,False,Tablet
W0013660,U00722,M00220,2025-09-12 15:04:16.452064,16,True,TV
W0013661,U00670,M00146,2025-06-11 15:04:16.452069,135,False,TV
W0013662,U00688,M00221,2025-09-04 15:04:16.452072,79,True,TV
W0013663,U00637,M00092,2025-08-22 15:04:16.452074,21,True,Laptop
W0013664,U00481,M00258,2025-09-10 15:04:16.452078,65,True,Tablet
W0013665,U00181,M00228,2025-06-12 15:04:16.452081,14,False,TV
W0013666,U00335,M00111,2026-01-25 15:04:16.452084,169,False,Tablet
W0013667,U00290,M00124,2026-05-06 15:04:16.452086,160,False,Tablet
W0013668,U00083,M00270,2025-11-29 15:04:16.452089,7,True,TV
W0013669,U00930,M00159,2025-10-02 15:04:16.452093,106,True,Mobile
W0013670,U00618,M00003,2025-06-12 15:04:16.452097,104,True,Mobile
W0013671,U00519,M00085,2026-01-21 15:04:16.452100,30,True,Laptop
W0013672,U00598,M00090,2025-12-20 15:04:16.452103,110,True,TV
W0013673,U00106,M00135,2026-01-25 15:04:16.452106,152,False,Mobile
W0013674,U00874,M00204,2026-03-11 15:04:16.452108,67,False,Mobile
W0013675,U00234,M00033,2025-09-24 15:04:16.452113,116,True,TV
W0013676,U00228,M00129,2025-09-30 15:04:16.452117,6,True,Tablet
W0013677,U00638,M00251,2025-06-02 15:04:16.452120,17,True,Mobile
W0013678,U00802,M00195,2025-08-30 15:04:16.452124,154,True,Mobile
W0013679,U00320,M00040,2026-02-01 15:04:16.452127,99,False,TV
W0013680,U00555,M00208,2025-11-19 15:04:16.452131,167,False,Tablet
W0013681,U00130,M00056,2025-07-13 15:04:16.452134,89,False,Tablet
W0013682,U00496,M00174,2025-11-01 15:04:16.452138,83,True,TV
W0013683,U00972,M00121,2026-03-10 15:04:16.452141,172,True,TV
W0013684,U00794,M00140,2026-03-09 15:04:16.452144,173,False,Mobile
W0013685,U00540,M00089,2025-11-19 15:04:16.452148,155,True,Laptop
W0013686,U00192,M00087,2025-10-20 15:04:16.452151,141,False,Laptop
W0013687,U00890,M00184,2025-07-14 15:04:16.452155,109,False,Laptop
W0013688,U00125,M00183,2026-05-01 15:04:16.452158,81,True,Laptop
W0013689,U00169,M00237,2026-05-01 15:04:16.452161,76,False,Tablet
W0013690,U00664,M00083,2026-03-26 15:04:16.452165,34,True,Mobile
W0013691,U00076,M00135,2025-05-29 15:04:16.452168,135,True,Tablet
W0013692,U00631,M00052,2026-01-09 15:04:16.452171,113,True,Laptop
W0013693,U00732,M00134,2025-07-27 15:04:16.452178,79,True,Mobile
W0013694,U00617,M00253,2025-10-05 15:04:16.452181,90,False,Mobile
W0013695,U00610,M00061,2026-04-25 15:04:16.452248,86,True,TV
W0013696,U00418,M00214,2025-06-21 15:04:16.452259,6,False,Tablet
W0013697,U00261,M00275,2026-02-26 15:04:16.452264,61,True,TV
W0013698,U00155,M00027,2025-10-04 15:04:16.452269,76,True,Mobile
W0013699,U00174,M00125,2026-01-30 15:04:16.452273,180,False,Mobile
W0013700,U00419,M00290,2025-05-31 15:04:16.452277,101,True,Laptop
W0013701,U00136,M00241,2026-04-19 15:04:16.452280,57,False,TV
W0013702,U00020,M00288,2025-11-11 15:04:16.452285,176,False,Tablet
W0013703,U00455,M00232,2025-11-18 15:04:16.452287,38,True,TV
W0013704,U00919,M00140,2025-08-06 15:04:16.452290,80,True,Laptop
W0013705,U00450,M00291,2025-07-06 15:04:16.452292,154,False,Laptop
W0013706,U00702,M00178,2025-06-05 15:04:16.452294,142,True,Laptop
W0013707,U00820,M00264,2026-01-28 15:04:16.452297,163,False,Tablet
W0013708,U00583,M00252,2026-01-02 15:04:16.452299,62,False,Tablet
W0013709,U00112,M00152,2025-09-12 15:04:16.452301,115,False,Mobile
W0013710,U00374,M00251,2025-11-03 15:04:16.452303,17,False,Laptop
W0013711,U00601,M00253,2026-01-18 15:04:16.452305,5,True,Tablet
W0013712,U00408,M00043,2026-01-18 15:04:16.452308,39,False,Mobile
W0013713,U00306,M00253,2026-04-05 15:04:16.452310,44,True,Mobile
W0013714,U00352,M00067,2026-03-27 15:04:16.452315,149,True,Mobile
W0013715,U00770,M00246,2026-02-06 15:04:16.452317,62,False,Tablet
W0013716,U00985,M00179,2026-02-16 15:04:16.452319,136,False,Laptop
W0013717,U00438,M00242,2025-07-22 15:04:16.452321,178,True,TV
W0013718,U00391,M00137,2025-08-10 15:04:16.452323,168,False,Laptop
W0013719,U00419,M00222,2025-07-16 15:04:16.452325,81,True,Mobile
W0013720,U00678,M00021,2025-12-01 15:04:16.452327,172,True,Tablet
W0013721,U00684,M00173,2026-04-02 15:04:16.452330,150,True,Laptop
W0013722,U00464,M00044,2025-06-17 15:04:16.452333,41,False,Laptop
W0013723,U00137,M00177,2025-06-14 15:04:16.452335,91,True,Tablet
W0013724,U00199,M00143,2026-03-03 15:04:16.452339,22,True,Mobile
W0013725,U00030,M00127,2026-03-26 15:04:16.452341,110,False,Tablet
W0013726,U00939,M00227,2026-03-13 15:04:16.452344,20,True,TV
W0013727,U00951,M00248,2025-08-08 15:04:16.452346,138,True,TV
W0013728,U00621,M00142,2026-05-09 15:04:16.452348,35,False,Laptop
W0013729,U00117,M00297,2025-12-02 15:04:16.452350,131,False,Tablet
W0013730,U00274,M00162,2025-11-10 15:04:16.452352,132,False,TV
W0013731,U00692,M00181,2025-11-29 15:04:16.452354,77,False,TV
W0013732,U00032,M00162,2025-08-17 15:04:16.452356,91,True,Mobile
W0013733,U00919,M00090,2026-04-29 15:04:16.452358,144,True,Laptop
W0013734,U00175,M00171,2025-06-28 15:04:16.452362,121,False,Tablet
W0013735,U00388,M00233,2025-10-03 15:04:16.452364,47,False,Mobile
W0013736,U00166,M00290,2025-12-07 15:04:16.452367,129,False,TV
W0013737,U00751,M00071,2026-03-18 15:04:16.452370,121,True,Laptop
W0013738,U00116,M00195,2026-01-21 15:04:16.452372,85,True,Laptop
W0013739,U00299,M00013,2026-02-13 15:04:16.452374,146,False,TV
W0013740,U00787,M00086,2025-12-13 15:04:16.452376,42,True,Laptop
W0013741,U00623,M00216,2025-05-12 15:04:16.452378,57,True,Laptop
W0013742,U00330,M00138,2025-11-05 15:04:16.452381,165,False,Mobile
W0013743,U00625,M00256,2026-02-25 15:04:16.452383,48,False,TV
W0013744,U00440,M00019,2026-03-14 15:04:16.452385,151,True,TV
W0013745,U00002,M00125,2025-12-28 15:04:16.452387,31,True,Mobile
W0013746,U00257,M00029,2025-11-03 15:04:16.452389,36,False,Tablet
W0013747,U00028,M00104,2025-10-17 15:04:16.452391,66,True,Mobile
W0013748,U00348,M00019,2025-12-06 15:04:16.452393,169,True,Tablet
W0013749,U00891,M00202,2026-04-12 15:04:16.452395,81,True,Mobile
W0013750,U00845,M00148,2025-12-24 15:04:16.452397,58,False,Mobile
W0013751,U00720,M00079,2025-07-25 15:04:16.452399,87,False,Laptop
W0013752,U00745,M00135,2025-11-12 15:04:16.452401,110,True,Mobile
W0013753,U00311,M00038,2026-03-17 15:04:16.452404,7,True,Tablet
W0013754,U00107,M00132,2025-06-10 15:04:16.452407,49,True,Mobile
W0013755,U00929,M00140,2026-02-18 15:04:16.452409,74,True,Laptop
W0013756,U00993,M00149,2025-07-26 15:04:16.452413,43,True,Tablet
W0013757,U00305,M00129,2025-10-20 15:04:16.452415,72,False,TV
W0013758,U00590,M00267,2026-01-27 15:04:16.452417,40,True,Tablet
W0013759,U00817,M00247,2025-12-14 15:04:16.452419,138,False,Mobile
W0013760,U00433,M00007,2025-06-12 15:04:16.452421,90,False,TV
W0013761,U00741,M00102,2025-05-28 15:04:16.452423,174,False,Mobile
W0013762,U00310,M00007,2025-10-11 15:04:16.452426,15,False,Tablet
W0013763,U00258,M00118,2025-12-12 15:04:16.452428,180,False,Tablet
W0013764,U00413,M00192,2026-02-11 15:04:16.452430,122,True,TV
W0013765,U00685,M00025,2025-10-26 15:04:16.452432,39,False,TV
W0013766,U00433,M00129,2025-12-17 15:04:16.452434,51,False,Tablet
W0013767,U00548,M00077,2025-11-11 15:04:16.452436,139,False,Tablet
W0013768,U00563,M00101,2025-11-24 15:04:16.452438,36,False,Mobile
W0013769,U00475,M00269,2025-08-12 15:04:16.452440,121,True,Tablet
W0013770,U00625,M00140,2026-02-11 15:04:16.452442,42,True,TV
W0013771,U00792,M00177,2025-10-16 15:04:16.452444,101,True,Laptop
W0013772,U00307,M00124,2025-10-07 15:04:16.452446,140,True,Tablet
W0013773,U00544,M00178,2026-03-04 15:04:16.452450,75,True,Mobile
W0013774,U00013,M00157,2026-04-14 15:04:16.452452,63,False,Tablet
W0013775,U00953,M00022,2025-10-17 15:04:16.452454,50,True,Tablet
W0013776,U00595,M00260,2025-11-11 15:04:16.452456,100,False,TV
W0013777,U00571,M00266,2026-03-03 15:04:16.452459,35,False,Tablet
W0013778,U00698,M00234,2026-02-14 15:04:16.452461,20,True,TV
W0013779,U00498,M00021,2025-08-14 15:04:16.452463,139,True,Mobile
W0013780,U00148,M00090,2026-03-18 15:04:16.452465,84,False,Mobile
W0013781,U00738,M00293,2025-07-17 15:04:16.452467,80,False,Mobile
W0013782,U00117,M00111,2025-08-02 15:04:16.452469,143,True,Laptop
W0013783,U00978,M00163,2026-02-09 15:04:16.452471,149,False,TV
W0013784,U00348,M00050,2025-08-10 15:04:16.452473,104,False,Laptop
W0013785,U00833,M00044,2025-06-04 15:04:16.452475,75,False,TV
W0013786,U00335,M00066,2026-02-07 15:04:16.452478,97,True,Laptop
W0013787,U00375,M00205,2025-05-10 15:04:16.452479,115,True,TV
W0013788,U00567,M00107,2025-09-28 15:04:16.452485,90,True,Tablet
W0013789,U00797,M00226,2025-07-18 15:04:16.452487,152,False,Tablet
W0013790,U00116,M00030,2026-02-28 15:04:16.452489,130,False,TV
W0013791,U00144,M00051,2026-02-13 15:04:16.452491,100,False,Mobile
W0013792,U00933,M00040,2025-10-02 15:04:16.452494,65,True,Tablet
W0013793,U00344,M00233,2026-03-23 15:04:16.452496,29,False,Tablet
W0013794,U00615,M00038,2025-08-14 15:04:16.452498,48,False,Mobile
W0013795,U00034,M00265,2025-09-14 15:04:16.452501,75,False,Tablet
W0013796,U00070,M00099,2025-12-28 15:04:16.452503,151,False,Tablet
W0013797,U00175,M00123,2026-03-27 15:04:16.452505,39,True,Tablet
W0013798,U00854,M00170,2026-01-12 15:04:16.452507,18,False,Laptop
W0013799,U00570,M00082,2025-08-28 15:04:16.452509,104,True,TV
W0013800,U00239,M00245,2026-03-22 15:04:16.452511,13,False,Tablet
W0013801,U00425,M00266,2025-09-02 15:04:16.452513,146,False,Tablet
W0013802,U00679,M00181,2025-06-02 15:04:16.452515,8,True,Laptop
W0013803,U00847,M00040,2026-01-09 15:04:16.452517,137,False,Mobile
W0013804,U00850,M00239,2025-06-08 15:04:16.452519,66,False,Tablet
W0013805,U00373,M00286,2026-04-23 15:04:16.452521,139,False,Mobile
W0013806,U00313,M00266,2025-11-13 15:04:16.452523,82,True,Laptop
W0013807,U00618,M00264,2026-05-06 15:04:16.452525,152,True,TV
W0013808,U00687,M00210,2025-08-24 15:04:16.452529,142,False,Mobile
W0013809,U00352,M00186,2026-02-21 15:04:16.452531,127,True,Mobile
W0013810,U00014,M00211,2025-12-31 15:04:16.452533,101,False,TV
W0013811,U00248,M00286,2026-05-09 15:04:16.452535,133,True,Tablet
W0013812,U00549,M00269,2025-08-14 15:04:16.452539,147,False,TV
W0013813,U00766,M00222,2025-08-01 15:04:16.452542,155,False,Mobile
W0013814,U00560,M00278,2026-02-23 15:04:16.452544,44,True,Mobile
W0013815,U00886,M00122,2026-03-15 15:04:16.452546,88,True,Laptop
W0013816,U00648,M00211,2025-09-22 15:04:16.452549,31,False,TV
W0013817,U00993,M00167,2025-10-11 15:04:16.452551,18,True,Tablet
W0013818,U00373,M00108,2025-11-03 15:04:16.452553,115,True,Mobile
W0013819,U00169,M00288,2025-07-29 15:04:16.452555,118,False,Tablet
W0013820,U00496,M00020,2025-11-22 15:04:16.452559,37,True,Tablet
W0013821,U00940,M00011,2025-07-31 15:04:16.452561,102,True,Tablet
W0013822,U00768,M00042,2025-12-11 15:04:16.452563,29,True,TV
W0013823,U00156,M00215,2025-09-25 15:04:16.452565,21,False,Tablet
W0013824,U00714,M00032,2025-08-15 15:04:16.452567,89,True,Laptop
W0013825,U00548,M00297,2026-01-19 15:04:16.452569,54,False,Mobile
W0013826,U00014,M00269,2026-04-17 15:04:16.452571,57,True,Mobile
W0013827,U00524,M00034,2025-10-12 15:04:16.452573,117,True,Mobile
W0013828,U00130,M00274,2025-11-26 15:04:16.452575,124,True,Tablet
W0013829,U00645,M00031,2025-08-13 15:04:16.452577,163,False,TV
W0013830,U00911,M00024,2025-06-13 15:04:16.452580,101,True,TV
W0013831,U00251,M00041,2026-03-15 15:04:16.452583,107,False,Laptop
W0013832,U00420,M00071,2025-08-20 15:04:16.452585,77,True,Tablet
W0013833,U00354,M00027,2025-12-16 15:04:16.452587,104,False,TV
W0013834,U00881,M00224,2025-09-17 15:04:16.452589,175,True,Laptop
W0013835,U00125,M00113,2025-07-26 15:04:16.452591,21,True,Tablet
W0013836,U00342,M00054,2026-02-18 15:04:16.452593,144,False,Mobile
W0013837,U00293,M00250,2025-08-18 15:04:16.452596,105,True,TV
W0013838,U00908,M00122,2025-11-19 15:04:16.452598,25,False,Tablet
W0013839,U00272,M00029,2025-11-13 15:04:16.452599,17,True,Laptop
W0013840,U00824,M00088,2025-07-04 15:04:16.452601,14,False,Laptop
W0013841,U00487,M00005,2025-05-22 15:04:16.452604,94,True,TV
W0013842,U00556,M00154,2025-11-13 15:04:16.452606,175,False,Laptop
W0013843,U00531,M00261,2025-06-23 15:04:16.452608,39,False,Mobile
W0013844,U00729,M00127,2026-02-27 15:04:16.452610,136,True,TV
W0013845,U00594,M00017,2025-11-07 15:04:16.452612,90,True,Tablet
W0013846,U00860,M00032,2025-12-11 15:04:16.452614,8,False,Mobile
W0013847,U00135,M00162,2025-10-27 15:04:16.452616,176,True,Mobile
W0013848,U00058,M00153,2025-09-03 15:04:16.452618,63,False,Mobile
W0013849,U00066,M00053,2025-08-09 15:04:16.452620,116,True,Mobile
W0013850,U00187,M00232,2025-07-29 15:04:16.452622,154,True,Mobile
W0013851,U00476,M00252,2025-12-07 15:04:16.452626,21,False,Tablet
W0013852,U00488,M00172,2025-11-28 15:04:16.452629,125,True,Mobile
W0013853,U00568,M00120,2026-02-01 15:04:16.452631,92,False,TV
W0013854,U00945,M00089,2025-11-13 15:04:16.452633,59,True,Laptop
W0013855,U00554,M00134,2025-09-02 15:04:16.452635,144,True,Laptop
W0013856,U00186,M00044,2025-10-03 15:04:16.452637,172,False,Laptop
W0013857,U00412,M00029,2025-07-19 15:04:16.452639,33,True,Mobile
W0013858,U00151,M00086,2026-01-23 15:04:16.452641,180,False,Mobile
W0013859,U00088,M00147,2025-07-19 15:04:16.452643,96,False,TV
W0013860,U00974,M00248,2025-05-19 15:04:16.452645,152,False,TV
W0013861,U00538,M00097,2025-07-08 15:04:16.452647,137,False,Tablet
W0013862,U00993,M00231,2025-12-14 15:04:16.452649,63,False,TV
W0013863,U00997,M00290,2025-09-20 15:04:16.452651,87,True,Mobile
W0013864,U00702,M00055,2025-08-20 15:04:16.452653,155,False,Laptop
W0013865,U00257,M00195,2025-12-14 15:04:16.452655,49,False,Laptop
W0013866,U00475,M00083,2025-05-30 15:04:16.452657,91,True,TV
W0013867,U00364,M00247,2026-04-23 15:04:16.452659,18,True,Mobile
W0013868,U00880,M00239,2025-11-13 15:04:16.452661,106,True,Laptop
W0013869,U00707,M00180,2025-06-26 15:04:16.452663,110,True,Mobile
W0013870,U00720,M00116,2026-03-10 15:04:16.452696,125,True,Mobile
W0013871,U00856,M00274,2025-05-19 15:04:16.452702,9,False,TV
W0013872,U00006,M00106,2025-11-26 15:04:16.452705,116,True,TV
W0013873,U00369,M00056,2026-03-13 15:04:16.452708,177,False,Laptop
W0013874,U00522,M00041,2025-06-29 15:04:16.452711,133,True,Laptop
W0013875,U00059,M00056,2025-09-10 15:04:16.452713,62,False,Laptop
W0013876,U00686,M00054,2026-04-05 15:04:16.452715,66,False,Tablet
W0013877,U00917,M00135,2025-07-17 15:04:16.452717,169,True,Mobile
W0013878,U00435,M00046,2026-03-09 15:04:16.452720,29,True,Laptop
W0013879,U00121,M00024,2026-01-28 15:04:16.452722,54,True,Mobile
W0013880,U00503,M00015,2025-08-05 15:04:16.452724,21,False,Tablet
W0013881,U00163,M00041,2026-01-17 15:04:16.452727,136,True,Tablet
W0013882,U00359,M00237,2025-12-14 15:04:16.452729,55,False,Mobile
W0013883,U00818,M00300,2025-06-08 15:04:16.452731,57,True,Laptop
W0013884,U00048,M00254,2026-02-09 15:04:16.452735,51,False,Tablet
W0013885,U00497,M00271,2025-10-13 15:04:16.452737,122,True,Tablet
W0013886,U00093,M00113,2025-06-04 15:04:16.452740,36,False,Tablet
W0013887,U00154,M00090,2026-03-12 15:04:16.452742,125,False,Laptop
W0013888,U00406,M00276,2026-04-20 15:04:16.452744,174,False,TV
W0013889,U00419,M00264,2025-06-23 15:04:16.452746,154,True,Tablet
W0013890,U00237,M00246,2025-12-05 15:04:16.452750,9,False,Mobile
W0013891,U00368,M00150,2025-08-23 15:04:16.452752,168,True,Tablet
W0013892,U00803,M00138,2026-02-15 15:04:16.452756,166,False,Tablet
W0013893,U00113,M00057,2026-01-26 15:04:16.452758,104,True,TV
W0013894,U00746,M00231,2025-11-05 15:04:16.452760,147,True,Mobile
W0013895,U00805,M00144,2025-11-28 15:04:16.452762,52,False,TV
W0013896,U00084,M00006,2025-10-14 15:04:16.452765,166,False,Tablet
W0013897,U00837,M00160,2026-01-22 15:04:16.452767,33,True,Laptop
W0013898,U00253,M00098,2025-09-25 15:04:16.452769,40,True,TV
W0013899,U00125,M00021,2026-01-10 15:04:16.452772,23,False,Mobile
W0013900,U00166,M00083,2025-06-03 15:04:16.452774,82,False,Mobile
W0013901,U00580,M00052,2026-01-12 15:04:16.452776,124,False,TV
W0013902,U00449,M00179,2026-04-06 15:04:16.452778,154,False,Tablet
W0013903,U00504,M00086,2026-04-06 15:04:16.452780,15,False,Mobile
W0013904,U00595,M00122,2025-06-04 15:04:16.452782,35,False,TV
W0013905,U00397,M00151,2025-10-09 15:04:16.452784,168,True,Mobile
W0013906,U00525,M00275,2025-07-13 15:04:16.452786,86,False,Mobile
W0013907,U00673,M00097,2025-06-05 15:04:16.452788,149,False,Mobile
W0013908,U00603,M00260,2026-01-23 15:04:16.452790,158,True,Mobile
W0013909,U00953,M00247,2025-09-06 15:04:16.452794,68,True,Laptop
W0013910,U00760,M00133,2025-12-21 15:04:16.452797,28,True,Laptop
W0013911,U00128,M00090,2025-11-19 15:04:16.452799,161,True,Laptop
W0013912,U00318,M00219,2025-06-13 15:04:16.452802,59,True,Tablet
W0013913,U00927,M00137,2026-05-07 15:04:16.452804,25,False,Laptop
W0013914,U00819,M00104,2026-03-01 15:04:16.452806,39,True,Tablet
W0013915,U00371,M00072,2026-04-22 15:04:16.452808,110,False,TV
W0013916,U00264,M00095,2026-02-27 15:04:16.452811,47,False,Laptop
W0013917,U00536,M00276,2026-03-20 15:04:16.452814,130,True,Tablet
W0013918,U00989,M00135,2025-05-29 15:04:16.452816,54,False,Mobile
W0013919,U00424,M00264,2025-07-05 15:04:16.452818,70,True,TV
W0013920,U00971,M00024,2026-04-09 15:04:16.452820,164,True,Laptop
W0013921,U00179,M00184,2025-09-17 15:04:16.452823,18,False,Tablet
W0013922,U00759,M00221,2026-01-15 15:04:16.452825,77,False,TV
W0013923,U00745,M00055,2025-09-27 15:04:16.452827,99,True,Tablet
W0013924,U00997,M00061,2026-04-08 15:04:16.452829,91,False,TV
W0013925,U00557,M00265,2026-04-02 15:04:16.452831,116,True,Laptop
W0013926,U00120,M00080,2025-10-25 15:04:16.452833,56,False,Laptop
W0013927,U00468,M00073,2026-01-29 15:04:16.452835,61,False,Mobile
W0013928,U00670,M00231,2025-11-03 15:04:16.452838,65,True,Tablet
W0013929,U00298,M00044,2025-06-18 15:04:16.452842,92,True,TV
W0013930,U00571,M00021,2026-01-16 15:04:16.452845,30,False,Tablet
W0013931,U00081,M00174,2025-12-03 15:04:16.452847,106,False,TV
W0013932,U00370,M00284,2025-05-23 15:04:16.452850,146,False,Laptop
W0013933,U00919,M00040,2025-09-24 15:04:16.452852,66,True,Mobile
W0013934,U00618,M00141,2025-08-28 15:04:16.452854,19,False,Tablet
W0013935,U00513,M00259,2025-10-06 15:04:16.452856,124,True,TV
W0013936,U00132,M00036,2026-03-11 15:04:16.452857,154,True,Mobile
W0013937,U00757,M00051,2025-05-14 15:04:16.452860,92,False,Laptop
W0013938,U00134,M00217,2025-09-26 15:04:16.452863,50,False,Tablet
W0013939,U00593,M00056,2025-07-18 15:04:16.452865,93,False,Laptop
W0013940,U00276,M00081,2025-09-08 15:04:16.452867,102,False,Tablet
W0013941,U00050,M00088,2025-09-11 15:04:16.452869,154,True,Mobile
W0013942,U00482,M00087,2025-10-20 15:04:16.452871,31,False,Laptop
W0013943,U00453,M00063,2026-05-09 15:04:16.452873,111,True,Laptop
W0013944,U00880,M00289,2025-05-10 15:04:16.452875,10,False,Tablet
W0013945,U00084,M00215,2026-04-17 15:04:16.452878,9,False,Laptop
W0013946,U00825,M00222,2026-04-05 15:04:16.452879,79,True,Tablet
W0013947,U00503,M00001,2026-02-24 15:04:16.452882,8,False,Laptop
W0013948,U00045,M00103,2026-04-18 15:04:16.452887,33,False,TV
W0013949,U00357,M00237,2025-06-06 15:04:16.452889,65,False,Laptop
W0013950,U00419,M00012,2025-10-15 15:04:16.452892,154,True,Tablet
W0013951,U00277,M00177,2025-05-24 15:04:16.452894,15,False,Laptop
W0013952,U00562,M00277,2025-07-10 15:04:16.452896,150,False,Laptop
W0013953,U00760,M00114,2025-10-21 15:04:16.452898,103,False,TV
W0013954,U00573,M00013,2025-07-28 15:04:16.452900,116,True,TV
W0013955,U00859,M00150,2025-10-02 15:04:16.452902,81,False,TV
W0013956,U00554,M00022,2025-07-13 15:04:16.452904,40,False,TV
W0013957,U00127,M00259,2025-10-28 15:04:16.452906,97,True,TV
W0013958,U00414,M00172,2025-06-17 15:04:16.452908,176,True,TV
W0013959,U00611,M00055,2025-10-14 15:04:16.452911,126,False,Tablet
W0013960,U00301,M00125,2025-08-28 15:04:16.452913,168,False,Laptop
W0013961,U00948,M00135,2025-11-10 15:04:16.452915,12,True,Tablet
W0013962,U00505,M00041,2026-04-08 15:04:16.452916,87,False,Mobile
W0013963,U00680,M00224,2025-06-16 15:04:16.452918,157,True,Laptop
W0013964,U00487,M00048,2025-12-16 15:04:16.452920,51,True,Mobile
W0013965,U00195,M00061,2025-07-30 15:04:16.452922,85,False,Mobile
W0013966,U00246,M00217,2026-02-13 15:04:16.452924,85,True,Tablet
W0013967,U00050,M00182,2025-05-14 15:04:16.452926,110,True,Laptop
W0013968,U00655,M00218,2025-11-24 15:04:16.452930,177,True,Laptop
W0013969,U00618,M00162,2025-05-22 15:04:16.452932,29,True,Mobile
W0013970,U00276,M00264,2026-05-02 15:04:16.452934,51,False,Tablet
W0013971,U00796,M00005,2025-10-01 15:04:16.452936,107,True,Laptop
W0013972,U00724,M00033,2026-03-04 15:04:16.452938,48,True,Tablet
W0013973,U00188,M00248,2026-04-13 15:04:16.452940,167,True,Mobile
W0013974,U00929,M00030,2026-02-21 15:04:16.452942,9,True,Laptop
W0013975,U00935,M00190,2025-12-06 15:04:16.452944,130,False,Mobile
W0013976,U00991,M00004,2025-12-19 15:04:16.452946,125,True,TV
W0013977,U00358,M00296,2026-03-30 15:04:16.452950,50,True,TV
W0013978,U00299,M00088,2025-07-08 15:04:16.452952,125,True,TV
W0013979,U00366,M00220,2026-02-08 15:04:16.452956,100,True,Tablet
W0013980,U00467,M00074,2025-06-07 15:04:16.452958,63,False,Mobile
W0013981,U00918,M00293,2025-05-31 15:04:16.452960,24,False,TV
W0013982,U00863,M00054,2025-09-21 15:04:16.452962,86,True,TV
W0013983,U00534,M00010,2025-07-18 15:04:16.452964,51,True,Tablet
W0013984,U00029,M00078,2025-10-29 15:04:16.452967,63,False,Mobile
W0013985,U00153,M00227,2025-11-11 15:04:16.452969,25,False,TV
W0013986,U00329,M00034,2025-10-15 15:04:16.452971,38,True,Mobile
W0013987,U00588,M00120,2025-08-17 15:04:16.452974,89,True,Laptop
W0013988,U00979,M00048,2026-05-07 15:04:16.452977,13,True,TV
W0013989,U00509,M00074,2026-01-11 15:04:16.452980,41,True,Mobile
W0013990,U00454,M00283,2026-02-23 15:04:16.452982,167,True,TV
W0013991,U00362,M00296,2025-09-12 15:04:16.452984,163,False,Tablet
W0013992,U00034,M00040,2026-03-26 15:04:16.452986,85,True,Tablet
W0013993,U00960,M00229,2025-09-22 15:04:16.452988,156,True,TV
W0013994,U00384,M00212,2026-03-21 15:04:16.452990,21,True,Mobile
W0013995,U00430,M00220,2026-01-07 15:04:16.452993,158,False,Laptop
W0013996,U00397,M00047,2025-08-30 15:04:16.452995,140,True,Tablet
W0013997,U00755,M00097,2026-04-20 15:04:16.452997,113,True,Tablet
W0013998,U00658,M00280,2026-01-18 15:04:16.452999,172,True,TV
W0013999,U00405,M00085,2025-10-13 15:04:16.453001,142,False,TV
W0014000,U00476,M00070,2025-11-01 15:04:16.453003,132,False,Tablet
W0014001,U00912,M00250,2025-10-24 15:04:16.453005,156,True,Laptop
W0014002,U00221,M00224,2026-03-23 15:04:16.453007,79,True,TV
W0014003,U00058,M00286,2025-11-08 15:04:16.453010,61,False,TV
W0014004,U00215,M00277,2025-05-17 15:04:16.453012,166,True,Tablet
W0014005,U00233,M00092,2025-06-29 15:04:16.453014,35,False,Laptop
W0014006,U00730,M00171,2026-04-27 15:04:16.453016,141,True,Mobile
W0014007,U00850,M00156,2026-03-07 15:04:16.453020,154,True,TV
W0014008,U00121,M00165,2026-02-05 15:04:16.453022,32,False,Tablet
W0014009,U00814,M00114,2025-06-13 15:04:16.453024,162,False,Mobile
W0014010,U00324,M00079,2025-12-12 15:04:16.453026,34,True,Laptop
W0014011,U00320,M00258,2026-04-25 15:04:16.453030,175,False,Mobile
W0014012,U00801,M00066,2025-11-27 15:04:16.453032,167,False,TV
W0014013,U00769,M00056,2025-10-12 15:04:16.453034,150,False,Tablet
W0014014,U00107,M00018,2025-06-29 15:04:16.453036,107,True,TV
W0014015,U00991,M00215,2025-05-22 15:04:16.453038,116,False,Mobile
W0014016,U00043,M00076,2026-04-14 15:04:16.453040,5,True,Tablet
W0014017,U00091,M00062,2025-10-28 15:04:16.453042,150,True,Tablet
W0014018,U00283,M00179,2026-03-22 15:04:16.453044,86,True,Laptop
W0014019,U00637,M00155,2025-09-03 15:04:16.453046,19,False,TV
W0014020,U00396,M00073,2026-04-25 15:04:16.453048,14,False,Tablet
W0014021,U00564,M00053,2025-07-08 15:04:16.453051,88,False,Tablet
W0014022,U00794,M00136,2025-05-17 15:04:16.453053,164,False,Tablet
W0014023,U00636,M00240,2025-07-22 15:04:16.453055,160,True,Mobile
W0014024,U00038,M00005,2026-04-24 15:04:16.453057,131,False,Mobile
W0014025,U00221,M00110,2026-04-05 15:04:16.453060,28,False,Tablet
W0014026,U00646,M00063,2025-05-18 15:04:16.453063,134,True,TV
W0014027,U00889,M00081,2026-03-09 15:04:16.453065,114,True,TV
W0014028,U00130,M00157,2025-12-19 15:04:16.453067,43,True,TV
W0014029,U00611,M00086,2026-04-18 15:04:16.453070,114,False,TV
W0014030,U00766,M00015,2026-03-25 15:04:16.453072,104,False,Mobile
W0014031,U00219,M00030,2025-09-08 15:04:16.453074,113,True,Tablet
W0014032,U00373,M00197,2025-07-28 15:04:16.453076,42,False,TV
W0014033,U00973,M00117,2025-10-21 15:04:16.453078,38,False,TV
W0014034,U00953,M00275,2025-08-28 15:04:16.453080,126,True,Laptop
W0014035,U00165,M00073,2025-11-20 15:04:16.453082,82,False,Laptop
W0014036,U00878,M00016,2025-10-02 15:04:16.453084,72,True,Laptop
W0014037,U00523,M00165,2025-09-16 15:04:16.453086,31,True,Tablet
W0014038,U00201,M00202,2026-04-16 15:04:16.453088,16,False,TV
W0014039,U00714,M00044,2025-11-07 15:04:16.453090,119,True,TV
W0014040,U00385,M00238,2025-08-17 15:04:16.453092,102,False,TV
W0014041,U00756,M00054,2025-08-14 15:04:16.453094,56,False,Laptop
W0014042,U00061,M00186,2026-03-08 15:04:16.453096,128,False,Tablet
W0014043,U00055,M00222,2026-01-09 15:04:16.453123,18,True,Laptop
W0014044,U00337,M00284,2026-04-22 15:04:16.453129,180,True,TV
W0014045,U00568,M00013,2025-12-14 15:04:16.453131,121,False,Mobile
W0014046,U00068,M00191,2026-01-21 15:04:16.453135,71,False,TV
W0014047,U00085,M00001,2025-10-17 15:04:16.453138,89,False,Mobile
W0014048,U00894,M00080,2025-07-20 15:04:16.453140,120,True,TV
W0014049,U00591,M00262,2025-09-18 15:04:16.453142,161,True,TV
W0014050,U00404,M00273,2025-10-03 15:04:16.453145,11,True,Tablet
W0014051,U00559,M00007,2026-03-25 15:04:16.453147,157,True,TV
W0014052,U00307,M00294,2026-04-19 15:04:16.453149,51,False,TV
W0014053,U00149,M00163,2026-02-06 15:04:16.453151,13,False,Laptop
W0014054,U00150,M00053,2025-05-12 15:04:16.453153,24,False,TV
W0014055,U00107,M00209,2026-03-22 15:04:16.453155,57,True,Laptop
W0014056,U00742,M00068,2025-10-09 15:04:16.453180,140,False,TV
W0014057,U00701,M00199,2025-11-02 15:04:16.453183,111,True,Mobile
W0014058,U00210,M00275,2025-07-28 15:04:16.453186,54,False,TV
W0014059,U00192,M00171,2025-10-23 15:04:16.453188,100,True,Laptop
W0014060,U00192,M00159,2026-01-27 15:04:16.453190,177,False,TV
W0014061,U00828,M00080,2026-04-08 15:04:16.453192,79,True,Mobile
W0014062,U00496,M00033,2025-12-18 15:04:16.453195,137,False,TV
W0014063,U00822,M00080,2025-11-20 15:04:16.453197,92,True,Laptop
W0014064,U00935,M00102,2025-06-06 15:04:16.453199,21,True,Mobile
W0014065,U00032,M00037,2025-06-07 15:04:16.453202,33,True,Mobile
W0014066,U00238,M00232,2025-09-01 15:04:16.453205,10,True,Laptop
W0014067,U00737,M00274,2026-01-15 15:04:16.453207,46,True,Mobile
W0014068,U00687,M00295,2026-01-18 15:04:16.453209,69,True,Laptop
W0014069,U00394,M00229,2025-07-02 15:04:16.453212,173,False,Mobile
W0014070,U00422,M00184,2025-05-26 15:04:16.453214,139,True,TV
W0014071,U00236,M00135,2025-06-25 15:04:16.453216,132,False,TV
W0014072,U00872,M00166,2025-05-12 15:04:16.453218,145,True,Tablet
W0014073,U00202,M00014,2025-11-01 15:04:16.453220,137,False,Laptop
W0014074,U00962,M00045,2026-04-26 15:04:16.453224,6,True,Laptop
W0014075,U00592,M00048,2025-09-16 15:04:16.453246,168,True,Tablet
W0014076,U00034,M00004,2025-12-14 15:04:16.453253,157,False,TV
W0014077,U00774,M00015,2025-10-21 15:04:16.453257,76,True,Tablet
W0014078,U00312,M00065,2026-01-18 15:04:16.453260,147,True,Mobile
W0014079,U00852,M00036,2025-11-01 15:04:16.453263,156,False,Mobile
W0014080,U00804,M00159,2025-08-23 15:04:16.453265,98,False,Laptop
W0014081,U00049,M00240,2025-09-08 15:04:16.453267,63,False,Laptop
W0014082,U00718,M00252,2026-05-02 15:04:16.453269,16,False,Mobile
W0014083,U00132,M00082,2025-05-09 15:04:16.453272,98,False,TV
W0014084,U00910,M00281,2026-03-29 15:04:16.453274,111,True,Tablet
W0014085,U00928,M00032,2025-11-27 15:04:16.453278,57,True,Tablet
W0014086,U00735,M00001,2026-05-08 15:04:16.453280,147,True,Tablet
W0014087,U00840,M00261,2025-11-02 15:04:16.453282,162,False,Mobile
W0014088,U00104,M00265,2025-07-09 15:04:16.453284,163,True,Mobile
W0014089,U00439,M00175,2025-08-09 15:04:16.453286,117,True,Mobile
W0014090,U00985,M00297,2025-12-26 15:04:16.453289,121,True,TV
W0014091,U00078,M00286,2026-03-14 15:04:16.453291,97,True,Laptop
W0014092,U00293,M00242,2025-09-23 15:04:16.453293,99,False,Mobile
W0014093,U00555,M00049,2025-07-12 15:04:16.453295,45,True,TV
W0014094,U00093,M00216,2026-01-01 15:04:16.453297,149,True,TV
W0014095,U00069,M00300,2025-11-19 15:04:16.453300,10,True,TV
W0014096,U00325,M00132,2025-05-11 15:04:16.453302,62,False,Mobile
W0014097,U00531,M00020,2026-01-30 15:04:16.453304,39,True,TV
W0014098,U00949,M00089,2025-09-15 15:04:16.453305,17,False,Tablet
W0014099,U00823,M00136,2025-10-13 15:04:16.453307,39,False,Tablet
W0014100,U00355,M00089,2025-09-28 15:04:16.453309,145,False,TV
W0014101,U00581,M00075,2026-03-17 15:04:16.453311,178,True,Tablet
W0014102,U00687,M00197,2025-11-11 15:04:16.453313,130,False,Tablet
W0014103,U00130,M00117,2025-06-18 15:04:16.453315,129,True,Mobile
W0014104,U00351,M00040,2026-02-12 15:04:16.453319,17,True,Tablet
W0014105,U00570,M00255,2025-06-19 15:04:16.453322,120,False,Mobile
W0014106,U00277,M00108,2025-12-26 15:04:16.453324,107,True,Laptop
W0014107,U00680,M00195,2025-11-13 15:04:16.453327,36,False,TV
W0014108,U00706,M00020,2025-07-27 15:04:16.453329,42,False,Laptop
W0014109,U00243,M00232,2026-05-01 15:04:16.453331,93,False,TV
W0014110,U00482,M00234,2026-01-16 15:04:16.453334,25,False,Mobile
W0014111,U00049,M00140,2025-07-18 15:04:16.453336,115,False,Mobile
W0014112,U00763,M00296,2026-03-29 15:04:16.453338,164,False,Laptop
W0014113,U00896,M00183,2025-10-23 15:04:16.453340,48,False,TV
W0014114,U00843,M00277,2026-03-24 15:04:16.453342,19,False,Mobile
W0014115,U00467,M00262,2025-06-16 15:04:16.453344,45,False,TV
W0014116,U00760,M00178,2025-07-17 15:04:16.453346,50,False,Tablet
W0014117,U00041,M00060,2026-05-07 15:04:16.453348,135,False,Mobile
W0014118,U00360,M00044,2026-03-06 15:04:16.453350,169,True,Mobile
W0014119,U00384,M00271,2026-04-03 15:04:16.453352,22,True,Laptop
W0014120,U00530,M00141,2025-07-28 15:04:16.453354,111,True,Laptop
W0014121,U00437,M00148,2025-08-22 15:04:16.453357,141,True,Mobile
W0014122,U00882,M00115,2026-01-07 15:04:16.453359,150,True,Mobile
W0014123,U00668,M00171,2025-07-31 15:04:16.453361,93,False,TV
W0014124,U00003,M00109,2026-03-26 15:04:16.453365,160,False,TV
W0014125,U00156,M00034,2025-10-20 15:04:16.453368,167,False,Tablet
W0014126,U00470,M00148,2025-05-19 15:04:16.453371,119,True,Mobile
W0014127,U00934,M00109,2025-09-04 15:04:16.453373,49,False,Tablet
W0014128,U00814,M00274,2025-08-31 15:04:16.453375,175,False,Mobile
W0014129,U00202,M00072,2026-03-26 15:04:16.453377,157,False,Tablet
W0014130,U00551,M00008,2025-10-29 15:04:16.453379,47,True,Tablet
W0014131,U00401,M00294,2025-05-29 15:04:16.453381,103,False,Mobile
W0014132,U00925,M00225,2025-09-14 15:04:16.453383,107,False,Mobile
W0014133,U00060,M00153,2025-09-17 15:04:16.453385,99,True,Laptop
W0014134,U00955,M00214,2025-09-04 15:04:16.453387,33,False,Laptop
W0014135,U00367,M00264,2026-03-02 15:04:16.453389,115,True,Laptop
W0014136,U00050,M00248,2026-02-24 15:04:16.453392,101,True,Mobile
W0014137,U00644,M00195,2025-05-11 15:04:16.453394,120,True,Mobile
W0014138,U00941,M00065,2025-06-01 15:04:16.453396,32,True,Mobile
W0014139,U00880,M00016,2025-10-11 15:04:16.453399,30,False,Laptop
W0014140,U00224,M00065,2025-12-06 15:04:16.453401,39,False,TV
W0014141,U00485,M00104,2025-10-17 15:04:16.453403,179,True,Laptop
W0014142,U00970,M00006,2025-10-08 15:04:16.453405,180,True,Tablet
W0014143,U00991,M00287,2026-04-01 15:04:16.453409,38,False,Laptop
W0014144,U00858,M00078,2026-04-01 15:04:16.453411,9,False,Mobile
W0014145,U00042,M00057,2025-08-21 15:04:16.453413,28,False,Mobile
W0014146,U00530,M00231,2026-04-09 15:04:16.453415,163,False,Tablet
W0014147,U00544,M00181,2025-06-07 15:04:16.453417,107,False,Mobile
W0014148,U00949,M00294,2026-03-23 15:04:16.453420,98,True,TV
W0014149,U00109,M00204,2025-06-13 15:04:16.453423,89,False,Tablet
W0014150,U00922,M00081,2025-07-03 15:04:16.453425,180,False,Laptop
W0014151,U00925,M00204,2025-06-30 15:04:16.453427,162,False,Mobile
W0014152,U00247,M00140,2025-07-02 15:04:16.453429,148,False,Mobile
W0014153,U00370,M00157,2026-02-01 15:04:16.453431,52,False,Laptop
W0014154,U00534,M00029,2025-10-27 15:04:16.453433,59,False,Mobile
W0014155,U00608,M00108,2025-12-29 15:04:16.453435,144,False,TV
W0014156,U00281,M00174,2025-11-07 15:04:16.453437,174,False,TV
W0014157,U00913,M00093,2026-04-05 15:04:16.453439,108,True,Laptop
W0014158,U00591,M00014,2025-10-07 15:04:16.453441,159,True,Tablet
W0014159,U00324,M00041,2026-03-02 15:04:16.453443,165,True,Mobile
W0014160,U00401,M00249,2025-05-16 15:04:16.453445,100,False,Mobile
W0014161,U00913,M00223,2025-08-30 15:04:16.453447,166,True,TV
W0014162,U00054,M00122,2025-11-07 15:04:16.453449,64,False,Tablet
W0014163,U00045,M00192,2025-11-07 15:04:16.453452,179,False,Tablet
W0014164,U00425,M00096,2026-02-28 15:04:16.453455,147,True,Laptop
W0014165,U00164,M00153,2025-07-02 15:04:16.453457,13,False,TV
W0014166,U00216,M00054,2025-12-24 15:04:16.453459,180,True,Mobile
W0014167,U00010,M00065,2025-07-08 15:04:16.453461,34,False,Mobile
W0014168,U00579,M00170,2026-03-16 15:04:16.453463,51,True,Laptop
W0014169,U00856,M00005,2025-12-17 15:04:16.453466,46,True,Mobile
W0014170,U00664,M00135,2025-11-24 15:04:16.453468,108,False,Laptop
W0014171,U00973,M00250,2025-10-26 15:04:16.453485,114,False,Laptop
W0014172,U00391,M00151,2025-12-19 15:04:16.453490,82,False,Laptop
W0014173,U00248,M00024,2025-11-30 15:04:16.453493,114,False,TV
W0014174,U00984,M00128,2025-06-18 15:04:16.453496,30,True,Laptop
W0014175,U00435,M00043,2025-07-29 15:04:16.453498,62,True,Tablet
W0014176,U00227,M00112,2025-07-23 15:04:16.453501,158,True,TV
W0014177,U00389,M00104,2026-02-23 15:04:16.453503,171,False,TV
W0014178,U00628,M00083,2026-04-24 15:04:16.453506,94,False,Tablet
W0014179,U00097,M00074,2025-12-23 15:04:16.453508,140,False,Laptop
W0014180,U00206,M00187,2026-04-17 15:04:16.453510,179,False,Laptop
W0014181,U00030,M00107,2025-05-25 15:04:16.453512,135,False,TV
W0014182,U00666,M00189,2025-07-23 15:04:16.453517,177,True,TV
W0014183,U00824,M00025,2025-07-19 15:04:16.453519,57,False,Mobile
W0014184,U00118,M00085,2025-08-07 15:04:16.453521,152,True,Tablet
W0014185,U00635,M00012,2026-02-27 15:04:16.453523,122,True,TV
W0014186,U00457,M00300,2025-05-31 15:04:16.453525,126,False,Laptop
W0014187,U00331,M00109,2025-06-01 15:04:16.453527,59,False,Mobile
W0014188,U00830,M00035,2026-04-11 15:04:16.453529,150,False,Tablet
W0014189,U00097,M00297,2025-06-20 15:04:16.453532,86,True,Mobile
W0014190,U00394,M00050,2025-06-07 15:04:16.453534,104,False,TV
W0014191,U00330,M00099,2025-12-08 15:04:16.453536,116,True,Mobile
W0014192,U00998,M00051,2025-08-28 15:04:16.453538,137,True,Mobile
W0014193,U00874,M00145,2026-01-16 15:04:16.453541,100,False,Tablet
W0014194,U00260,M00063,2026-03-25 15:04:16.453543,53,True,Laptop
W0014195,U00347,M00017,2025-11-28 15:04:16.453545,148,False,Laptop
W0014196,U00694,M00142,2025-10-15 15:04:16.453547,84,False,TV
W0014197,U00078,M00269,2026-01-09 15:04:16.453549,74,True,TV
W0014198,U00684,M00196,2025-07-29 15:04:16.453551,84,False,Tablet
W0014199,U00890,M00105,2025-06-19 15:04:16.453553,33,True,Mobile
W0014200,U00161,M00048,2025-05-27 15:04:16.453555,161,False,Laptop
W0014201,U00561,M00055,2025-05-24 15:04:16.453557,94,True,Tablet
W0014202,U00284,M00202,2025-06-10 15:04:16.453561,153,False,TV
W0014203,U00845,M00179,2025-05-12 15:04:16.453593,88,True,Mobile
W0014204,U00207,M00117,2025-11-25 15:04:16.453597,56,False,Laptop
W0014205,U00528,M00186,2025-11-14 15:04:16.453600,121,False,Laptop
W0014206,U00941,M00217,2025-05-10 15:04:16.453603,74,False,Mobile
W0014207,U00575,M00153,2025-11-04 15:04:16.453606,28,True,Laptop
W0014208,U00655,M00016,2026-04-13 15:04:16.453608,111,True,Mobile
W0014209,U00328,M00189,2026-03-07 15:04:16.453610,12,True,Mobile
W0014210,U00755,M00100,2025-06-16 15:04:16.453612,98,False,Mobile
W0014211,U00275,M00194,2025-06-29 15:04:16.453614,99,True,Tablet
W0014212,U00314,M00216,2026-04-10 15:04:16.453616,160,True,Mobile
W0014213,U00972,M00133,2026-04-20 15:04:16.453618,82,True,TV
W0014214,U00754,M00204,2025-11-16 15:04:16.453620,31,False,TV
W0014215,U00989,M00003,2025-08-05 15:04:16.453623,117,False,Laptop
W0014216,U00140,M00235,2026-03-12 15:04:16.453637,146,True,Tablet
W0014217,U00019,M00181,2025-07-11 15:04:16.453643,97,True,TV
W0014218,U00498,M00241,2025-06-08 15:04:16.453646,11,False,Mobile
W0014219,U00011,M00233,2025-11-09 15:04:16.453649,9,True,Tablet
W0014220,U00368,M00115,2026-04-07 15:04:16.453652,9,False,TV
W0014221,U00033,M00207,2025-07-12 15:04:16.453656,83,False,Laptop
W0014222,U00267,M00086,2026-01-21 15:04:16.453658,170,False,Laptop
W0014223,U00874,M00261,2025-06-09 15:04:16.453661,92,False,Laptop
W0014224,U00697,M00151,2026-03-20 15:04:16.453679,165,True,Mobile
W0014225,U00822,M00198,2025-10-30 15:04:16.453683,47,True,Laptop
W0014226,U00068,M00277,2026-04-08 15:04:16.453686,125,True,Mobile
W0014227,U00492,M00249,2026-03-04 15:04:16.453689,34,False,Mobile
W0014228,U00809,M00285,2025-12-25 15:04:16.453692,148,True,Tablet
W0014229,U00706,M00001,2025-11-17 15:04:16.453695,168,False,Mobile
W0014230,U00837,M00196,2025-10-14 15:04:16.453697,31,False,Laptop
W0014231,U00661,M00176,2025-06-11 15:04:16.453699,164,False,TV
W0014232,U00384,M00285,2026-01-26 15:04:16.453706,81,True,Tablet
W0014233,U00763,M00048,2026-03-01 15:04:16.453709,143,True,Laptop
W0014234,U00588,M00263,2025-10-06 15:04:16.453713,58,False,TV
W0014235,U00182,M00244,2026-01-03 15:04:16.453715,99,True,TV
W0014236,U00376,M00086,2026-03-25 15:04:16.453717,7,True,Mobile
W0014237,U00542,M00109,2026-01-13 15:04:16.453720,129,True,Laptop
W0014238,U00208,M00002,2025-05-12 15:04:16.453722,133,True,TV
W0014239,U00362,M00149,2025-10-16 15:04:16.453724,152,True,Mobile
W0014240,U00767,M00200,2025-07-15 15:04:16.453726,40,True,TV
W0014241,U00691,M00053,2025-11-12 15:04:16.453730,102,True,Laptop
W0014242,U00843,M00260,2025-07-26 15:04:16.453732,137,True,Mobile
W0014243,U00487,M00221,2025-05-13 15:04:16.453734,68,False,Mobile
W0014244,U00987,M00080,2025-08-22 15:04:16.453736,127,False,Mobile
W0014245,U00220,M00141,2026-03-06 15:04:16.453738,155,True,TV
W0014246,U00739,M00022,2025-07-06 15:04:16.453740,67,False,Laptop
W0014247,U00676,M00192,2025-06-28 15:04:16.453743,57,True,Laptop
W0014248,U00922,M00011,2025-11-27 15:04:16.453745,27,True,Tablet
W0014249,U00825,M00055,2025-09-10 15:04:16.453747,38,False,Tablet
W0014250,U00750,M00288,2025-09-19 15:04:16.453749,30,False,Laptop
W0014251,U00340,M00071,2025-12-08 15:04:16.453751,74,True,Tablet
W0014252,U00179,M00156,2026-01-04 15:04:16.453753,28,True,Tablet
W0014253,U00009,M00296,2025-05-22 15:04:16.453755,49,False,Laptop
W0014254,U00648,M00202,2025-06-17 15:04:16.453757,121,True,Mobile
W0014255,U00134,M00269,2026-04-23 15:04:16.453759,76,False,Laptop
W0014256,U00595,M00228,2025-10-01 15:04:16.453761,9,True,TV
W0014257,U00530,M00218,2025-11-22 15:04:16.453763,143,True,TV
W0014258,U00813,M00203,2025-08-17 15:04:16.453765,14,False,Tablet
W0014259,U00784,M00224,2025-10-29 15:04:16.453768,137,False,Tablet
W0014260,U00356,M00172,2025-08-26 15:04:16.453773,156,True,Mobile
W0014261,U00980,M00292,2025-10-10 15:04:16.453776,120,False,Laptop
W0014262,U00020,M00214,2026-03-13 15:04:16.453778,42,False,TV
W0014263,U00083,M00051,2025-11-15 15:04:16.453780,55,True,Laptop
W0014264,U00326,M00269,2025-05-10 15:04:16.453783,141,True,Tablet
W0014265,U00245,M00230,2025-06-29 15:04:16.453785,134,True,TV
W0014266,U00232,M00123,2026-02-16 15:04:16.453790,90,True,Mobile
W0014267,U00567,M00218,2025-08-22 15:04:16.453793,107,True,Mobile
W0014268,U00786,M00137,2026-01-17 15:04:16.453795,101,False,Laptop
W0014269,U00508,M00021,2026-01-03 15:04:16.453797,92,False,TV
W0014270,U00259,M00130,2026-03-04 15:04:16.453800,99,True,Laptop
W0014271,U00593,M00146,2025-08-29 15:04:16.453802,96,True,Laptop
W0014272,U00551,M00210,2026-01-30 15:04:16.453804,148,False,Laptop
W0014273,U00106,M00234,2026-01-06 15:04:16.453806,52,True,Laptop
W0014274,U00057,M00148,2025-11-12 15:04:16.453808,149,False,Laptop
W0014275,U00576,M00060,2026-03-18 15:04:16.453811,127,False,Tablet
W0014276,U00123,M00182,2025-08-14 15:04:16.453813,35,False,Mobile
W0014277,U00784,M00107,2025-08-10 15:04:16.453815,72,False,TV
W0014278,U00258,M00194,2025-10-04 15:04:16.453817,78,True,Laptop
W0014279,U00679,M00176,2026-03-22 15:04:16.453819,139,True,Laptop
W0014280,U00531,M00006,2026-01-15 15:04:16.453824,137,False,Laptop
W0014281,U00270,M00112,2026-03-03 15:04:16.453826,17,False,Tablet
W0014282,U00742,M00259,2025-09-11 15:04:16.453828,128,False,Mobile
W0014283,U00896,M00144,2025-07-16 15:04:16.453831,71,True,Tablet
W0014284,U00337,M00162,2026-03-04 15:04:16.453833,67,False,Tablet
W0014285,U00270,M00057,2026-04-03 15:04:16.453835,165,False,TV
W0014286,U00516,M00156,2026-01-29 15:04:16.453837,153,False,Laptop
W0014287,U00780,M00066,2025-07-30 15:04:16.453839,143,True,Mobile
W0014288,U00601,M00022,2026-01-26 15:04:16.453842,84,False,Mobile
W0014289,U00435,M00281,2025-06-10 15:04:16.453844,163,False,Mobile
W0014290,U00777,M00025,2025-11-03 15:04:16.453847,84,False,Mobile
W0014291,U00349,M00149,2025-11-27 15:04:16.453849,179,False,Laptop
W0014292,U00938,M00068,2025-10-31 15:04:16.453851,106,True,Mobile
W0014293,U00049,M00278,2026-03-20 15:04:16.453853,49,True,Mobile
W0014294,U00517,M00203,2025-12-08 15:04:16.453856,144,True,Mobile
W0014295,U00708,M00065,2025-10-20 15:04:16.453858,162,True,Tablet
W0014296,U00831,M00102,2025-08-29 15:04:16.453861,162,False,Laptop
W0014297,U00811,M00031,2026-01-07 15:04:16.453863,163,False,TV
W0014298,U00718,M00037,2026-01-29 15:04:16.453867,168,True,Mobile
W0014299,U00770,M00023,2026-02-14 15:04:16.453871,26,False,TV
W0014300,U00124,M00041,2025-08-28 15:04:16.453873,115,True,Mobile
W0014301,U00364,M00098,2025-08-23 15:04:16.453876,39,False,Tablet
W0014302,U00510,M00236,2025-12-03 15:04:16.453878,83,False,Mobile
W0014303,U00208,M00122,2026-04-24 15:04:16.453881,128,False,Mobile
W0014304,U00613,M00282,2025-10-27 15:04:16.453883,134,True,Laptop
W0014305,U00779,M00136,2025-07-28 15:04:16.453886,58,True,TV
W0014306,U00625,M00074,2025-10-30 15:04:16.453888,53,True,Mobile
W0014307,U00393,M00239,2025-05-21 15:04:16.453890,167,False,TV
W0014308,U00501,M00112,2025-06-01 15:04:16.453892,13,False,Mobile
W0014309,U00526,M00236,2025-08-26 15:04:16.453894,124,False,Tablet
W0014310,U00139,M00113,2025-12-08 15:04:16.453896,81,True,Laptop
W0014311,U00896,M00262,2025-07-29 15:04:16.453898,168,False,Tablet
W0014312,U00271,M00145,2025-11-14 15:04:16.453900,35,False,Laptop
W0014313,U00457,M00047,2025-12-05 15:04:16.453902,124,False,TV
W0014314,U00393,M00245,2025-06-01 15:04:16.453904,132,False,TV
W0014315,U00419,M00147,2025-08-24 15:04:16.453906,89,True,Mobile
W0014316,U00305,M00043,2025-11-08 15:04:16.453909,5,True,TV
W0014317,U00244,M00158,2026-03-28 15:04:16.453912,81,False,Tablet
W0014318,U00955,M00169,2025-07-18 15:04:16.453914,67,False,Mobile
W0014319,U00386,M00115,2025-09-19 15:04:16.453917,172,False,Tablet
W0014320,U00985,M00284,2025-12-17 15:04:16.453920,157,True,TV
W0014321,U00073,M00163,2025-09-22 15:04:16.453922,154,True,TV
W0014322,U00012,M00198,2025-12-02 15:04:16.453924,113,False,TV
W0014323,U00738,M00216,2025-11-13 15:04:16.453926,110,False,Laptop
W0014324,U00506,M00252,2026-03-25 15:04:16.453929,174,False,Mobile
W0014325,U00288,M00190,2025-05-25 15:04:16.453931,46,True,Mobile
W0014326,U00160,M00066,2026-03-01 15:04:16.453933,98,True,Laptop
W0014327,U00769,M00236,2025-12-14 15:04:16.453935,58,True,Tablet
W0014328,U00048,M00080,2026-03-19 15:04:16.453937,23,True,Mobile
W0014329,U00219,M00091,2026-03-09 15:04:16.453939,86,True,Tablet
W0014330,U00982,M00132,2025-06-08 15:04:16.453943,79,True,Laptop
W0014331,U00175,M00064,2025-05-18 15:04:16.453946,100,False,TV
W0014332,U00863,M00231,2025-10-16 15:04:16.453948,112,True,TV
W0014333,U00188,M00166,2026-04-07 15:04:16.453950,162,False,Laptop
W0014334,U00312,M00133,2025-05-16 15:04:16.453952,10,False,Tablet
W0014335,U00525,M00170,2025-12-12 15:04:16.453955,175,True,Laptop
W0014336,U00014,M00287,2025-06-28 15:04:16.453957,99,True,Laptop
W0014337,U00014,M00057,2025-10-02 15:04:16.453959,104,True,Tablet
W0014338,U00396,M00182,2025-12-16 15:04:16.453963,124,False,Tablet
W0014339,U00966,M00099,2025-08-14 15:04:16.453966,10,False,Laptop
W0014340,U00352,M00041,2025-10-04 15:04:16.453968,124,True,TV
W0014341,U00021,M00049,2025-08-29 15:04:16.453971,78,True,TV
W0014342,U00946,M00294,2026-04-06 15:04:16.453974,111,True,TV
W0014343,U00649,M00284,2026-04-12 15:04:16.453976,15,True,Laptop
W0014344,U00125,M00291,2026-03-23 15:04:16.453978,114,False,Mobile
W0014345,U00903,M00172,2025-06-14 15:04:16.453980,70,False,TV
W0014346,U00395,M00254,2026-02-11 15:04:16.453982,95,False,TV
W0014347,U00903,M00103,2025-07-14 15:04:16.453984,125,False,Tablet
W0014348,U00849,M00250,2025-07-16 15:04:16.453986,47,False,Tablet
W0014349,U00837,M00108,2025-06-20 15:04:16.453988,109,False,Laptop
W0014350,U00169,M00190,2025-06-12 15:04:16.453990,76,True,TV
W0014351,U00573,M00144,2025-05-28 15:04:16.453992,132,False,TV
W0014352,U00971,M00290,2026-04-07 15:04:16.453994,134,True,Mobile
W0014353,U00168,M00118,2026-04-08 15:04:16.453996,46,True,Laptop
W0014354,U00979,M00290,2025-10-02 15:04:16.453998,80,True,Mobile
W0014355,U00414,M00255,2025-07-01 15:04:16.454001,86,False,TV
W0014356,U00749,M00073,2026-03-01 15:04:16.454003,166,True,TV
W0014357,U00470,M00168,2025-11-11 15:04:16.454005,137,True,TV
W0014358,U00867,M00214,2025-12-27 15:04:16.454009,74,True,Laptop
W0014359,U00339,M00117,2025-05-23 15:04:16.454011,11,True,Laptop
W0014360,U00604,M00247,2025-08-09 15:04:16.454013,178,True,Mobile
W0014361,U00979,M00150,2026-05-09 15:04:16.454015,35,False,Mobile
W0014362,U00163,M00188,2025-12-10 15:04:16.454019,48,True,TV
W0014363,U00915,M00244,2026-04-27 15:04:16.454021,106,True,Laptop
W0014364,U00874,M00014,2026-03-17 15:04:16.454023,125,False,TV
W0014365,U00528,M00140,2025-10-04 15:04:16.454025,131,False,Tablet
W0014366,U00423,M00131,2025-12-29 15:04:16.454027,177,False,Laptop
W0014367,U00485,M00199,2025-11-11 15:04:16.454029,74,True,Laptop
W0014368,U00795,M00027,2025-06-17 15:04:16.454031,140,False,Tablet
W0014369,U00494,M00078,2026-01-15 15:04:16.454033,163,True,TV
W0014370,U00478,M00227,2025-06-17 15:04:16.454035,78,False,TV
W0014371,U00764,M00070,2026-03-08 15:04:16.454037,104,False,Laptop
W0014372,U00524,M00291,2025-10-07 15:04:16.454039,37,False,TV
W0014373,U00964,M00020,2025-10-24 15:04:16.454042,94,True,Mobile
W0014374,U00578,M00057,2025-05-13 15:04:16.454044,37,False,Mobile
W0014375,U00200,M00104,2025-11-15 15:04:16.454046,8,True,Mobile
W0014376,U00783,M00075,2025-08-30 15:04:16.454048,34,False,Laptop
W0014377,U00107,M00145,2025-06-01 15:04:16.454085,24,False,Laptop
W0014378,U00562,M00170,2025-12-26 15:04:16.454092,148,True,Tablet
W0014379,U00039,M00077,2025-08-28 15:04:16.454096,163,True,Tablet
W0014380,U00437,M00167,2025-08-18 15:04:16.454099,23,True,Laptop
W0014381,U00645,M00084,2025-08-23 15:04:16.454102,12,False,Laptop
W0014382,U00002,M00141,2025-09-02 15:04:16.454104,173,False,Tablet
W0014383,U00816,M00205,2026-01-25 15:04:16.454106,106,False,Laptop
W0014384,U00758,M00243,2026-01-12 15:04:16.454108,169,False,TV
W0014385,U00801,M00099,2025-06-25 15:04:16.454110,51,True,TV
W0014386,U00006,M00105,2026-02-14 15:04:16.454112,58,True,Tablet
W0014387,U00525,M00056,2025-08-08 15:04:16.454115,42,True,Tablet
W0014388,U00107,M00050,2025-05-25 15:04:16.454116,46,True,TV
W0014389,U00154,M00212,2025-07-20 15:04:16.454118,38,False,Tablet
W0014390,U00394,M00299,2025-05-26 15:04:16.454120,134,False,TV
W0014391,U00321,M00113,2025-11-04 15:04:16.454122,51,False,Laptop
W0014392,U00600,M00133,2025-06-04 15:04:16.454124,150,True,Laptop
W0014393,U00957,M00269,2025-10-04 15:04:16.454126,49,False,Laptop
W0014394,U00897,M00167,2026-02-27 15:04:16.454130,165,False,TV
W0014395,U00845,M00211,2025-12-05 15:04:16.454133,144,True,TV
W0014396,U00194,M00286,2026-05-06 15:04:16.454135,145,True,Laptop
W0014397,U00517,M00284,2025-05-15 15:04:16.454138,75,False,Mobile
W0014398,U00309,M00053,2025-10-12 15:04:16.454141,86,False,TV
W0014399,U00993,M00058,2026-02-18 15:04:16.454143,121,True,TV
W0014400,U00020,M00264,2025-10-20 15:04:16.454145,41,True,Mobile
W0014401,U00834,M00278,2026-03-23 15:04:16.454147,43,False,TV
W0014402,U00387,M00187,2025-07-19 15:04:16.454150,73,True,Mobile
W0014403,U00178,M00224,2025-09-07 15:04:16.454152,40,True,Laptop
W0014404,U00053,M00140,2025-12-14 15:04:16.454155,161,False,Laptop
W0014405,U00690,M00052,2025-07-17 15:04:16.454156,87,True,TV
W0014406,U00142,M00048,2025-08-13 15:04:16.454158,37,True,Tablet
W0014407,U00957,M00084,2025-10-03 15:04:16.454161,124,True,Laptop
W0014408,U00839,M00298,2025-05-20 15:04:16.454163,173,False,Mobile
W0014409,U00185,M00118,2026-03-21 15:04:16.454165,28,False,Laptop
W0014410,U00064,M00055,2025-09-02 15:04:16.454167,148,False,Tablet
W0014411,U00754,M00121,2025-07-11 15:04:16.454169,68,True,Mobile
W0014412,U00201,M00298,2025-11-03 15:04:16.454171,74,True,TV
W0014413,U00286,M00027,2025-11-16 15:04:16.454173,33,False,Mobile
W0014414,U00296,M00079,2025-06-11 15:04:16.454175,83,False,Tablet
W0014415,U00382,M00250,2026-02-22 15:04:16.454177,75,False,Laptop
W0014416,U00652,M00288,2025-11-02 15:04:16.454181,65,False,TV
W0014417,U00873,M00006,2026-01-24 15:04:16.454183,63,True,TV
W0014418,U00513,M00048,2025-07-16 15:04:16.454185,128,False,Laptop
W0014419,U00882,M00066,2026-03-27 15:04:16.454187,70,False,Mobile
W0014420,U00798,M00168,2025-11-02 15:04:16.454190,101,True,Mobile
W0014421,U00828,M00144,2026-05-05 15:04:16.454191,158,True,Tablet
W0014422,U00630,M00161,2025-12-03 15:04:16.454193,170,True,TV
W0014423,U00470,M00182,2026-04-03 15:04:16.454195,129,False,TV
W0014424,U00566,M00178,2025-09-19 15:04:16.454197,105,True,TV
W0014425,U00159,M00074,2025-12-31 15:04:16.454200,65,False,Mobile
W0014426,U00193,M00088,2025-10-01 15:04:16.454203,153,True,TV
W0014427,U00937,M00224,2025-09-22 15:04:16.454205,62,False,Tablet
W0014428,U00481,M00097,2026-04-06 15:04:16.454207,131,True,Tablet
W0014429,U00891,M00196,2026-03-29 15:04:16.454209,138,True,TV
W0014430,U00956,M00268,2025-12-12 15:04:16.454211,173,True,Laptop
W0014431,U00635,M00083,2025-06-30 15:04:16.454213,96,True,Tablet
W0014432,U00533,M00128,2025-09-08 15:04:16.454215,159,False,Laptop
W0014433,U00565,M00049,2025-09-21 15:04:16.454217,26,False,Mobile
W0014434,U00836,M00089,2026-02-14 15:04:16.454218,111,True,Tablet
W0014435,U00864,M00298,2026-02-28 15:04:16.454220,121,False,TV
W0014436,U00379,M00157,2025-06-20 15:04:16.454224,162,True,TV
W0014437,U00356,M00188,2025-08-24 15:04:16.454226,102,False,Tablet
W0014438,U00134,M00083,2025-09-28 15:04:16.454228,40,False,Tablet
W0014439,U00065,M00047,2026-05-01 15:04:16.454230,29,True,TV
W0014440,U00308,M00054,2026-01-02 15:04:16.454232,130,True,Tablet
W0014441,U00976,M00176,2026-01-29 15:04:16.454234,103,False,Tablet
W0014442,U00991,M00130,2025-07-24 15:04:16.454236,159,False,TV
W0014443,U00235,M00185,2025-12-29 15:04:16.454238,22,False,TV
W0014444,U00515,M00089,2025-07-14 15:04:16.454240,58,False,Tablet
W0014445,U00444,M00237,2026-03-14 15:04:16.454242,154,True,Mobile
W0014446,U00457,M00029,2025-08-11 15:04:16.454244,45,False,TV
W0014447,U00373,M00100,2025-12-31 15:04:16.454246,143,True,Laptop
W0014448,U00048,M00067,2026-03-13 15:04:16.454248,94,True,Mobile
W0014449,U00928,M00093,2025-08-04 15:04:16.454250,166,True,Tablet
W0014450,U00201,M00061,2025-06-02 15:04:16.454252,97,False,Tablet
W0014451,U00445,M00257,2025-12-21 15:04:16.454254,102,False,TV
W0014452,U00269,M00169,2025-06-05 15:04:16.454255,40,True,TV
W0014453,U00429,M00201,2025-10-26 15:04:16.454257,44,True,Laptop
W0014454,U00966,M00117,2026-03-22 15:04:16.454259,35,True,TV
W0014455,U00781,M00120,2026-03-15 15:04:16.454262,178,False,Tablet
W0014456,U00205,M00012,2025-11-15 15:04:16.454265,28,False,Tablet
W0014457,U00174,M00011,2025-12-21 15:04:16.454267,108,True,Laptop
W0014458,U00993,M00169,2025-10-22 15:04:16.454270,42,False,Mobile
W0014459,U00225,M00089,2025-09-05 15:04:16.454272,44,True,TV
W0014460,U00890,M00238,2025-09-23 15:04:16.454274,161,False,TV
W0014461,U00881,M00177,2026-02-10 15:04:16.454276,46,True,Mobile
W0014462,U00031,M00180,2025-08-28 15:04:16.454279,150,False,Mobile
W0014463,U00778,M00118,2025-05-10 15:04:16.454281,22,True,Mobile
W0014464,U00065,M00280,2026-04-29 15:04:16.454283,127,True,Laptop
W0014465,U00247,M00062,2025-07-09 15:04:16.454286,81,True,Mobile
W0014466,U00844,M00246,2026-01-22 15:04:16.454288,39,True,Tablet
W0014467,U00188,M00003,2025-05-16 15:04:16.454290,61,False,Tablet
W0014468,U00351,M00248,2025-05-29 15:04:16.454292,126,False,TV
W0014469,U00383,M00091,2026-04-27 15:04:16.454294,157,False,TV
W0014470,U00022,M00084,2026-03-27 15:04:16.454296,82,True,TV
W0014471,U00462,M00227,2026-05-07 15:04:16.454298,34,True,Mobile
W0014472,U00257,M00126,2025-06-09 15:04:16.454300,32,True,Laptop
W0014473,U00809,M00232,2025-11-11 15:04:16.454302,160,False,TV
W0014474,U00494,M00042,2026-04-20 15:04:16.454304,120,False,Laptop
W0014475,U00622,M00145,2026-03-20 15:04:16.454308,35,True,Laptop
W0014476,U00775,M00001,2026-05-07 15:04:16.454310,112,False,TV
W0014477,U00225,M00136,2025-06-19 15:04:16.454312,10,True,TV
W0014478,U00289,M00169,2025-08-20 15:04:16.454314,29,False,TV
W0014479,U00486,M00064,2026-02-23 15:04:16.454316,21,True,Tablet
W0014480,U00138,M00080,2025-12-05 15:04:16.454318,98,False,Mobile
W0014481,U00048,M00046,2026-01-10 15:04:16.454320,15,True,Laptop
W0014482,U00581,M00038,2025-10-08 15:04:16.454322,112,False,Mobile
W0014483,U00658,M00256,2025-10-08 15:04:16.454324,130,False,Laptop
W0014484,U00976,M00143,2025-11-03 15:04:16.454326,94,False,TV
W0014485,U00129,M00200,2025-08-12 15:04:16.454328,97,True,Mobile
W0014486,U00340,M00032,2026-04-09 15:04:16.454330,29,False,Mobile
W0014487,U00965,M00240,2025-08-24 15:04:16.454331,135,True,Mobile
W0014488,U00550,M00064,2025-10-01 15:04:16.454335,159,True,Tablet
W0014489,U00438,M00186,2025-12-30 15:04:16.454338,122,True,Mobile
W0014490,U00928,M00148,2026-03-30 15:04:16.454340,156,True,Laptop
W0014491,U00631,M00265,2025-05-25 15:04:16.454342,129,False,Tablet
W0014492,U00270,M00095,2025-11-21 15:04:16.454344,29,False,Mobile
W0014493,U00397,M00286,2025-07-20 15:04:16.454346,122,True,TV
W0014494,U00572,M00131,2025-07-11 15:04:16.454349,122,True,Tablet
W0014495,U00669,M00231,2025-12-28 15:04:16.454352,82,True,Laptop
W0014496,U00684,M00036,2025-07-22 15:04:16.454354,158,False,Laptop
W0014497,U00198,M00237,2026-01-15 15:04:16.454356,5,True,Laptop
W0014498,U00512,M00156,2025-08-29 15:04:16.454358,87,True,Tablet
W0014499,U00112,M00153,2025-06-09 15:04:16.454360,178,True,Tablet
W0014500,U00595,M00142,2026-05-08 15:04:16.454362,134,False,Mobile
W0014501,U00707,M00072,2026-01-13 15:04:16.454364,5,True,Mobile
W0014502,U00576,M00178,2025-05-19 15:04:16.454366,57,True,Mobile
W0014503,U00938,M00138,2025-07-08 15:04:16.454368,154,False,TV
W0014504,U00516,M00014,2026-03-08 15:04:16.454370,140,True,Tablet
W0014505,U00550,M00251,2025-12-30 15:04:16.454372,123,False,Laptop
W0014506,U00826,M00257,2025-11-15 15:04:16.454374,16,True,Mobile
W0014507,U00811,M00040,2025-05-10 15:04:16.454376,42,False,TV
W0014508,U00034,M00115,2025-08-05 15:04:16.454378,172,True,Mobile
W0014509,U00940,M00282,2026-03-06 15:04:16.454380,141,False,Tablet
W0014510,U00498,M00201,2026-01-10 15:04:16.454382,124,True,Laptop
W0014511,U00554,M00225,2025-11-30 15:04:16.454384,71,True,TV
W0014512,U00994,M00116,2026-02-21 15:04:16.454386,32,False,Tablet
W0014513,U00384,M00006,2025-11-02 15:04:16.454388,114,False,Laptop
W0014514,U00620,M00083,2025-05-12 15:04:16.454391,6,False,TV
W0014515,U00181,M00107,2026-04-16 15:04:16.454394,150,True,TV
W0014516,U00863,M00150,2025-12-16 15:04:16.454396,121,True,Laptop
W0014517,U00007,M00197,2026-01-05 15:04:16.454398,175,False,Tablet
W0014518,U00011,M00070,2025-05-21 15:04:16.454400,56,False,Mobile
W0014519,U00785,M00101,2026-04-06 15:04:16.454402,68,False,Mobile
W0014520,U00725,M00103,2025-07-24 15:04:16.454404,115,False,Laptop
W0014521,U00371,M00174,2025-09-15 15:04:16.454407,150,True,Mobile
W0014522,U00856,M00181,2025-10-20 15:04:16.454409,12,True,Mobile
W0014523,U00970,M00153,2025-12-11 15:04:16.454411,70,False,TV
W0014524,U00219,M00135,2025-11-12 15:04:16.454413,63,False,Tablet
W0014525,U00511,M00017,2025-09-30 15:04:16.454416,72,False,Tablet
W0014526,U00813,M00104,2026-04-08 15:04:16.454418,122,False,Laptop
W0014527,U00114,M00022,2025-09-01 15:04:16.454419,175,True,TV
W0014528,U00498,M00251,2026-01-26 15:04:16.454421,98,True,Mobile
W0014529,U00757,M00122,2025-12-06 15:04:16.454423,55,True,Laptop
W0014530,U00153,M00141,2025-10-20 15:04:16.454425,107,True,Tablet
W0014531,U00568,M00148,2025-07-31 15:04:16.454427,13,True,TV
W0014532,U00501,M00151,2025-06-24 15:04:16.454429,155,False,Tablet
W0014533,U00646,M00243,2026-03-10 15:04:16.454433,64,False,TV
W0014534,U00264,M00151,2025-05-28 15:04:16.454435,24,True,Laptop
W0014535,U00191,M00261,2026-01-30 15:04:16.454438,60,False,Tablet
W0014536,U00504,M00058,2025-09-03 15:04:16.454440,36,False,Laptop
W0014537,U00028,M00106,2025-07-31 15:04:16.454442,130,False,Tablet
W0014538,U00636,M00014,2025-09-10 15:04:16.454444,140,True,Mobile
W0014539,U00115,M00057,2025-07-26 15:04:16.454446,39,True,TV
W0014540,U00309,M00089,2026-02-03 15:04:16.454448,52,True,Tablet
W0014541,U00987,M00009,2025-07-25 15:04:16.454449,41,False,Tablet
W0014542,U00823,M00253,2025-08-30 15:04:16.454451,123,True,Laptop
W0014543,U00252,M00024,2026-02-10 15:04:16.454454,44,False,Laptop
W0014544,U00877,M00254,2025-11-02 15:04:16.454456,34,False,Tablet
W0014545,U00041,M00256,2026-05-03 15:04:16.454458,107,True,TV
W0014546,U00941,M00203,2026-02-06 15:04:16.454460,138,False,Mobile
W0014547,U00119,M00048,2025-06-07 15:04:16.454461,89,False,TV
W0014548,U00817,M00236,2026-02-09 15:04:16.454463,162,False,Laptop
W0014549,U00113,M00180,2025-05-23 15:04:16.454465,85,True,Laptop
W0014550,U00784,M00203,2025-11-08 15:04:16.454467,126,False,TV
W0014551,U00099,M00197,2026-05-05 15:04:16.454469,31,True,TV
W0014552,U00703,M00120,2025-12-23 15:04:16.454471,128,False,Mobile
W0014553,U00946,M00209,2025-08-19 15:04:16.454503,155,True,TV
W0014554,U00780,M00173,2025-12-28 15:04:16.454509,128,False,TV
W0014555,U00048,M00134,2025-05-23 15:04:16.454511,49,True,Mobile
W0014556,U00447,M00297,2025-09-21 15:04:16.454514,57,False,Mobile
W0014557,U00062,M00110,2026-05-09 15:04:16.454516,61,True,Mobile
W0014558,U00819,M00120,2025-12-12 15:04:16.454518,34,False,Laptop
W0014559,U00370,M00105,2026-01-19 15:04:16.454520,16,False,Tablet
W0014560,U00075,M00213,2025-10-01 15:04:16.454522,176,False,Tablet
W0014561,U00058,M00050,2025-06-13 15:04:16.454524,103,False,TV
W0014562,U00607,M00213,2025-05-16 15:04:16.454526,32,False,Tablet
W0014563,U00617,M00130,2025-09-01 15:04:16.454528,50,True,Tablet
W0014564,U00990,M00010,2026-02-04 15:04:16.454531,58,False,TV
W0014565,U00725,M00103,2025-07-05 15:04:16.454532,147,True,TV
W0014566,U00442,M00040,2025-12-22 15:04:16.454534,141,False,Tablet
W0014567,U00811,M00070,2026-02-14 15:04:16.454536,17,False,Tablet
W0014568,U00836,M00075,2026-03-06 15:04:16.454539,125,False,Tablet
W0014569,U00075,M00087,2026-02-23 15:04:16.454541,26,False,Laptop
W0014570,U00124,M00216,2025-12-10 15:04:16.454543,150,True,Tablet
W0014571,U00142,M00286,2025-09-01 15:04:16.454545,37,True,Laptop
W0014572,U00953,M00107,2026-02-15 15:04:16.454550,116,True,Laptop
W0014573,U00260,M00072,2025-09-24 15:04:16.454553,101,True,Tablet
W0014574,U00689,M00225,2025-07-31 15:04:16.454555,92,True,TV
W0014575,U00980,M00237,2026-02-13 15:04:16.454557,50,False,TV
W0014576,U00486,M00261,2025-07-03 15:04:16.454559,175,True,Mobile
W0014577,U00571,M00129,2025-11-09 15:04:16.454561,24,True,Laptop
W0014578,U00849,M00029,2026-01-29 15:04:16.454564,110,True,Laptop
W0014579,U00203,M00037,2025-05-31 15:04:16.454565,72,True,Tablet
W0014580,U00727,M00091,2025-06-19 15:04:16.454568,51,True,Mobile
W0014581,U00499,M00138,2025-10-24 15:04:16.454570,35,False,Mobile
W0014582,U00517,M00296,2025-07-29 15:04:16.454572,70,True,Tablet
W0014583,U00528,M00236,2025-06-15 15:04:16.454574,165,False,Tablet
W0014584,U00568,M00078,2026-02-14 15:04:16.454576,80,False,Mobile
W0014585,U00569,M00125,2025-07-31 15:04:16.454579,92,False,Tablet
W0014586,U00501,M00045,2026-01-11 15:04:16.454582,88,False,Tablet
W0014587,U00980,M00244,2025-11-03 15:04:16.454584,141,False,Mobile
W0014588,U00710,M00217,2025-11-10 15:04:16.454586,134,True,Mobile
W0014589,U00011,M00079,2025-08-30 15:04:16.454588,89,False,Laptop
W0014590,U00588,M00236,2026-04-13 15:04:16.454591,89,False,TV
W0014591,U00427,M00211,2025-06-26 15:04:16.454593,107,False,Tablet
W0014592,U00540,M00040,2025-06-09 15:04:16.454596,117,False,Laptop
W0014593,U00878,M00056,2025-07-04 15:04:16.454598,79,True,TV
W0014594,U00179,M00148,2025-06-17 15:04:16.454600,36,False,Tablet
W0014595,U00608,M00272,2026-04-12 15:04:16.454602,151,True,TV
W0014596,U00676,M00143,2026-01-30 15:04:16.454604,130,True,TV
W0014597,U00088,M00041,2026-05-02 15:04:16.454606,88,False,Mobile
W0014598,U00830,M00189,2026-04-12 15:04:16.454609,165,False,Laptop
W0014599,U00911,M00111,2026-02-13 15:04:16.454611,151,True,Mobile
W0014600,U00790,M00025,2026-02-09 15:04:16.454613,9,True,Mobile
W0014601,U00161,M00076,2025-08-31 15:04:16.454615,87,True,TV
W0014602,U00498,M00188,2025-07-19 15:04:16.454617,63,True,Tablet
W0014603,U00473,M00044,2026-03-30 15:04:16.454619,173,False,Mobile
W0014604,U00107,M00214,2026-01-09 15:04:16.454621,166,False,Mobile
W0014605,U00222,M00207,2026-03-04 15:04:16.454623,32,False,TV
W0014606,U00903,M00066,2025-12-18 15:04:16.454625,130,True,Tablet
W0014607,U00853,M00063,2025-11-19 15:04:16.454627,170,True,Mobile
W0014608,U00995,M00092,2026-02-19 15:04:16.454629,90,False,Laptop
W0014609,U00042,M00235,2025-05-30 15:04:16.454631,126,True,Mobile
W0014610,U00332,M00295,2026-01-10 15:04:16.454633,125,False,TV
W0014611,U00873,M00262,2025-12-04 15:04:16.454636,96,False,Mobile
W0014612,U00443,M00078,2026-04-20 15:04:16.454638,62,True,Mobile
W0014613,U00505,M00198,2025-11-07 15:04:16.454640,109,True,Tablet
W0014614,U00429,M00295,2025-09-22 15:04:16.454642,29,False,Mobile
W0014615,U00088,M00130,2025-07-23 15:04:16.454644,66,True,TV
W0014616,U00614,M00196,2025-12-28 15:04:16.454646,144,True,TV
W0014617,U00950,M00050,2025-05-21 15:04:16.454650,76,False,Tablet
W0014618,U00547,M00136,2026-02-20 15:04:16.454652,58,True,TV
W0014619,U00564,M00123,2025-06-14 15:04:16.454654,133,True,Laptop
W0014620,U00481,M00148,2025-10-01 15:04:16.454656,45,True,Tablet
W0014621,U00169,M00279,2026-02-21 15:04:16.454658,79,False,Tablet
W0014622,U00208,M00153,2025-09-30 15:04:16.454660,166,False,Laptop
W0014623,U00986,M00175,2025-09-21 15:04:16.454662,118,True,Mobile
W0014624,U00951,M00056,2026-04-27 15:04:16.454665,146,False,TV
W0014625,U00834,M00025,2025-09-28 15:04:16.454667,96,True,TV
W0014626,U00156,M00277,2026-04-19 15:04:16.454668,178,True,TV
W0014627,U00813,M00056,2025-09-02 15:04:16.454670,98,True,TV
W0014628,U00518,M00054,2025-10-05 15:04:16.454673,125,False,Mobile
W0014629,U00904,M00098,2026-02-14 15:04:16.454674,11,False,TV
W0014630,U00157,M00231,2025-12-24 15:04:16.454676,19,False,Mobile
W0014631,U00614,M00229,2025-06-12 15:04:16.454679,150,False,Tablet
W0014632,U00057,M00072,2025-07-20 15:04:16.454681,155,False,TV
W0014633,U00783,M00083,2025-09-02 15:04:16.454684,169,False,Mobile
W0014634,U00454,M00068,2025-06-03 15:04:16.454686,104,True,TV
W0014635,U00497,M00186,2025-10-25 15:04:16.454687,126,False,TV
W0014636,U00886,M00105,2025-12-16 15:04:16.454689,178,False,Mobile
W0014637,U00625,M00074,2025-09-27 15:04:16.454691,59,False,Laptop
W0014638,U00995,M00130,2026-04-21 15:04:16.454693,84,True,Mobile
W0014639,U00795,M00070,2026-05-09 15:04:16.454695,157,False,Mobile
W0014640,U00868,M00143,2025-12-05 15:04:16.454697,43,True,Tablet
W0014641,U00838,M00291,2025-12-28 15:04:16.454699,75,False,TV
W0014642,U00290,M00042,2026-01-19 15:04:16.454701,63,True,Laptop
W0014643,U00984,M00120,2025-12-15 15:04:16.454703,17,True,Tablet
W0014644,U00295,M00269,2025-10-05 15:04:16.454705,47,False,Mobile
W0014645,U00953,M00186,2025-12-05 15:04:16.454707,86,True,Tablet
W0014646,U00262,M00265,2025-10-11 15:04:16.454709,50,False,TV
W0014647,U00067,M00169,2025-12-03 15:04:16.454711,7,True,Mobile
W0014648,U00904,M00159,2026-03-25 15:04:16.454713,150,True,Tablet
W0014649,U00939,M00051,2026-03-26 15:04:16.454716,135,False,Mobile
W0014650,U00926,M00242,2025-06-25 15:04:16.454719,142,True,TV
W0014651,U00085,M00001,2026-04-11 15:04:16.454722,110,False,TV
W0014652,U00484,M00251,2026-01-03 15:04:16.454724,62,True,Tablet
W0014653,U00030,M00152,2026-04-02 15:04:16.454726,69,True,Mobile
W0014654,U00060,M00050,2025-10-10 15:04:16.454728,48,False,Laptop
W0014655,U00132,M00148,2026-03-31 15:04:16.454730,156,False,Mobile
W0014656,U00798,M00007,2025-09-21 15:04:16.454731,163,True,TV
W0014657,U00630,M00026,2025-05-20 15:04:16.454735,177,True,Mobile
W0014658,U00412,M00045,2025-12-03 15:04:16.454737,11,True,Laptop
W0014659,U00194,M00171,2026-03-13 15:04:16.454739,97,True,TV
W0014660,U00031,M00025,2026-01-16 15:04:16.454741,37,False,TV
W0014661,U00594,M00226,2025-10-25 15:04:16.454743,13,True,Tablet
W0014662,U00404,M00236,2026-02-05 15:04:16.454745,175,False,TV
W0014663,U00208,M00005,2025-12-18 15:04:16.454747,86,False,Mobile
W0014664,U00639,M00204,2026-02-14 15:04:16.454749,53,False,Laptop
W0014665,U00469,M00136,2025-07-15 15:04:16.454751,91,True,TV
W0014666,U00842,M00067,2025-07-06 15:04:16.454753,39,True,Laptop
W0014667,U00405,M00244,2026-02-01 15:04:16.454755,26,True,TV
W0014668,U00947,M00231,2025-08-17 15:04:16.454757,116,True,Mobile
W0014669,U00427,M00093,2025-09-24 15:04:16.454759,23,True,Tablet
W0014670,U00938,M00161,2025-07-08 15:04:16.454762,90,False,Mobile
W0014671,U00810,M00245,2025-12-12 15:04:16.454764,75,False,Laptop
W0014672,U00320,M00141,2025-07-17 15:04:16.454766,163,True,Mobile
W0014673,U00012,M00153,2025-06-14 15:04:16.454768,11,False,Tablet
W0014674,U00614,M00195,2025-12-27 15:04:16.454770,43,False,Mobile
W0014675,U00116,M00186,2026-01-15 15:04:16.454772,101,True,Tablet
W0014676,U00614,M00177,2026-02-24 15:04:16.454774,176,True,Laptop
W0014677,U00376,M00127,2025-07-22 15:04:16.454776,101,True,Laptop
W0014678,U00575,M00197,2025-10-25 15:04:16.454779,47,False,Laptop
W0014679,U00061,M00036,2025-09-21 15:04:16.454781,22,False,Laptop
W0014680,U00642,M00055,2025-11-07 15:04:16.454783,19,True,Mobile
W0014681,U00124,M00193,2025-09-28 15:04:16.454786,19,True,Mobile
W0014682,U00976,M00010,2026-02-21 15:04:16.454788,57,True,Laptop
W0014683,U00245,M00131,2025-12-24 15:04:16.454790,148,True,Laptop
W0014684,U00955,M00279,2026-02-27 15:04:16.454792,83,False,Mobile
W0014685,U00597,M00005,2026-04-24 15:04:16.454794,167,False,Tablet
W0014686,U00636,M00154,2025-07-15 15:04:16.454796,44,False,Tablet
W0014687,U00270,M00160,2025-12-25 15:04:16.454798,172,False,Mobile
W0014688,U00417,M00205,2025-08-20 15:04:16.454800,31,False,TV
W0014689,U00067,M00004,2025-11-01 15:04:16.454803,110,False,Mobile
W0014690,U00629,M00109,2025-08-03 15:04:16.454805,31,False,Laptop
W0014691,U00330,M00275,2025-07-25 15:04:16.454807,83,True,Mobile
W0014692,U00101,M00294,2026-02-15 15:04:16.454809,20,True,TV
W0014693,U00230,M00060,2025-12-07 15:04:16.454811,147,True,TV
W0014694,U00544,M00222,2026-01-31 15:04:16.454813,158,False,Mobile
W0014695,U00577,M00153,2025-07-30 15:04:16.454815,82,True,TV
W0014696,U00117,M00177,2025-06-05 15:04:16.454817,33,True,Mobile
W0014697,U00693,M00045,2025-06-06 15:04:16.454819,149,True,Tablet
W0014698,U00727,M00299,2026-01-20 15:04:16.454821,180,False,Mobile
W0014699,U00134,M00197,2025-06-11 15:04:16.454823,68,False,Mobile
W0014700,U00409,M00242,2025-08-12 15:04:16.454825,5,False,TV
W0014701,U00156,M00209,2026-01-23 15:04:16.454827,106,True,TV
W0014702,U00596,M00067,2026-03-14 15:04:16.454829,36,True,TV
W0014703,U00654,M00283,2026-01-02 15:04:16.454831,127,True,TV
W0014704,U00491,M00193,2026-01-13 15:04:16.454833,90,True,TV
W0014705,U00757,M00168,2026-02-17 15:04:16.454835,74,False,Tablet
W0014706,U00741,M00285,2026-05-01 15:04:16.454837,107,True,Laptop
W0014707,U00142,M00300,2026-01-23 15:04:16.454839,45,True,TV
W0014708,U00284,M00084,2025-08-17 15:04:16.454841,143,True,Tablet
W0014709,U00135,M00180,2025-06-14 15:04:16.454844,110,True,Mobile
W0014710,U00825,M00177,2025-07-10 15:04:16.454846,174,True,Laptop
W0014711,U00388,M00192,2025-07-14 15:04:16.454848,7,False,Laptop
W0014712,U00337,M00015,2025-10-22 15:04:16.454851,155,False,Tablet
W0014713,U00912,M00122,2025-08-24 15:04:16.454881,59,False,Tablet
W0014714,U00546,M00111,2026-03-14 15:04:16.454885,135,True,Mobile
W0014715,U00487,M00198,2026-02-16 15:04:16.454888,94,True,Laptop
W0014716,U00274,M00082,2025-08-15 15:04:16.454891,5,False,TV
W0014717,U00172,M00174,2026-02-25 15:04:16.454893,24,False,Tablet
W0014718,U00526,M00218,2025-11-20 15:04:16.454895,11,True,Tablet
W0014719,U00877,M00208,2025-06-28 15:04:16.454897,119,True,Mobile
W0014720,U00366,M00189,2025-07-13 15:04:16.454899,63,True,TV
W0014721,U00209,M00268,2025-09-06 15:04:16.454901,67,True,Tablet
W0014722,U00178,M00057,2025-10-12 15:04:16.454904,56,True,Tablet
W0014723,U00483,M00022,2025-07-21 15:04:16.454906,177,True,Laptop
W0014724,U00504,M00204,2026-01-26 15:04:16.454908,122,True,Tablet
W0014725,U00766,M00072,2025-12-09 15:04:16.454909,33,False,TV
W0014726,U00354,M00267,2025-05-27 15:04:16.454911,110,False,Laptop
W0014727,U00815,M00242,2026-02-12 15:04:16.454914,98,False,Tablet
W0014728,U00398,M00300,2026-02-16 15:04:16.454917,94,True,Tablet
W0014729,U00024,M00055,2025-07-22 15:04:16.454919,166,True,TV
W0014730,U00237,M00116,2025-09-29 15:04:16.454922,64,True,TV
W0014731,U00096,M00036,2025-11-13 15:04:16.454923,129,True,TV
W0014732,U00490,M00038,2025-09-02 15:04:16.454925,12,False,TV
W0014733,U00867,M00103,2026-02-14 15:04:16.454928,10,True,TV
W0014734,U00218,M00007,2025-11-25 15:04:16.454930,58,True,Mobile
W0014735,U01000,M00140,2025-10-07 15:04:16.454931,175,True,Mobile
W0014736,U00284,M00275,2026-01-31 15:04:16.454933,79,False,TV
W0014737,U00291,M00002,2025-11-27 15:04:16.454935,48,True,Laptop
W0014738,U00025,M00290,2025-08-23 15:04:16.454937,126,True,Tablet
W0014739,U00617,M00024,2025-12-08 15:04:16.454939,83,True,Tablet
W0014740,U00889,M00264,2026-02-12 15:04:16.454941,5,True,Mobile
W0014741,U00406,M00194,2025-12-07 15:04:16.454943,74,True,Laptop
W0014742,U00462,M00108,2026-05-03 15:04:16.454947,17,True,Tablet
W0014743,U00791,M00031,2026-05-04 15:04:16.454949,74,False,Laptop
W0014744,U00298,M00157,2025-05-18 15:04:16.454954,124,False,TV
W0014745,U00809,M00288,2025-09-30 15:04:16.454956,13,False,TV
W0014746,U00253,M00092,2025-06-12 15:04:16.454958,84,True,Tablet
W0014747,U00917,M00241,2025-05-09 15:04:16.454960,172,False,TV
W0014748,U00800,M00234,2025-05-11 15:04:16.454963,176,False,Mobile
W0014749,U00141,M00282,2025-06-08 15:04:16.454965,116,True,TV
W0014750,U00618,M00023,2025-12-10 15:04:16.454967,126,False,Mobile
W0014751,U00263,M00263,2026-02-11 15:04:16.454969,154,False,Tablet
W0014752,U00481,M00093,2026-01-13 15:04:16.454971,39,True,Tablet
W0014753,U00185,M00115,2026-02-14 15:04:16.454973,21,True,Tablet
W0014754,U00982,M00247,2025-09-22 15:04:16.454975,78,True,Mobile
W0014755,U00932,M00191,2026-03-01 15:04:16.454977,142,False,Mobile
W0014756,U00948,M00050,2026-01-21 15:04:16.454979,162,False,Mobile
W0014757,U00778,M00298,2025-05-16 15:04:16.454981,83,True,TV
W0014758,U00210,M00069,2025-09-18 15:04:16.454983,63,False,Mobile
W0014759,U00986,M00006,2026-03-26 15:04:16.454985,89,True,Tablet
W0014760,U00539,M00221,2025-08-12 15:04:16.454987,99,False,TV
W0014761,U00351,M00125,2025-11-28 15:04:16.454989,144,False,Laptop
W0014762,U00819,M00174,2025-09-21 15:04:16.454991,55,True,TV
W0014763,U00750,M00154,2025-09-30 15:04:16.454993,149,False,TV
W0014764,U00400,M00247,2026-03-16 15:04:16.454995,75,True,TV
W0014765,U00578,M00085,2025-08-29 15:04:16.454997,154,False,Laptop
W0014766,U00472,M00129,2025-08-20 15:04:16.454999,169,True,TV
W0014767,U00989,M00186,2025-07-21 15:04:16.455003,70,False,TV
W0014768,U00229,M00207,2026-04-08 15:04:16.455005,94,True,Laptop
W0014769,U00951,M00109,2025-10-15 15:04:16.455007,174,True,Laptop
W0014770,U00128,M00187,2025-12-17 15:04:16.455009,81,True,Laptop
W0014771,U00229,M00290,2026-03-29 15:04:16.455011,20,True,TV
W0014772,U00483,M00131,2026-03-26 15:04:16.455013,51,False,Tablet
W0014773,U00954,M00265,2025-08-24 15:04:16.455015,124,False,Mobile
W0014774,U00053,M00240,2025-12-07 15:04:16.455017,24,True,TV
W0014775,U00414,M00030,2025-09-08 15:04:16.455019,177,True,Laptop
W0014776,U00290,M00106,2025-12-07 15:04:16.455022,74,False,Tablet
W0014777,U00633,M00293,2026-01-03 15:04:16.455025,74,True,Tablet
W0014778,U00175,M00064,2026-04-28 15:04:16.455027,176,False,Tablet
W0014779,U00969,M00266,2025-08-23 15:04:16.455028,54,False,Mobile
W0014780,U00027,M00139,2025-07-27 15:04:16.455030,5,True,Laptop
W0014781,U00973,M00108,2026-01-07 15:04:16.455032,138,False,Tablet
W0014782,U00499,M00237,2025-08-11 15:04:16.455035,122,True,Tablet
W0014783,U00451,M00167,2026-04-16 15:04:16.455036,173,True,Mobile
W0014784,U00911,M00020,2026-01-29 15:04:16.455038,154,True,Tablet
W0014785,U00587,M00209,2025-11-24 15:04:16.455040,32,False,Laptop
W0014786,U00116,M00054,2026-05-07 15:04:16.455043,126,True,TV
W0014787,U00232,M00258,2025-07-29 15:04:16.455046,13,True,Mobile
W0014788,U00680,M00088,2025-10-05 15:04:16.455048,85,False,Laptop
W0014789,U00995,M00081,2025-07-18 15:04:16.455050,72,True,Laptop
W0014790,U00267,M00017,2025-08-05 15:04:16.455052,142,False,TV
W0014791,U00203,M00009,2025-06-17 15:04:16.455054,140,False,Mobile
W0014792,U00067,M00109,2025-09-15 15:04:16.455056,144,True,TV
W0014793,U00519,M00048,2026-04-28 15:04:16.455058,19,False,Tablet
W0014794,U00534,M00039,2026-02-15 15:04:16.455060,42,True,Tablet
W0014795,U00666,M00209,2026-03-06 15:04:16.455062,176,False,Laptop
W0014796,U00406,M00159,2025-10-05 15:04:16.455064,74,True,Tablet
W0014797,U00622,M00168,2025-09-03 15:04:16.455066,174,False,Tablet
W0014798,U00224,M00141,2026-03-10 15:04:16.455068,75,True,TV
W0014799,U00477,M00185,2025-08-22 15:04:16.455070,36,True,Laptop
W0014800,U00754,M00167,2025-10-02 15:04:16.455072,121,False,Tablet
W0014801,U00715,M00047,2026-03-20 15:04:16.455074,36,False,Tablet
W0014802,U00191,M00292,2025-07-29 15:04:16.455076,82,False,TV
W0014803,U00416,M00215,2026-03-02 15:04:16.455078,51,False,Mobile
W0014804,U00711,M00136,2025-11-14 15:04:16.455080,120,True,Mobile
W0014805,U00111,M00135,2026-01-02 15:04:16.455082,96,False,Tablet
W0014806,U00516,M00026,2026-05-01 15:04:16.455086,168,True,Mobile
W0014807,U00957,M00151,2026-03-02 15:04:16.455088,14,True,Mobile
W0014808,U00932,M00243,2025-09-05 15:04:16.455091,102,True,Tablet
W0014809,U00728,M00022,2025-09-29 15:04:16.455093,133,True,Tablet
W0014810,U00621,M00108,2026-03-29 15:04:16.455095,180,False,Tablet
W0014811,U00579,M00009,2026-03-07 15:04:16.455097,180,True,TV
W0014812,U00843,M00035,2025-10-01 15:04:16.455099,84,False,Tablet
W0014813,U00694,M00181,2026-01-10 15:04:16.455101,140,True,Tablet
W0014814,U00053,M00260,2026-03-25 15:04:16.455103,146,False,Tablet
W0014815,U00312,M00149,2025-07-02 15:04:16.455106,26,False,Tablet
W0014816,U00171,M00002,2025-05-15 15:04:16.455108,118,True,TV
W0014817,U00667,M00278,2025-08-16 15:04:16.455110,104,True,Mobile
W0014818,U00135,M00297,2025-08-22 15:04:16.455111,118,True,Laptop
W0014819,U00401,M00196,2025-07-16 15:04:16.455113,132,True,Tablet
W0014820,U00858,M00053,2026-01-11 15:04:16.455115,49,True,TV
W0014821,U00927,M00139,2026-03-24 15:04:16.455117,148,True,TV
W0014822,U00036,M00287,2026-01-11 15:04:16.455119,97,True,Laptop
W0014823,U00765,M00262,2025-11-03 15:04:16.455121,128,True,Tablet
W0014824,U00235,M00267,2025-08-03 15:04:16.455123,87,True,Mobile
W0014825,U00444,M00069,2025-11-09 15:04:16.455125,121,True,Laptop
W0014826,U00401,M00070,2025-07-18 15:04:16.455128,114,True,TV
W0014827,U00195,M00085,2026-04-17 15:04:16.455131,114,False,Tablet
W0014828,U00029,M00003,2025-08-09 15:04:16.455134,113,True,Tablet
W0014829,U00155,M00294,2025-12-17 15:04:16.455136,114,True,Mobile
W0014830,U00498,M00273,2026-02-07 15:04:16.455138,35,False,Laptop
W0014831,U00645,M00074,2025-11-23 15:04:16.455141,122,False,Tablet
W0014832,U00955,M00256,2026-02-07 15:04:16.455142,80,True,TV
W0014833,U00551,M00065,2025-10-28 15:04:16.455144,166,False,TV
W0014834,U00597,M00236,2025-06-01 15:04:16.455146,147,True,Tablet
W0014835,U00034,M00282,2025-11-28 15:04:16.455148,69,False,Laptop
W0014836,U00990,M00132,2026-02-08 15:04:16.455150,147,False,Mobile
W0014837,U00796,M00155,2025-08-27 15:04:16.455152,61,True,TV
W0014838,U00123,M00281,2025-06-28 15:04:16.455154,179,False,TV
W0014839,U00092,M00009,2025-06-28 15:04:16.455156,36,False,Mobile
W0014840,U00886,M00026,2025-11-22 15:04:16.455160,139,True,Laptop
W0014841,U00171,M00015,2025-10-24 15:04:16.455162,60,False,Mobile
W0014842,U00344,M00262,2025-10-26 15:04:16.455164,174,True,Mobile
W0014843,U00746,M00252,2025-07-19 15:04:16.455166,31,True,Mobile
W0014844,U00516,M00293,2026-02-01 15:04:16.455168,88,False,TV
W0014845,U00966,M00144,2025-08-06 15:04:16.455171,153,False,Laptop
W0014846,U00915,M00264,2026-03-08 15:04:16.455174,16,False,Mobile
W0014847,U00637,M00118,2025-09-21 15:04:16.455176,41,False,Mobile
W0014848,U00876,M00117,2025-08-18 15:04:16.455178,111,True,TV
W0014849,U00841,M00033,2025-12-19 15:04:16.455179,58,False,Laptop
W0014850,U00943,M00278,2025-08-11 15:04:16.455181,117,True,Tablet
W0014851,U00078,M00269,2025-06-21 15:04:16.455184,34,True,Tablet
W0014852,U00997,M00087,2025-11-10 15:04:16.455186,44,False,Laptop
W0014853,U00132,M00045,2025-07-04 15:04:16.455188,45,False,Mobile
W0014854,U00566,M00111,2026-01-12 15:04:16.455190,86,True,Mobile
W0014855,U00816,M00234,2025-05-25 15:04:16.455192,177,False,Mobile
W0014856,U00794,M00108,2025-11-23 15:04:16.455194,114,False,Mobile
W0014857,U00227,M00280,2025-06-24 15:04:16.455195,83,False,Mobile
W0014858,U00381,M00014,2025-07-03 15:04:16.455197,36,False,Laptop
W0014859,U00165,M00283,2025-10-10 15:04:16.455199,173,True,TV
W0014860,U00593,M00229,2025-12-27 15:04:16.455201,53,False,TV
W0014861,U00367,M00187,2025-12-28 15:04:16.455203,67,False,Mobile
W0014862,U00712,M00021,2025-08-12 15:04:16.455205,161,True,TV
W0014863,U00878,M00040,2025-10-15 15:04:16.455207,9,True,Mobile
W0014864,U00461,M00032,2026-04-23 15:04:16.455209,88,True,TV
W0014865,U00221,M00075,2026-02-05 15:04:16.455232,43,True,TV
W0014866,U00782,M00284,2026-02-08 15:04:16.455234,142,False,Laptop
W0014867,U00773,M00067,2025-05-25 15:04:16.455237,127,True,Laptop
W0014868,U00558,M00131,2025-07-30 15:04:16.455239,155,True,TV
W0014869,U00623,M00123,2025-11-15 15:04:16.455241,73,False,Mobile
W0014870,U00062,M00054,2025-12-18 15:04:16.455243,74,True,Mobile
W0014871,U00499,M00023,2026-04-04 15:04:16.455245,29,True,Tablet
W0014872,U00755,M00100,2026-03-16 15:04:16.455248,15,False,Laptop
W0014873,U00250,M00109,2025-09-28 15:04:16.455250,53,True,Mobile
W0014874,U00281,M00129,2025-06-19 15:04:16.455252,44,True,TV
W0014875,U00496,M00127,2026-04-29 15:04:16.455254,106,True,Mobile
W0014876,U00762,M00041,2025-11-08 15:04:16.455256,68,True,Mobile
W0014877,U00842,M00297,2025-10-15 15:04:16.455258,12,False,Laptop
W0014878,U00165,M00142,2026-03-29 15:04:16.455261,28,False,Mobile
W0014879,U00365,M00095,2025-07-26 15:04:16.455262,8,False,Mobile
W0014880,U00043,M00254,2026-02-22 15:04:16.455265,67,False,TV
W0014881,U00039,M00190,2026-03-11 15:04:16.455266,129,False,Tablet
W0014882,U00145,M00270,2025-07-04 15:04:16.455268,158,False,Mobile
W0014883,U00078,M00246,2026-04-23 15:04:16.455270,72,True,TV
W0014884,U00449,M00185,2025-12-29 15:04:16.455302,93,True,Tablet
W0014885,U00206,M00165,2026-02-13 15:04:16.455309,107,True,Mobile
W0014886,U00668,M00278,2026-02-25 15:04:16.455312,158,True,Mobile
W0014887,U00154,M00072,2025-10-12 15:04:16.455315,67,True,TV
W0014888,U00476,M00083,2026-03-01 15:04:16.455317,65,True,Tablet
W0014889,U00588,M00137,2025-06-15 15:04:16.455319,103,False,Mobile
W0014890,U00064,M00275,2025-10-24 15:04:16.455322,177,True,Laptop
W0014891,U00606,M00100,2026-02-28 15:04:16.455324,57,False,Tablet
W0014892,U00218,M00203,2025-06-26 15:04:16.455326,72,False,Tablet
W0014893,U00840,M00001,2026-03-01 15:04:16.455328,158,True,TV
W0014894,U00492,M00110,2025-06-08 15:04:16.455330,26,False,Mobile
W0014895,U00999,M00120,2026-04-26 15:04:16.455332,16,True,TV
W0014896,U00473,M00206,2025-06-10 15:04:16.455334,162,True,Tablet
W0014897,U00491,M00091,2025-08-12 15:04:16.455337,19,False,Mobile
W0014898,U00201,M00261,2026-04-01 15:04:16.455339,52,False,TV
W0014899,U00890,M00100,2025-11-17 15:04:16.455341,53,False,Mobile
W0014900,U00789,M00204,2026-05-02 15:04:16.455343,143,False,Mobile
W0014901,U00731,M00280,2025-10-10 15:04:16.455345,84,True,Laptop
W0014902,U00716,M00126,2025-07-06 15:04:16.455347,88,True,TV
W0014903,U00689,M00224,2026-01-27 15:04:16.455349,53,True,Laptop
W0014904,U00058,M00204,2025-08-26 15:04:16.455355,104,False,Tablet
W0014905,U00151,M00111,2025-06-19 15:04:16.455358,29,True,TV
W0014906,U00167,M00182,2025-05-21 15:04:16.455360,32,False,Mobile
W0014907,U00222,M00157,2025-12-12 15:04:16.455362,70,False,Tablet
W0014908,U00597,M00103,2025-08-30 15:04:16.455364,179,False,Mobile
W0014909,U00602,M00044,2026-03-18 15:04:16.455366,120,True,Mobile
W0014910,U00666,M00294,2025-10-07 15:04:16.455368,113,False,TV
W0014911,U00043,M00176,2026-04-07 15:04:16.455370,150,False,TV
W0014912,U00989,M00286,2025-06-24 15:04:16.455373,125,True,TV
W0014913,U00116,M00169,2025-12-21 15:04:16.455376,128,True,Mobile
W0014914,U00972,M00225,2025-12-31 15:04:16.455378,67,True,Laptop
W0014915,U00527,M00198,2025-09-01 15:04:16.455380,151,True,Laptop
W0014916,U00700,M00134,2026-02-03 15:04:16.455382,175,False,TV
W0014917,U00763,M00180,2025-05-22 15:04:16.455384,159,True,Mobile
W0014918,U00387,M00082,2025-06-06 15:04:16.455386,158,False,Laptop
W0014919,U00085,M00174,2025-12-05 15:04:16.455388,106,True,Tablet
W0014920,U00143,M00033,2025-10-31 15:04:16.455390,67,True,TV
W0014921,U00029,M00001,2026-01-23 15:04:16.455393,141,True,Laptop
W0014922,U00765,M00278,2026-04-02 15:04:16.455394,78,True,TV
W0014923,U00014,M00118,2026-03-01 15:04:16.455398,96,False,Laptop
W0014924,U00863,M00202,2026-02-17 15:04:16.455444,13,False,Mobile
W0014925,U00181,M00067,2026-03-20 15:04:16.455464,77,False,Mobile
W0014926,U00336,M00125,2025-10-21 15:04:16.455468,92,True,Tablet
W0014927,U00677,M00212,2026-02-12 15:04:16.455471,6,True,Tablet
W0014928,U00122,M00075,2025-06-15 15:04:16.455475,168,True,Mobile
W0014929,U00297,M00095,2025-08-29 15:04:16.455478,172,True,Mobile
W0014930,U00207,M00181,2025-07-03 15:04:16.455481,155,True,Tablet
W0014931,U00688,M00230,2026-02-24 15:04:16.455485,37,False,TV
W0014932,U00391,M00163,2025-10-29 15:04:16.455488,157,True,Mobile
W0014933,U00805,M00269,2025-11-14 15:04:16.455491,18,True,Tablet
W0014934,U00249,M00160,2025-07-16 15:04:16.455494,172,False,TV
W0014935,U00717,M00027,2025-10-12 15:04:16.455497,8,False,Mobile
W0014936,U00223,M00185,2025-07-01 15:04:16.455517,144,True,Mobile
W0014937,U00451,M00134,2026-04-05 15:04:16.455520,45,False,Tablet
W0014938,U00527,M00183,2025-05-18 15:04:16.455523,51,False,Mobile
W0014939,U00122,M00144,2025-10-03 15:04:16.455526,77,True,Tablet
W0014940,U00043,M00256,2025-08-16 15:04:16.455530,81,True,Laptop
W0014941,U00048,M00250,2025-11-25 15:04:16.455534,61,False,Laptop
W0014942,U00021,M00141,2026-02-19 15:04:16.455537,69,False,TV
W0014943,U00990,M00178,2026-05-02 15:04:16.455542,157,True,Tablet
W0014944,U00939,M00163,2025-07-03 15:04:16.455545,15,False,Laptop
W0014945,U00912,M00234,2026-01-03 15:04:16.455548,115,False,Tablet
W0014946,U00318,M00046,2025-10-13 15:04:16.455551,154,False,Laptop
W0014947,U00789,M00179,2025-09-01 15:04:16.455554,39,False,Tablet
W0014948,U00515,M00281,2026-04-17 15:04:16.455557,15,True,Laptop
W0014949,U00288,M00228,2026-01-07 15:04:16.455560,164,False,Mobile
W0014950,U00809,M00023,2026-03-21 15:04:16.455563,101,True,Tablet
W0014951,U00206,M00249,2025-05-28 15:04:16.455566,160,False,TV
W0014952,U00054,M00291,2025-11-29 15:04:16.455570,125,False,TV
W0014953,U00436,M00032,2025-10-21 15:04:16.455573,46,True,Laptop
W0014954,U00918,M00035,2025-10-02 15:04:16.455575,144,True,Tablet
W0014955,U00263,M00027,2026-05-01 15:04:16.455578,17,True,Laptop
W0014956,U00492,M00163,2025-10-03 15:04:16.455582,122,True,Mobile
W0014957,U00612,M00183,2025-06-24 15:04:16.455585,24,False,Mobile
W0014958,U00398,M00168,2025-10-18 15:04:16.455588,97,False,Laptop
W0014959,U00733,M00240,2026-01-23 15:04:16.455591,10,True,Tablet
W0014960,U00340,M00121,2026-01-03 15:04:16.455594,88,True,Laptop
W0014961,U00036,M00231,2025-07-01 15:04:16.455598,161,False,Tablet
W0014962,U00388,M00047,2025-06-09 15:04:16.455768,26,False,Tablet
W0014963,U00192,M00035,2026-04-23 15:04:16.455779,84,True,Laptop
W0014964,U00711,M00238,2026-02-22 15:04:16.455784,123,False,Laptop
W0014965,U00082,M00035,2025-07-17 15:04:16.455788,129,True,Laptop
W0014966,U00374,M00140,2026-01-27 15:04:16.455791,114,True,Tablet
W0014967,U00954,M00002,2025-12-10 15:04:16.455795,73,True,TV
W0014968,U00316,M00287,2025-07-24 15:04:16.455801,165,False,Mobile
W0014969,U00204,M00196,2025-10-14 15:04:16.455804,89,False,Laptop
W0014970,U00223,M00092,2025-05-13 15:04:16.455808,154,True,Mobile
W0014971,U00594,M00228,2025-12-06 15:04:16.455811,174,False,Mobile
W0014972,U00538,M00223,2026-04-01 15:04:16.455815,77,True,Mobile
W0014973,U00680,M00156,2025-09-16 15:04:16.455818,52,True,Laptop
W0014974,U00359,M00100,2026-02-08 15:04:16.455821,43,True,Laptop
W0014975,U00358,M00052,2025-10-25 15:04:16.455824,127,False,Mobile
W0014976,U00131,M00258,2025-09-29 15:04:16.455828,12,False,Laptop
W0014977,U00827,M00127,2025-08-14 15:04:16.455831,64,True,Tablet
W0014978,U00902,M00140,2025-08-30 15:04:16.455834,126,True,TV
W0014979,U00482,M00029,2026-04-15 15:04:16.455837,168,True,Laptop
W0014980,U00067,M00248,2025-06-20 15:04:16.455840,157,True,Tablet
W0014981,U00658,M00203,2025-07-06 15:04:16.455843,14,True,TV
W0014982,U00984,M00167,2025-07-02 15:04:16.455848,32,True,Mobile
W0014983,U00055,M00053,2026-01-24 15:04:16.455852,33,False,Tablet
W0014984,U00220,M00113,2025-10-17 15:04:16.455855,48,True,Mobile
W0014985,U00596,M00277,2026-02-03 15:04:16.455858,141,False,Mobile
W0014986,U00319,M00196,2026-02-10 15:04:16.455861,35,False,Mobile
W0014987,U00516,M00192,2026-02-20 15:04:16.455864,91,True,Tablet
W0014988,U00877,M00021,2025-06-24 15:04:16.455867,162,False,Mobile
W0014989,U00436,M00253,2026-01-07 15:04:16.455870,75,False,Tablet
W0014990,U00815,M00035,2026-03-18 15:04:16.455873,68,False,Tablet
W0014991,U00469,M00046,2026-01-25 15:04:16.455876,123,False,Tablet
W0014992,U00963,M00257,2025-12-03 15:04:16.455878,122,False,TV
W0014993,U00236,M00050,2025-11-01 15:04:16.455881,88,False,Mobile
W0014994,U00578,M00068,2025-07-13 15:04:16.455884,178,False,Mobile
W0014995,U00516,M00086,2026-05-02 15:04:16.455888,140,True,Tablet
W0014996,U00998,M00108,2025-11-30 15:04:16.455890,128,False,Tablet
W0014997,U00027,M00030,2026-03-25 15:04:16.455895,54,False,Laptop
W0014998,U00097,M00004,2025-08-20 15:04:16.455898,105,True,Mobile
W0014999,U00723,M00130,2025-07-03 15:04:16.455903,165,False,Laptop
W0015000,U00111,M00219,2025-09-27 15:04:16.455907,9,False,Mobile
